node_id,betweenness,pagerank,network_community_id,semantic_cluster_id,top_keywords,neighbor_consistency
Steinbeck,0.0,8.254866599398554e-05,12,7,"ordo, retinue, xenos, malleus, inquisition",0.6427453756332397
Fulke,0.00022783083219645296,9.65330413920588e-05,5,5,"tanith, regiment, trooper, colonel, commissar",0.6987999081611633
Theron (Ultramarines),1.3642564802182811e-06,0.00012512775159023945,38,13,"ultramarines, calth, bearers, macragge, sergeant",0.7045335173606873
Ercuros Tor,2.0463847203274215e-06,0.00031394881264776514,0,18,"warband, legion, scythes, tearers, sorcerer",0.6219625473022461
Udo Asterus,0.0,0.00015038917923184214,33,22,"terra, lords, ecclesiarchy, admiral, indomitus",0.7511343359947205
Siefer Zeed,0.00010821260746226642,8.254866599398554e-05,10,20,"deathwatch, team, watch, sergeant, xenos",0.4935718774795532
Baru,0.0,4.8812633334746964e-05,5,5,"tanith, regiment, trooper, colonel, commissar",0.6322121620178223
Saul Invictus,0.0,0.00012208398599314945,9,13,"ultramarines, calth, bearers, macragge, sergeant",
Chauld,0.0,8.729894769735164e-05,21,15,"angels, legion, caliban, chaplain, sergeant",0.4852571487426758
Nokad,0.0,4.8812633334746964e-05,5,18,"warband, legion, scythes, tearers, sorcerer",0.39625298976898193
Aerim Lur,0.0,0.00010958174638565826,1,12,"cadian, regiment, general, legion, cadia",0.7646356225013733
Pridor Vrakon,4.1055162815053675e-05,0.00019061209644777587,38,25,"templars, marshal, armageddon, orks, dreadnought",0.5679984092712402
Thoros,9.821691504761318e-05,9.437009902158164e-05,21,15,"angels, legion, caliban, chaplain, sergeant",0.445890873670578
Ouon Hommed,0.0,7.909254973230028e-05,38,13,"ultramarines, calth, bearers, macragge, sergeant",0.5772800445556641
Asdrubael Vect,0.014626999111395547,0.0014293471248103705,49,21,"eldar, craftworld, iyanden, ynnari, commorragh",0.4653588533401489
Munstis,0.0,0.00014583942758898571,38,11,"farsight, house, trader, rogue, knights",0.5475816130638123
Adina Sabine,0.0,0.00021717612728190184,35,14,"necromunda, dynasty, house, necron, bounty",
Blades (Necromunda),0.0,0.000141596554719493,35,1,"sisters, sororitas, canoness, sister, adepta",0.5646577477455139
Burias Drak'Shal,0.0011398362892223739,0.00021298223960398405,38,12,"cadian, regiment, general, legion, cadia",0.5295994877815247
Furion,0.0,8.927662229022653e-05,7,18,"warband, legion, scythes, tearers, sorcerer",0.4202568531036377
Periclitor,0.00022783083219645296,0.0017073695111838557,5,18,"warband, legion, scythes, tearers, sorcerer",0.5013792514801025
Nefertari,0.0,0.00019573410941160974,45,26,"tzeentch, nurgle, khorne, slaanesh, angels",0.44940024614334106
Maximillian Weisemann,0.0,0.00021207452963731196,41,12,"cadian, regiment, general, legion, cadia",
Shamha Ygra-Thrysh,0.0,0.000141596554719493,45,26,"tzeentch, nurgle, khorne, slaanesh, angels",0.5616501569747925
Fulgrim,0.011834952267397255,0.010915446879475675,1,8,"legion, primarch, terra, m30, angels",0.5443963408470154
Azrael,0.0051222185716296,0.0021338018964281377,7,8,"legion, primarch, terra, m30, angels",0.4998796582221985
El'hassai,0.0,0.00012562168015242312,16,22,"terra, lords, ecclesiarchy, admiral, indomitus",0.44802048802375793
Plebas Alessandro Rorken,0.0,0.00010338540100562823,25,7,"ordo, retinue, xenos, malleus, inquisition",0.6524909734725952
Solana (Historitor),0.0006470866476032596,0.00025725338590317697,38,3,"mechanicum, mars, mechanicus, fabricator, tech",0.5968080759048462
Goghal Khan,0.0,0.0001980693213529985,23,28,"scars, white, legion, brotherhood, garmon",0.6987149119377136
Leyr,1.9061202553699144e-05,9.333962237622417e-05,5,5,"tanith, regiment, trooper, colonel, commissar",0.6913328170776367
Drusus,0.0,4.8812633334746964e-05,38,24,"legion, regiment, general, colonel, worlds",0.5625107288360596
Maluan,0.0,7.909254973230028e-05,40,10,"fists, legion, terra, fist, phalanx",0.595450222492218
Storn (Intercessor),0.0,0.0001155623797802908,0,10,"fists, legion, terra, fist, phalanx",
Zhufor,0.00011371835682886161,0.00010320406505312255,7,9,"legion, eaters, warband, khorne, dreadnought",0.45338237285614014
Kyrix,0.0,4.8812633334746964e-05,23,28,"scars, white, legion, brotherhood, garmon",0.7186498641967773
Fidus Kryptman,0.0,7.806667547808228e-05,9,7,"ordo, retinue, xenos, malleus, inquisition",0.4853881597518921
Hexas,0.0,4.8812633334746964e-05,45,10,"fists, legion, terra, fist, phalanx",0.6293168067932129
Ghelf,0.0,0.00047769571591518454,7,3,"mechanicum, mars, mechanicus, fabricator, tech",0.3708863854408264
Gregor Vandis,0.0,0.00011024025989851595,26,17,"ravens, eldar, seed, tau, legion",0.5164661407470703
Anubitar,0.0,8.491117128625524e-05,32,14,"necromunda, dynasty, house, necron, bounty",0.6785686016082764
Kalypsia,0.0,0.00016303590169677574,41,7,"ordo, retinue, xenos, malleus, inquisition",0.5450551509857178
Kasperos Telmar,0.00014561379080362666,0.00010590581669635861,1,18,"warband, legion, scythes, tearers, sorcerer",0.540913462638855
Commodius,0.0,0.0003709273855834007,27,20,"deathwatch, team, watch, sergeant, xenos",0.46662208437919617
Caernavar,0.0,7.993778716025857e-05,5,24,"legion, regiment, general, colonel, worlds",
Valius Thesian,0.0,0.0011519997613091647,46,13,"ultramarines, calth, bearers, macragge, sergeant",0.9469553232192993
Raum Grumman,6.573235768324444e-06,0.0002146744450634805,25,7,"ordo, retinue, xenos, malleus, inquisition",0.63507080078125
Rendix,4.798892141471341e-06,0.00015832897247465124,19,0,"legion, council, massacre, 220px, isstvan",0.609791100025177
Gabriel Angelos,0.011336404739569348,0.002350667547502684,26,17,"ravens, eldar, seed, tau, legion",0.5389834046363831
Guol,0.0,4.8812633334746964e-05,21,11,"farsight, house, trader, rogue, knights",0.33356207609176636
Brith,0.0,8.472056818315492e-05,5,5,"tanith, regiment, trooper, colonel, commissar",0.7933556437492371
Krynix,0.0,4.8812633334746964e-05,38,18,"warband, legion, scythes, tearers, sorcerer",0.49434560537338257
Pashtoq Uluvent,1.1368804001819009e-06,0.0001581492074273623,9,9,"legion, eaters, warband, khorne, dreadnought",0.561857283115387
Spear (Assassin),1.4795324281719262e-06,0.0002753471589495168,45,19,"custodes, terra, companions, shield, vengeful",0.30988386273384094
Aradryan,0.0,0.0001331054172827123,49,21,"eldar, craftworld, iyanden, ynnari, commorragh",0.6826643943786621
Belisarius Cawl,0.013452111988382594,0.005743659708258181,38,3,"mechanicum, mars, mechanicus, fabricator, tech",0.47428199648857117
Zoren,0.0,9.81644617943501e-05,5,24,"legion, regiment, general, colonel, worlds",
Brodd,0.0,8.491117128625524e-05,5,5,"tanith, regiment, trooper, colonel, commissar",0.7298088073730469
Rothwyr Morvans,0.002240888550470801,0.0005275143876706739,7,27,"knights, grey, brotherhood, armageddon, primarch",0.45906880497932434
Varus Castamon,4.092769440654843e-06,0.0005138286500284609,12,13,"ultramarines, calth, bearers, macragge, sergeant",0.8185830116271973
Hwygir,0.0,8.829457148949358e-05,3,20,"deathwatch, team, watch, sergeant, xenos",0.72674560546875
Iron Magus,0.0,0.0002097974039783167,38,18,"warband, legion, scythes, tearers, sorcerer",0.4241303503513336
Urian Vendraig,0.0,0.00010911045001897253,45,9,"legion, eaters, warband, khorne, dreadnought",0.6610182523727417
Castrmen Orth,0.0,4.8812633334746964e-05,1,0,"legion, council, massacre, 220px, isstvan",0.34788626432418823
Baldo Slyst,0.0002405032984296286,0.00014124248796438084,17,22,"terra, lords, ecclesiarchy, admiral, indomitus",0.6078729033470154
Nidon,0.0,4.8812633334746964e-05,27,13,"ultramarines, calth, bearers, macragge, sergeant",0.6569581031799316
Tomas Holenbi,0.0,4.8812633334746964e-05,16,12,"cadian, regiment, general, legion, cadia",0.4626263976097107
Sirras (Captain),0.0,9.203702309209574e-05,38,13,"ultramarines, calth, bearers, macragge, sergeant",0.7473578453063965
Pedro Kantor,0.0,0.00016916838405598304,47,8,"legion, primarch, terra, m30, angels",0.4333828091621399
Dimav,0.0,0.00012037020233346053,37,23,"thousand, wolves, legion, prospero, sorcerer",0.6190258264541626
Ghordane,0.0,0.00011817495276979071,40,6,"wolves, fenris, pack, priest, prospero",0.6207473874092102
Jonah Orion,0.0,8.27299352838382e-05,26,17,"ravens, eldar, seed, tau, legion",0.677476167678833
Desmadara Terryn,0.0,0.00010911045001897253,10,26,"tzeentch, nurgle, khorne, slaanesh, angels",0.7388281226158142
Steel Vigilance,0.0,8.491117128625524e-05,17,27,"knights, grey, brotherhood, armageddon, primarch",0.8402228355407715
Sindal,0.0,0.000101922109373304,6,1,"sisters, sororitas, canoness, sister, adepta",0.39523762464523315
Setekh (Giant Necron),1.7053206002728515e-06,0.00023240097262946255,35,7,"ordo, retinue, xenos, malleus, inquisition",0.4802921712398529
Gabriel (Dark Angels),0.0004966318424013989,0.00033019481690159305,7,27,"knights, grey, brotherhood, armageddon, primarch",0.5014947652816772
Remus Ventanus,0.006542490375924127,0.0008454704026494924,38,13,"ultramarines, calth, bearers, macragge, sergeant",0.6360931396484375
Grennon,0.0,8.131697759221283e-05,42,20,"deathwatch, team, watch, sergeant, xenos",0.8817602396011353
Gothburg,0.0,0.00010911045001897253,37,7,"ordo, retinue, xenos, malleus, inquisition",0.7472578883171082
Nyco Helmawr,0.0,0.00033933664391157416,35,14,"necromunda, dynasty, house, necron, bounty",0.9211130142211914
Orm Hendriksen,0.0,0.00015852166954219156,40,7,"ordo, retinue, xenos, malleus, inquisition",0.49835026264190674
Axan,0.0,0.00011428757775036549,21,15,"angels, legion, caliban, chaplain, sergeant",0.36875754594802856
Gallion,0.0,8.381125076630362e-05,21,15,"angels, legion, caliban, chaplain, sergeant",0.7217957973480225
Kaorelle,0.0,0.00030246091110843956,40,21,"eldar, craftworld, iyanden, ynnari, commorragh",0.767345666885376
Goreth,0.0,0.00017964026363056492,42,9,"legion, eaters, warband, khorne, dreadnought",0.7972576022148132
Fols,0.0,6.180347250280838e-05,5,5,"tanith, regiment, trooper, colonel, commissar",0.6675294041633606
Nihilan,6.139154160982265e-06,0.0006960954637391316,22,2,"salamanders, legion, primarch, chaplain, massacre",0.5225151181221008
Kyros,0.0,0.00010105663437185578,38,13,"ultramarines, calth, bearers, macragge, sergeant",0.7509085536003113
Procellus,0.0,4.8812633334746964e-05,21,15,"angels, legion, caliban, chaplain, sergeant",0.5673301219940186
Jharran Deygen,0.0,8.883538025816298e-05,1,9,"legion, eaters, warband, khorne, dreadnought",0.4889955222606659
Lyandro Karras,0.0,8.254866599398554e-05,10,21,"eldar, craftworld, iyanden, ynnari, commorragh",0.7519721984863281
Nemeroth,0.0,0.00043835772705114314,9,20,"deathwatch, team, watch, sergeant, xenos",
Golesh Constantine Pheppos Heldane,0.0,4.8812633334746964e-05,25,7,"ordo, retinue, xenos, malleus, inquisition",0.4824618995189667
Shang,5.5576924153174543e-05,0.00023413908143360212,37,8,"legion, primarch, terra, m30, angels",0.5948754549026489
Varrus Hekatos,0.0,8.491117128625524e-05,45,18,"warband, legion, scythes, tearers, sorcerer",0.5997655391693115
Sholer,0.0,6.264603503497435e-05,16,0,"legion, council, massacre, 220px, isstvan",0.3217732310295105
Y'hol,0.0,0.00010897686325392742,27,9,"legion, eaters, warband, khorne, dreadnought",0.6583609580993652
Ramius Stele,0.002921974042731611,0.0002529276069105662,21,26,"tzeentch, nurgle, khorne, slaanesh, angels",0.5062705874443054
Casan Sabius,0.0,0.00024085164130071608,7,13,"ultramarines, calth, bearers, macragge, sergeant",0.7415417432785034
Dahka Berus,0.0,9.102186079206842e-05,21,15,"angels, legion, caliban, chaplain, sergeant",0.41510823369026184
Medea Betancore,4.388358344702138e-06,0.0002694279360412415,25,7,"ordo, retinue, xenos, malleus, inquisition",0.5558680891990662
Ishidur Ossuros,0.0,4.8812633334746964e-05,21,15,"angels, legion, caliban, chaplain, sergeant",0.2864251434803009
Adrian Iden,0.0,4.8812633334746964e-05,9,12,"cadian, regiment, general, legion, cadia",0.4957458972930908
Juball,0.0,9.294013155649052e-05,23,20,"deathwatch, team, watch, sergeant, xenos",0.4936339557170868
Mari Magot,0.0,4.8812633334746964e-05,16,12,"cadian, regiment, general, legion, cadia",0.5961992144584656
Sheed Ranko,0.0,9.135958130220582e-05,45,16,"primarch, legion, angels, terra, caliban",0.31509196758270264
Gorgoleon,0.0,4.8812633334746964e-05,20,29,"drinkers, soul, fort, star, archmagos",0.5821442604064941
Isador Akios,0.0,0.0007928393245472654,26,17,"ravens, eldar, seed, tau, legion",0.605627715587616
Naiao Servia,0.0,0.00030961164419485696,17,22,"terra, lords, ecclesiarchy, admiral, indomitus",0.7426831722259521
Ogvai Ogvai Helmschrot,0.00022783083219645296,0.00029241217507749897,40,6,"wolves, fenris, pack, priest, prospero",0.5472747683525085
Longinus,0.0,4.8812633334746964e-05,38,19,"custodes, terra, companions, shield, vengeful",0.5335260629653931
Valiel,0.0,0.00012413739366585178,40,21,"eldar, craftworld, iyanden, ynnari, commorragh",0.7756999731063843
Slyte,0.0,0.0003266821019847724,25,26,"tzeentch, nurgle, khorne, slaanesh, angels",0.4492662847042084
Lyreo,0.0,7.862799451890536e-05,9,12,"cadian, regiment, general, legion, cadia",0.5837780237197876
Anaziel,0.0001398227397652903,0.00013903786696396872,37,15,"angels, legion, caliban, chaplain, sergeant",0.5773884057998657
Singis,0.0,0.00016647132495461233,5,24,"legion, regiment, general, colonel, worlds",0.7079527378082275
Lunst Cataboldine,0.0,0.00034688863037030506,36,22,"terra, lords, ecclesiarchy, admiral, indomitus",0.6601811647415161
Galatan,0.0,0.00019923389952538684,42,18,"warband, legion, scythes, tearers, sorcerer",
Dontoriel,0.0,0.00010557947149917842,21,15,"angels, legion, caliban, chaplain, sergeant",0.4036441743373871
Modile,0.0,0.00010231660122354899,5,4,"vervunhive, tanith, regiment, commissar, colonel",0.642297089099884
Haeton Fahl,0.0,0.00016382725806364444,23,16,"primarch, legion, angels, terra, caliban",0.9086856245994568
Lokar,0.0,4.8812633334746964e-05,42,20,"deathwatch, team, watch, sergeant, xenos",0.8546565175056458
Mina,0.00022783083219645296,0.00035690884198514926,33,1,"sisters, sororitas, canoness, sister, adepta",0.6028659343719482
Macaroth,0.0013581955297389506,0.003853132101939073,5,9,"legion, eaters, warband, khorne, dreadnought",0.6047489643096924
Gharn,0.0,0.000124482836456763,10,28,"scars, white, legion, brotherhood, garmon",0.8255434632301331
Skatar'var,0.0,7.122810319502e-05,22,2,"salamanders, legion, primarch, chaplain, massacre",0.7976418733596802
Ibelin Kumo,0.0,6.704477185433197e-05,45,16,"primarch, legion, angels, terra, caliban",0.6342150568962097
Camba Diaz,9.592776838583753e-06,8.204036255811162e-05,45,10,"fists, legion, terra, fist, phalanx",0.5503179430961609
Shi'Ores,0.0,0.0001836080292942819,27,17,"ravens, eldar, seed, tau, legion",0.6552377939224243
The Remnant,6.347994295678025e-05,0.00019508511451349591,23,0,"legion, council, massacre, 220px, isstvan",0.4754236936569214
Bolaraphon,1.3642564802182812e-05,0.00020298021490404143,38,18,"warband, legion, scythes, tearers, sorcerer",0.5185006856918335
Lowe,0.0,4.8812633334746964e-05,41,12,"cadian, regiment, general, legion, cadia",0.8808068633079529
Jeren Dyre,0.0,8.469160337267715e-05,38,7,"ordo, retinue, xenos, malleus, inquisition",0.659062385559082
Gergerra Rei,0.0,0.0001681939376994254,45,3,"mechanicum, mars, mechanicus, fabricator, tech",0.7195383310317993
Fabius Bile,0.01573686921230039,0.005554183863929951,1,8,"legion, primarch, terra, m30, angels",0.44774165749549866
Cocoer,4.5475216007276036e-07,7.558843912775894e-05,5,5,"tanith, regiment, trooper, colonel, commissar",0.7226879000663757
Aveliza Drachmar,0.0,4.8812633334746964e-05,17,19,"custodes, terra, companions, shield, vengeful",0.5854706168174744
Haldor Icepelt,0.0001559491884217339,0.00012542520264233198,40,6,"wolves, fenris, pack, priest, prospero",0.6528208255767822
Sehalla,0.0,0.00045222552982301874,38,24,"legion, regiment, general, colonel, worlds",0.5616949796676636
Aloceri,0.0,4.8812633334746964e-05,37,17,"ravens, eldar, seed, tau, legion",0.46249544620513916
Chayker,0.0,0.00012927958382035593,5,5,"tanith, regiment, trooper, colonel, commissar",0.6698727607727051
Irik Stianolf,0.0,5.806098816946955e-05,40,6,"wolves, fenris, pack, priest, prospero",0.4880334138870239
Maethox,0.0,0.00021687798937852933,17,10,"fists, legion, terra, fist, phalanx",0.8274135589599609
Skarbrand,0.0045897429683054575,0.0010100372084082378,38,26,"tzeentch, nurgle, khorne, slaanesh, angels",0.4277092218399048
Abasi Amun,0.0,0.00012557771952125267,21,18,"warband, legion, scythes, tearers, sorcerer",0.5437018871307373
Dhalgar Thraex,0.0,0.00011753261401436332,49,21,"eldar, craftworld, iyanden, ynnari, commorragh",0.729132890701294
Keel,0.0,0.00037371760757036937,23,22,"terra, lords, ecclesiarchy, admiral, indomitus",0.8069075345993042
Oan Mkoll,0.027659394270224628,0.0008825671145578605,5,5,"tanith, regiment, trooper, colonel, commissar",0.4883047044277191
Natalina Domoska,0.0,4.8812633334746964e-05,6,13,"ultramarines, calth, bearers, macragge, sergeant",0.5961289405822754
Baleq Uthizzar,0.0,0.0001090736539515438,40,23,"thousand, wolves, legion, prospero, sorcerer",0.5722671747207642
Lex Cardinale,0.0011827853718379816,0.00030590486293779323,5,5,"tanith, regiment, trooper, colonel, commissar",0.7359687685966492
Davos Lamertine,0.0,0.00042976768629635916,38,11,"farsight, house, trader, rogue, knights",0.5923438668251038
Navarra,2.4510941390314712e-06,6.75051841781272e-05,9,10,"fists, legion, terra, fist, phalanx",0.6743669509887695
Mabbon,0.0,0.00042580427379614066,5,12,"cadian, regiment, general, legion, cadia",0.4718015789985657
Necrosius,0.0,0.00010421056610293797,23,18,"warband, legion, scythes, tearers, sorcerer",0.6327145099639893
Ridian Artemanis,0.0,4.8812633334746964e-05,38,12,"cadian, regiment, general, legion, cadia",0.6378378868103027
Altan Nohai,0.0,0.0001650014619313255,45,28,"scars, white, legion, brotherhood, garmon",
Armillus Dynat,1.580008950535428e-05,7.060947875186475e-05,45,8,"legion, primarch, terra, m30, angels",0.729947566986084
Kol Badar,0.0,8.277172691718005e-05,38,8,"legion, primarch, terra, m30, angels",0.6042183637619019
Tyrhis,0.0,0.0001284522290890615,37,15,"angels, legion, caliban, chaplain, sergeant",0.7717590928077698
Kharnagar,0.0,0.0002989129659433356,25,26,"tzeentch, nurgle, khorne, slaanesh, angels",0.4386521577835083
Fyger Deflaim,0.0,7.973085669688011e-05,17,22,"terra, lords, ecclesiarchy, admiral, indomitus",0.5531100034713745
Oriax (Word Bearers),1.371112040420383e-06,0.0018449449291548902,40,6,"wolves, fenris, pack, priest, prospero",0.8544406890869141
Mordecai Haarlock,0.0,9.998506155237038e-05,33,22,"terra, lords, ecclesiarchy, admiral, indomitus",0.6390619277954102
Zanthus,0.0,4.8812633334746964e-05,37,16,"primarch, legion, angels, terra, caliban",0.46766337752342224
Eugan Temba,0.0,0.00010369838400120245,45,8,"legion, primarch, terra, m30, angels",0.5422500371932983
Mkendrik,0.0,9.639961016190253e-05,5,5,"tanith, regiment, trooper, colonel, commissar",0.6198326945304871
Mathias (Imperial Fists),0.00013511062380931318,0.00015748638471182045,1,10,"fists, legion, terra, fist, phalanx",0.5090892314910889
Godfrey Magnusson,0.0,9.476157158370415e-05,4,18,"warband, legion, scythes, tearers, sorcerer",0.6177597045898438
Armandus,0.0,0.00018137406386589162,42,18,"warband, legion, scythes, tearers, sorcerer",0.8593113422393799
Langana,0.00012643581445998827,0.00012927958382035593,5,4,"vervunhive, tanith, regiment, commissar, colonel",0.6957780718803406
Gader,0.0,4.8812633334746964e-05,5,24,"legion, regiment, general, colonel, worlds",0.84678715467453
Ulkair,0.00024346384767364644,0.0005296759842310286,26,26,"tzeentch, nurgle, khorne, slaanesh, angels",0.6182833313941956
Melissima Artos-Septus Iota,0.0,4.8812633334746964e-05,38,3,"mechanicum, mars, mechanicus, fabricator, tech",0.4404759109020233
Unfettered,0.0,0.00024476552300418985,48,11,"farsight, house, trader, rogue, knights",0.8850544095039368
Macer Varren,1.2420933089585025e-05,0.0005049170401722386,45,8,"legion, primarch, terra, m30, angels",0.601479172706604
Itha Clathis,8.306866891316163e-05,8.491117128625524e-05,45,10,"fists, legion, terra, fist, phalanx",0.7605204582214355
Ghermer,0.0,0.00011276716446336603,38,25,"templars, marshal, armageddon, orks, dreadnought",0.8558518290519714
Turmiel,0.00022783083219645296,0.0001825607079732507,7,18,"warband, legion, scythes, tearers, sorcerer",0.3803057074546814
Logan Grimnar,0.010363483062436932,0.0033630916324550626,40,6,"wolves, fenris, pack, priest, prospero",0.5178664326667786
Vorn Hagen,0.00022783083219645296,0.00025627371625232254,17,10,"fists, legion, terra, fist, phalanx",0.6533157229423523
Separatist Tyrant,0.0,4.8812633334746964e-05,24,11,"farsight, house, trader, rogue, knights",0.395672082901001
Phox,0.0,0.00011884075479887082,42,27,"knights, grey, brotherhood, armageddon, primarch",0.4250507950782776
Velayne Ramaeus,1.3642564802182811e-06,7.222725015582529e-05,1,7,"ordo, retinue, xenos, malleus, inquisition",0.44053909182548523
Ochir Khan,0.0,0.000141596554719493,23,28,"scars, white, legion, brotherhood, garmon",0.6448022127151489
Cyrus of Larrentine,0.0,0.00014237079607189813,40,9,"legion, eaters, warband, khorne, dreadnought",0.5328593254089355
Sylag,0.0,7.529570055428821e-05,5,11,"farsight, house, trader, rogue, knights",0.5451499819755554
Traitors of the Loyalist Legions,0.0,0.00010557947149917842,46,8,"legion, primarch, terra, m30, angels",0.31834664940834045
Honyaegar,0.0,4.8812633334746964e-05,6,13,"ultramarines, calth, bearers, macragge, sergeant",0.4753952622413635
Pyriel,6.480218281036836e-06,0.00040267291724991233,22,2,"salamanders, legion, primarch, chaplain, massacre",0.49112823605537415
Artura Brenken,0.0,6.910013977181256e-05,6,12,"cadian, regiment, general, legion, cadia",0.5558685064315796
Bownome,0.0,0.00012893270688143956,5,4,"vervunhive, tanith, regiment, commissar, colonel",0.7240172624588013
Glori Emagna,0.0,0.0002196046094632348,42,7,"ordo, retinue, xenos, malleus, inquisition",0.38918036222457886
Foskin,0.0,0.00012927958382035593,5,5,"tanith, regiment, trooper, colonel, commissar",0.6698727607727051
Erud Vahn,0.0,8.122551293902251e-05,45,3,"mechanicum, mars, mechanicus, fabricator, tech",0.4708402156829834
Varzival Czervantes,0.0,4.8812633334746964e-05,7,15,"angels, legion, caliban, chaplain, sergeant",0.7305597066879272
Adronitus,0.0,4.8812633334746964e-05,37,19,"custodes, terra, companions, shield, vengeful",0.44590818881988525
Voskamp,0.0,4.8812633334746964e-05,40,24,"legion, regiment, general, colonel, worlds",0.6927319765090942
Draas,0.0,0.00017627005644893433,38,25,"templars, marshal, armageddon, orks, dreadnought",0.6954242587089539
Pertinax (Captain),0.0,4.8812633334746964e-05,9,10,"fists, legion, terra, fist, phalanx",0.5675714015960693
Zadal Crosius,0.00022783083219645296,0.00026060407620627225,23,16,"primarch, legion, angels, terra, caliban",0.5608655214309692
Cardinal Crimson (Redemption Cult),0.0,0.0001455510642609479,35,9,"legion, eaters, warband, khorne, dreadnought",0.6045045256614685
Mauvec Kawe,0.0,0.00011055320248436753,39,11,"farsight, house, trader, rogue, knights",0.5219787955284119
Yeku,0.0,6.666174636085054e-05,10,28,"scars, white, legion, brotherhood, garmon",0.5569508671760559
Lucius Antros,0.0,0.00014057981544575416,21,18,"warband, legion, scythes, tearers, sorcerer",0.5476428270339966
Boreas (Ultramarine),0.0004704085916083137,0.0002081060121952593,27,13,"ultramarines, calth, bearers, macragge, sergeant",0.7145681381225586
The Visarch,0.0,0.00010526754302971147,49,21,"eldar, craftworld, iyanden, ynnari, commorragh",0.5764387249946594
Gharax,0.0,0.0002751643738486977,31,11,"farsight, house, trader, rogue, knights",0.5483547449111938
Bajun Kyda,0.0,7.528270532088029e-05,45,24,"legion, regiment, general, colonel, worlds",0.5827770829200745
Medon,0.0,4.8812633334746964e-05,3,11,"farsight, house, trader, rogue, knights",0.639348030090332
Titus (General),0.0,0.00016643836470568396,9,24,"legion, regiment, general, colonel, worlds",
Voidstriders,0.0,0.00024476552300418985,48,11,"farsight, house, trader, rogue, knights",0.8850544095039368
Living Saint,0.011616504238365211,0.004028422382404987,38,1,"sisters, sororitas, canoness, sister, adepta",0.4627441167831421
Kellenkir,0.00045520919741956717,0.00019528401369577829,37,9,"legion, eaters, warband, khorne, dreadnought",0.7432556748390198
Sota-Nul,0.0002826980235983133,0.0003035988440141382,45,3,"mechanicum, mars, mechanicus, fabricator, tech",0.570816159248352
Arcos,0.0,4.8812633334746964e-05,36,10,"fists, legion, terra, fist, phalanx",0.6119047999382019
Bahan Khan,0.0,0.0002449121638878509,47,0,"legion, council, massacre, 220px, isstvan",0.7757996320724487
Narro,0.0,0.00011537632054682033,3,20,"deathwatch, team, watch, sergeant, xenos",0.6093580722808838
Eligos,0.0,4.8812633334746964e-05,36,15,"angels, legion, caliban, chaplain, sergeant",0.8039823770523071
Seraphus,0.0,4.8812633334746964e-05,19,13,"ultramarines, calth, bearers, macragge, sergeant",0.5372819900512695
Fell Winter,0.0,0.0002646395323084703,49,12,"cadian, regiment, general, legion, cadia",0.590029776096344
Jessivayne Y'Kamidar,0.00023530640629288412,0.00038729894455473993,38,1,"sisters, sororitas, canoness, sister, adepta",0.7158887982368469
Vhetok Raan,0.0,8.491117128625524e-05,38,20,"deathwatch, team, watch, sergeant, xenos",0.7277613878250122
Sangallo,0.0,8.122906715184798e-05,21,15,"angels, legion, caliban, chaplain, sergeant",0.615288496017456
Transacta-7Y1,0.00022783083219645296,0.0004776110623050802,21,19,"custodes, terra, companions, shield, vengeful",0.46456387639045715
Vandar (Inceptor),0.0,0.00010911045001897253,9,13,"ultramarines, calth, bearers, macragge, sergeant",0.6240787506103516
Meduras Chairon,0.00012779106533184476,7.52157884908885e-05,38,8,"legion, primarch, terra, m30, angels",0.5992310643196106
Suboden Khan,0.000860559390123314,0.00011810800824188753,23,28,"scars, white, legion, brotherhood, garmon",0.5020961165428162
Markog,0.002255115961800819,0.0001689360998728524,37,18,"warband, legion, scythes, tearers, sorcerer",0.44046008586883545
Talia Daverna,0.0,4.8812633334746964e-05,13,7,"ordo, retinue, xenos, malleus, inquisition",0.6205202341079712
Regulus (Dark Mechanicum),0.0003853532132339366,0.00036140964850772423,22,3,"mechanicum, mars, mechanicus, fabricator, tech",0.5218421816825867
Lerod,3.4206005454300136e-05,0.00010869624504225393,5,5,"tanith, regiment, trooper, colonel, commissar",0.6687281131744385
Verity Catena,0.0,0.00018684686113269367,33,1,"sisters, sororitas, canoness, sister, adepta",0.5326303839683533
Horzt,0.0,6.855044810068952e-05,42,24,"legion, regiment, general, colonel, worlds",0.6168310642242432
The Newborn,0.0003429015473900696,0.0002749932823417617,9,13,"ultramarines, calth, bearers, macragge, sergeant",0.5438140630722046
Stark,0.0,4.8812633334746964e-05,38,22,"terra, lords, ecclesiarchy, admiral, indomitus",0.600434422492981
Lucian (Ultramarines),0.0,0.0003446007616055313,25,13,"ultramarines, calth, bearers, macragge, sergeant",0.8807224035263062
Jago Sevatarion,0.003384373811781197,0.000260804875729494,37,8,"legion, primarch, terra, m30, angels",0.584496021270752
Tyberos,0.0,0.00021685017537933973,8,8,"legion, primarch, terra, m30, angels",
Gabriel Santar,0.0008409926897013032,0.00016118560386029109,1,8,"legion, primarch, terra, m30, angels",0.5947796702384949
Tubal Cayne,0.0,0.0001765307873548574,45,25,"templars, marshal, armageddon, orks, dreadnought",0.467826247215271
Khrossus,0.0,0.00015239288923944968,9,13,"ultramarines, calth, bearers, macragge, sergeant",0.5213212370872498
Ignatius Numen,0.00022783083219645296,7.54887125844289e-05,22,3,"mechanicum, mars, mechanicus, fabricator, tech",0.4899139404296875
Herakt,0.0,4.8812633334746964e-05,23,28,"scars, white, legion, brotherhood, garmon",0.721901535987854
Bligh (Captain),0.0,0.00023848670278129238,12,12,"cadian, regiment, general, legion, cadia",0.8537771105766296
Melian,0.0,5.236661809063506e-05,37,15,"angels, legion, caliban, chaplain, sergeant",0.4213320016860962
Ashkanez,0.00022783083219645296,8.277172691718005e-05,38,11,"farsight, house, trader, rogue, knights",0.4617457091808319
Illiyan (House of Arienal),0.0,5.510159738726007e-05,49,11,"farsight, house, trader, rogue, knights",0.5369781255722046
Tobias Maxilla,0.00022783083219645296,0.00013218172641072943,25,7,"ordo, retinue, xenos, malleus, inquisition",0.5039264559745789
Marya Somnatian,0.0,0.00010911045001897253,12,1,"sisters, sororitas, canoness, sister, adepta",0.612494170665741
Mordlied,0.0,4.8812633334746964e-05,38,25,"templars, marshal, armageddon, orks, dreadnought",0.4906558692455292
Tyro Gamex,0.0,8.491117128625524e-05,45,10,"fists, legion, terra, fist, phalanx",0.7684308290481567
The Angel,0.0,6.811730941704556e-05,12,26,"tzeentch, nurgle, khorne, slaanesh, angels",0.5742781162261963
Khiraen Goldhelm,0.0,0.0006226860294963367,22,16,"primarch, legion, angels, terra, caliban",0.526826024055481
Federak,0.00045975443383356075,0.00012010947181002307,30,12,"cadian, regiment, general, legion, cadia",0.7652326226234436
Gol Kolea,0.0009339675323308314,0.001502185090710321,5,4,"vervunhive, tanith, regiment, commissar, colonel",0.5019247531890869
Telemechrus,0.0,0.00030009087819036286,38,9,"legion, eaters, warband, khorne, dreadnought",0.5456115007400513
Ve'Meth,0.0,0.000141596554719493,20,26,"tzeentch, nurgle, khorne, slaanesh, angels",0.5685015916824341
Kyublai,0.0,0.00013375526598250633,10,28,"scars, white, legion, brotherhood, garmon",0.4674159586429596
Kintara,0.0,8.491117128625524e-05,34,19,"custodes, terra, companions, shield, vengeful",0.8615769147872925
Dreagher,0.0006828137961293507,0.0001392593940383776,42,8,"legion, primarch, terra, m30, angels",0.6909250617027283
Neroth,0.0,4.8812633334746964e-05,9,18,"warband, legion, scythes, tearers, sorcerer",0.5527037382125854
Khajog Khan,0.0,0.00011227730746872573,23,28,"scars, white, legion, brotherhood, garmon",0.5950372219085693
Isa,0.0,4.8812633334746964e-05,40,6,"wolves, fenris, pack, priest, prospero",0.8227031230926514
Jada,0.0,8.491117128625524e-05,5,4,"vervunhive, tanith, regiment, commissar, colonel",0.7291611433029175
Rammius,0.0,6.956273588508804e-05,6,25,"templars, marshal, armageddon, orks, dreadnought",0.5186563730239868
Bror Tyrfingr,7.351223477172732e-06,8.812710892637494e-05,40,6,"wolves, fenris, pack, priest, prospero",0.5348414182662964
Caetrus Helmawr,0.0021896316507503412,0.00026829408314530426,35,14,"necromunda, dynasty, house, necron, bounty",0.6381733417510986
Tanaro,0.0,0.00015859380786696468,12,13,"ultramarines, calth, bearers, macragge, sergeant",0.8867684602737427
Scaevolla,0.0,0.0010136320620601981,28,16,"primarch, legion, angels, terra, caliban",0.47656238079071045
Zeriah,0.0,4.8812633334746964e-05,37,15,"angels, legion, caliban, chaplain, sergeant",0.48921719193458557
Malchadiel,5.065805312575236e-07,0.00010214536654935702,42,27,"knights, grey, brotherhood, armageddon, primarch",0.5754086375236511
Urien Rakarth,0.0,0.00013062178638420107,49,21,"eldar, craftworld, iyanden, ynnari, commorragh",0.39935553073883057
Geromidas,0.0,5.7112674354883395e-05,42,27,"knights, grey, brotherhood, armageddon, primarch",0.5829405784606934
Loxias,0.0,4.8812633334746964e-05,38,13,"ultramarines, calth, bearers, macragge, sergeant",0.8036623001098633
Elivia,0.0,0.0001455775440193874,33,1,"sisters, sororitas, canoness, sister, adepta",0.626916766166687
Aun'Pau,0.0,4.8812633334746964e-05,9,20,"deathwatch, team, watch, sergeant, xenos",0.29428333044052124
Palapr Tuvant,0.0,8.254866599398554e-05,5,11,"farsight, house, trader, rogue, knights",0.6231603026390076
Tu'Shan,0.0013500270033304869,0.0001336316085536228,22,2,"salamanders, legion, primarch, chaplain, massacre",0.6522294878959656
Tarrian,0.0,4.8812633334746964e-05,5,4,"vervunhive, tanith, regiment, commissar, colonel",0.6328529119491577
Lotimer Renwyck,0.0,4.8812633334746964e-05,0,22,"terra, lords, ecclesiarchy, admiral, indomitus",0.5164892673492432
Maggot Tongue,1.3642564802182811e-06,0.00015170658004009792,17,26,"tzeentch, nurgle, khorne, slaanesh, angels",0.6519262194633484
Betric Sizal,0.0,7.329826993707522e-05,21,16,"primarch, legion, angels, terra, caliban",0.5183882713317871
Tovac Tor,0.0,4.8812633334746964e-05,37,24,"legion, regiment, general, colonel, worlds",0.5969216823577881
Tzimiskes Flay,0.0,4.8812633334746964e-05,1,24,"legion, regiment, general, colonel, worlds",0.45750313997268677
Soron,0.0,0.00014041438570140398,41,20,"deathwatch, team, watch, sergeant, xenos",0.6674128174781799
Hugost Wacim,0.0,4.8812633334746964e-05,1,22,"terra, lords, ecclesiarchy, admiral, indomitus",0.29114267230033875
Jaharn,0.0,8.491117128625524e-05,5,7,"ordo, retinue, xenos, malleus, inquisition",0.7054240703582764
Khordas,0.0,0.00010911045001897253,42,9,"legion, eaters, warband, khorne, dreadnought",0.700822114944458
Kirkin,0.0,5.6871260115091336e-05,33,12,"cadian, regiment, general, legion, cadia",0.5772267580032349
Fugis,0.0,0.0001315144953377837,22,2,"salamanders, legion, primarch, chaplain, massacre",0.579096794128418
Khula,0.0,0.000124482836456763,10,28,"scars, white, legion, brotherhood, garmon",0.8255434632301331
Naraka (Chaos Lord),0.0,4.8812633334746964e-05,37,24,"legion, regiment, general, colonel, worlds",0.5348884463310242
Hasturias Calaxor,0.0,0.00025485291228716375,45,9,"legion, eaters, warband, khorne, dreadnought",0.5246592164039612
Yassilli Sulymanya,0.0,4.8812633334746964e-05,38,21,"eldar, craftworld, iyanden, ynnari, commorragh",0.44277915358543396
Nirriam,0.0,4.8812633334746964e-05,5,5,"tanith, regiment, trooper, colonel, commissar",0.5866225957870483
Sylas Envaric,0.0,0.0002519047833729637,21,24,"legion, regiment, general, colonel, worlds",0.6366808414459229
Egil Stormcaller,0.0,5.474123406341584e-05,40,6,"wolves, fenris, pack, priest, prospero",0.7805030941963196
Tigris Decon,1.0562652445326387e-06,0.00018466052922444653,38,13,"ultramarines, calth, bearers, macragge, sergeant",0.6116693615913391
Adelynn,0.0,0.0001939599993617076,33,1,"sisters, sororitas, canoness, sister, adepta",0.7504996061325073
Belleraphio van Dyne,0.0,0.0006683261677756472,7,11,"farsight, house, trader, rogue, knights",0.5822826027870178
Ludoldus,0.002364566655782787,0.0004363086515837179,6,25,"templars, marshal, armageddon, orks, dreadnought",0.2818763852119446
Ska Mordentodt,0.0,0.00022844975780570407,31,20,"deathwatch, team, watch, sergeant, xenos",
Ko'tan Kadai,2.387448840381992e-06,0.00042024937020948794,22,2,"salamanders, legion, primarch, chaplain, massacre",0.47124147415161133
Sabrael,0.0,4.8812633334746964e-05,10,15,"angels, legion, caliban, chaplain, sergeant",0.5402097105979919
Eleon Iasus,0.0,0.00013216024723629663,38,13,"ultramarines, calth, bearers, macragge, sergeant",0.71673983335495
Issachar,0.0,4.8812633334746964e-05,36,10,"fists, legion, terra, fist, phalanx",0.5287079215049744
An'ggrath,0.0019545142900499715,0.00018980437334063555,37,9,"legion, eaters, warband, khorne, dreadnought",0.48803839087486267
Thanatos (Reiver Sergeant),0.0,9.619332314034022e-05,1,25,"templars, marshal, armageddon, orks, dreadnought",
Sigvald Grimhammer,0.0,0.0003923199507295928,40,6,"wolves, fenris, pack, priest, prospero",0.537641167640686
Atharva,0.0,0.00019655767476634022,45,8,"legion, primarch, terra, m30, angels",0.5161810517311096
Eristede Kell,0.0009325110539179626,0.00048650161464995,45,11,"farsight, house, trader, rogue, knights",0.48257023096084595
Kyr Vhalen,0.0,0.00017121496869727852,9,9,"legion, eaters, warband, khorne, dreadnought",0.5980026125907898
Relian,0.0,4.8812633334746964e-05,21,15,"angels, legion, caliban, chaplain, sergeant",0.41245150566101074
Ducarius,0.0,0.00010558503464656764,6,11,"farsight, house, trader, rogue, knights",0.430560439825058
Lexell Kotov,0.0,0.000141596554719493,9,3,"mechanicum, mars, mechanicus, fabricator, tech",0.6557915806770325
Helad Gibran,0.0,9.20054965399357e-05,36,7,"ordo, retinue, xenos, malleus, inquisition",0.5634064674377441
Magni Morkaisson,0.0,4.8812633334746964e-05,40,6,"wolves, fenris, pack, priest, prospero",0.4150773882865906
Kaeria Casryn,0.0,0.0003298220625558548,45,1,"sisters, sororitas, canoness, sister, adepta",0.5422356128692627
Morbun Xa,0.0,0.00010475316398696918,23,28,"scars, white, legion, brotherhood, garmon",0.579398512840271
Gordian,0.0,9.07422887720401e-05,26,17,"ravens, eldar, seed, tau, legion",0.6151096224784851
Artimaeus Tulio,0.0,0.0001241954171661178,41,13,"ultramarines, calth, bearers, macragge, sergeant",0.7684974670410156
Szabo,0.0,0.00010336187790748553,5,12,"cadian, regiment, general, legion, cadia",0.5372160077095032
KB-88,0.0,0.0007064314846445372,35,0,"legion, council, massacre, 220px, isstvan",0.5788260102272034
Brostin,0.0004671662044204158,0.0003221178886527338,5,5,"tanith, regiment, trooper, colonel, commissar",0.668519139289856
Quor Gallek,0.0,4.8812633334746964e-05,22,18,"warband, legion, scythes, tearers, sorcerer",0.5024423003196716
Justinian Parris,1.3642564802182811e-06,0.00024188268055512984,42,13,"ultramarines, calth, bearers, macragge, sergeant",0.6634859442710876
Lezink,0.0,4.8812633334746964e-05,5,24,"legion, regiment, general, colonel, worlds",0.481749951839447
Etolph Cycerin,0.0,0.00010557947149917842,9,18,"warband, legion, scythes, tearers, sorcerer",0.6229681968688965
Gulthorg,0.0,0.000141596554719493,7,18,"warband, legion, scythes, tearers, sorcerer",0.523614227771759
Halstron,0.0,6.264603503497435e-05,42,7,"ordo, retinue, xenos, malleus, inquisition",0.4919758439064026
Thorne,0.0,0.00010236560829121898,7,20,"deathwatch, team, watch, sergeant, xenos",0.7879927754402161
Furian (Intercessor Sergeant),0.0,4.8812633334746964e-05,0,10,"fists, legion, terra, fist, phalanx",0.6862771511077881
Vedic,0.0,4.8812633334746964e-05,5,18,"warband, legion, scythes, tearers, sorcerer",0.6359755992889404
Nake Criid,0.0,0.00019694948271134992,5,11,"farsight, house, trader, rogue, knights",0.354351282119751
Yulla Kassine,0.0007496763220384603,0.0007408119916165426,5,1,"sisters, sororitas, canoness, sister, adepta",0.5993497967720032
Septicus Seven,0.0,4.8812633334746964e-05,38,16,"primarch, legion, angels, terra, caliban",0.46799588203430176
Gerad Ixion,0.0,4.8812633334746964e-05,41,13,"ultramarines, calth, bearers, macragge, sergeant",0.4722382426261902
Zameon Gydrael,0.00010127436936713518,0.0001729148702172864,7,20,"deathwatch, team, watch, sergeant, xenos",0.5459949374198914
Lathek,0.0,4.8812633334746964e-05,38,24,"legion, regiment, general, colonel, worlds",0.5993207097053528
Ceglan Varl,2.5789470846148366e-05,0.00028538361571893135,5,5,"tanith, regiment, trooper, colonel, commissar",0.49762973189353943
Kyrl Grimblood,0.0,4.8812633334746964e-05,38,6,"wolves, fenris, pack, priest, prospero",0.45469799637794495
Zarha Mancion,0.0,0.00017411918527632058,6,9,"legion, eaters, warband, khorne, dreadnought",0.42859387397766113
Verant Ortys,0.0021186903137789905,0.0001798631385628106,7,24,"legion, regiment, general, colonel, worlds",0.3805515170097351
Leonatos,0.0,4.8812633334746964e-05,21,15,"angels, legion, caliban, chaplain, sergeant",0.5288581252098083
Caius Vorens,0.0,0.00010911045001897253,40,10,"fists, legion, terra, fist, phalanx",0.6530730724334717
Uber Aemos,1.3642564802182811e-06,0.00031667204120366374,25,0,"legion, council, massacre, 220px, isstvan",0.45924022793769836
Raxhal Koraddon,0.0,7.910880483440294e-05,45,21,"eldar, craftworld, iyanden, ynnari, commorragh",0.44467657804489136
Olphrec Dar Draconis,0.0,6.811730941704556e-05,24,11,"farsight, house, trader, rogue, knights",0.6694629788398743
Lucius Worna,0.00022783083219645296,0.0003904899226643859,25,7,"ordo, retinue, xenos, malleus, inquisition",0.7053303718566895
Astrovel,0.0,4.8812633334746964e-05,37,16,"primarch, legion, angels, terra, caliban",0.4497959613800049
Scheja,0.0,4.8812633334746964e-05,7,22,"terra, lords, ecclesiarchy, admiral, indomitus",0.4984250068664551
Shar'rac Grenn,0.0,4.8812633334746964e-05,23,2,"salamanders, legion, primarch, chaplain, massacre",0.5181753635406494
Kavalanera Brassanas,0.0,4.8812633334746964e-05,22,1,"sisters, sororitas, canoness, sister, adepta",0.43315398693084717
Aan Kolver,0.0,4.8812633334746964e-05,1,0,"legion, council, massacre, 220px, isstvan",0.5574897527694702
Felthius,0.0,8.491117128625524e-05,23,13,"ultramarines, calth, bearers, macragge, sergeant",0.5293325781822205
Xchar'hanrark,0.0,4.8812633334746964e-05,40,26,"tzeentch, nurgle, khorne, slaanesh, angels",0.4003256559371948
Ulf Blackbrow,0.0,4.8812633334746964e-05,40,6,"wolves, fenris, pack, priest, prospero",0.6846448183059692
Hethra Stroheimme,0.0,6.264603503497435e-05,12,24,"legion, regiment, general, colonel, worlds",0.5573270320892334
Jaegar Silverclaw,0.0,0.00010702809259239014,40,18,"warband, legion, scythes, tearers, sorcerer",0.4656620919704437
Sicarius (Librarian),0.0,0.00014402102565002744,9,13,"ultramarines, calth, bearers, macragge, sergeant",
Jahon,0.0,8.491117128625524e-05,17,27,"knights, grey, brotherhood, armageddon, primarch",0.8234767913818359
Archamus I,0.0,7.826592300596994e-05,45,10,"fists, legion, terra, fist, phalanx",0.6667153835296631
Juskina Tull,0.0,0.0003280440226596149,36,22,"terra, lords, ecclesiarchy, admiral, indomitus",0.6075090765953064
Cehen-qui,0.0,8.350759401213196e-05,38,7,"ordo, retinue, xenos, malleus, inquisition",0.522270679473877
Heinrix van Calox,0.0,0.00013203418447431257,2,7,"ordo, retinue, xenos, malleus, inquisition",
Alem Mahat,0.0,4.8812633334746964e-05,16,12,"cadian, regiment, general, legion, cadia",0.4795742630958557
Valgûl,0.0,0.00012127876487496365,32,14,"necromunda, dynasty, house, necron, bounty",0.627627968788147
Namahi,5.35127842437861e-05,0.0004398055547025542,21,28,"scars, white, legion, brotherhood, garmon",0.48040300607681274
First Disciple,0.0004556616643929059,9.684090249730095e-05,21,18,"warband, legion, scythes, tearers, sorcerer",0.5785185098648071
Arbras Haax,1.3642564802182811e-06,0.0002101743718590573,23,12,"cadian, regiment, general, legion, cadia",0.6795098185539246
Parol,0.0,0.0001937903230160324,6,13,"ultramarines, calth, bearers, macragge, sergeant",
Cleander von Castellan,0.0,0.00018589751652119897,12,7,"ordo, retinue, xenos, malleus, inquisition",0.5382148623466492
Charon,0.0,4.8812633334746964e-05,7,22,"terra, lords, ecclesiarchy, admiral, indomitus",0.33984747529029846
Durann,0.0,0.00010897686325392742,41,12,"cadian, regiment, general, legion, cadia",0.8223683834075928
Haldor Twinfang,0.0,0.00014616362893347823,40,6,"wolves, fenris, pack, priest, prospero",0.6105831861495972
Abdaziel Magron,0.0002817602058393327,0.00013848983023305266,37,15,"angels, legion, caliban, chaplain, sergeant",0.6684298515319824
Vendrahel,0.0,0.0001465191856536703,37,16,"primarch, legion, angels, terra, caliban",0.7620756030082703
Leshh,0.0,7.122810319502e-05,49,21,"eldar, craftworld, iyanden, ynnari, commorragh",0.6560770869255066
Oki,0.0,4.8812633334746964e-05,40,6,"wolves, fenris, pack, priest, prospero",0.47881004214286804
Djangar,0.0,9.166213739496726e-05,35,18,"warband, legion, scythes, tearers, sorcerer",0.5388086438179016
Dohon Domor,0.0,0.00012641956365179994,5,5,"tanith, regiment, trooper, colonel, commissar",0.43319404125213623
Amandus Tyr,0.0,0.0001507740447916192,9,10,"fists, legion, terra, fist, phalanx",0.6114290952682495
Rylanor,1.4835587759275636e-05,0.00034992927240472114,1,8,"legion, primarch, terra, m30, angels",0.6774101853370667
Dymus,0.0,4.8812633334746964e-05,42,27,"knights, grey, brotherhood, armageddon, primarch",0.4982755184173584
Marius (Dreadnought),0.0,6.811730941704556e-05,46,24,"legion, regiment, general, colonel, worlds",0.6393164992332458
Cassandra VanLeskus,0.0,0.00010647550575098037,38,22,"terra, lords, ecclesiarchy, admiral, indomitus",0.5337491035461426
Goran Gorgonson,0.0,9.855250766632886e-05,1,11,"farsight, house, trader, rogue, knights",0.4919780194759369
Solomon Lok,0.0021241473396998636,0.00021656655846683543,7,3,"mechanicum, mars, mechanicus, fabricator, tech",0.6005064249038696
Arbute,0.0,8.722377048205153e-05,38,25,"templars, marshal, armageddon, orks, dreadnought",
Pollux,0.0,4.8812633334746964e-05,40,9,"legion, eaters, warband, khorne, dreadnought",0.48194971680641174
Leif Snowfang,0.0,0.00019753769234015265,40,6,"wolves, fenris, pack, priest, prospero",0.4985566735267639
Corus Redsmith,0.0,5.474123406341584e-05,40,6,"wolves, fenris, pack, priest, prospero",0.6442078948020935
Asterion Moloc,0.0,6.956273588508804e-05,17,18,"warband, legion, scythes, tearers, sorcerer",0.47843965888023376
Lohoc,0.0,8.250759408124018e-05,37,16,"primarch, legion, angels, terra, caliban",0.6680291295051575
Yrn-fae,0.0,4.8812633334746964e-05,49,21,"eldar, craftworld, iyanden, ynnari, commorragh",0.4925045669078827
Brains,0.0,0.000141596554719493,27,0,"legion, council, massacre, 220px, isstvan",0.5067284107208252
Vor,0.0,7.405828757950314e-05,5,4,"vervunhive, tanith, regiment, commissar, colonel",0.7351199388504028
Hornindal,0.0,0.00022983262633078562,22,18,"warband, legion, scythes, tearers, sorcerer",
Vownus Kaede,0.0,0.0003391014502470438,33,7,"ordo, retinue, xenos, malleus, inquisition",0.8095049858093262
Jasaric,0.0,9.791954195703691e-05,45,19,"custodes, terra, companions, shield, vengeful",0.2781441807746887
77th Grand Battalion,0.0,0.0001982765658065638,9,9,"legion, eaters, warband, khorne, dreadnought",0.6864075064659119
Cataclis,0.0,9.75153093037637e-05,38,7,"ordo, retinue, xenos, malleus, inquisition",0.7402178049087524
Varak Stonejaw,0.0,6.264603503497435e-05,40,6,"wolves, fenris, pack, priest, prospero",0.5385251045227051
Idranel,1.3642564802182811e-06,6.95705621281999e-05,26,21,"eldar, craftworld, iyanden, ynnari, commorragh",0.4138492941856384
Phenex,0.0,5.572933418486065e-05,21,15,"angels, legion, caliban, chaplain, sergeant",0.459172785282135
Pasanius Lysane,0.0010787872482075356,0.00033189893631635514,9,13,"ultramarines, calth, bearers, macragge, sergeant",0.481250524520874
Madail,0.0004556616643929059,0.0011540316474337245,21,18,"warband, legion, scythes, tearers, sorcerer",0.38818052411079407
Heptus Rho-Decima Khleng,0.0,4.8812633334746964e-05,23,3,"mechanicum, mars, mechanicus, fabricator, tech",0.358647882938385
Iovin Mazho,0.0,0.00024405472258377358,5,25,"templars, marshal, armageddon, orks, dreadnought",0.600471556186676
Althenian,0.0,0.00017682967530740454,49,21,"eldar, craftworld, iyanden, ynnari, commorragh",0.5139816403388977
Jarulek (Dreadnought),0.0,0.00023358554518232834,38,9,"legion, eaters, warband, khorne, dreadnought",
Tybalt Marr,0.0021974861711488683,0.0008314227774233874,1,8,"legion, primarch, terra, m30, angels",0.6687522530555725
Hapthatra,0.0,0.0005392911806853446,32,14,"necromunda, dynasty, house, necron, bounty",0.6183351874351501
Titanfeller,0.0,0.00016415770915796432,48,3,"mechanicum, mars, mechanicus, fabricator, tech",0.8794695138931274
Charmosian,0.0,4.8812633334746964e-05,1,24,"legion, regiment, general, colonel, worlds",0.40473151206970215
Nerael,0.0,4.8812633334746964e-05,37,16,"primarch, legion, angels, terra, caliban",0.4641588628292084
Veynd,0.0006834924965893589,0.0003739499791549113,6,19,"custodes, terra, companions, shield, vengeful",0.5673874616622925
Kassar,0.00022783083219645296,0.00016673993367942043,38,0,"legion, council, massacre, 220px, isstvan",0.5019833445549011
Felgir,0.0,0.0001808370603867447,3,20,"deathwatch, team, watch, sergeant, xenos",0.5018354654312134
Mikal Dorden,0.00022783083219645296,0.0002709871315886007,5,5,"tanith, regiment, trooper, colonel, commissar",0.6245255470275879
Sarasti,0.0006555299481021995,0.0001883317416310122,19,26,"tzeentch, nurgle, khorne, slaanesh, angels",0.45510241389274597
Xezukoth,0.0,9.778187576949817e-05,7,9,"legion, eaters, warband, khorne, dreadnought",0.4108656346797943
Curval,0.0,4.8812633334746964e-05,1,16,"primarch, legion, angels, terra, caliban",0.6009075045585632
Mostrue,0.0,0.00017583834725911094,16,24,"legion, regiment, general, colonel, worlds",
Helynna Valeria,0.0,0.0005920045017232328,38,7,"ordo, retinue, xenos, malleus, inquisition",0.6517322659492493
Delayni,0.0,0.00011900255159791247,5,12,"cadian, regiment, general, legion, cadia",0.6643426418304443
Polski,0.0,0.00010574005626402901,18,12,"cadian, regiment, general, legion, cadia",0.2645305097103119
Arguthrax,0.0,7.839168399992726e-05,48,27,"knights, grey, brotherhood, armageddon, primarch",0.48215365409851074
Kossolax,0.0,0.0001626056073737561,42,9,"legion, eaters, warband, khorne, dreadnought",0.6067205667495728
Emeli Duboir,0.0,0.0003310455365120745,16,18,"warband, legion, scythes, tearers, sorcerer",0.45764580368995667
Arius Helmawr,4.092769440654843e-06,0.0003305669976031755,35,14,"necromunda, dynasty, house, necron, bounty",0.8428254127502441
Qelanaris,0.0006116108528146398,0.00015383295319228504,40,21,"eldar, craftworld, iyanden, ynnari, commorragh",0.7025195956230164
Kalim Varanor,0.0,4.8812633334746964e-05,17,19,"custodes, terra, companions, shield, vengeful",0.554911196231842
Geard Bure,4.5475216007276036e-07,0.00018848910352804596,25,3,"mechanicum, mars, mechanicus, fabricator, tech",0.36876416206359863
Tobias (Konig),0.0,6.67662607084339e-05,41,12,"cadian, regiment, general, legion, cadia",0.6902790069580078
Kayesh Vrall,0.0,0.0001839682862691904,40,23,"thousand, wolves, legion, prospero, sorcerer",0.6766823530197144
Cortamus,0.0,5.881321279118773e-05,21,10,"fists, legion, terra, fist, phalanx",0.6688781976699829
Tōrn,0.0,0.00017964026363056492,42,9,"legion, eaters, warband, khorne, dreadnought",0.8120178580284119
Durak Rask,0.0,0.00010791557263143791,23,0,"legion, council, massacre, 220px, isstvan",0.527292013168335
Eberhart,0.0,7.909254973230028e-05,1,10,"fists, legion, terra, fist, phalanx",0.6216799020767212
Katla Helvintr,0.0013669849931787178,0.00036448062632117974,38,11,"farsight, house, trader, rogue, knights",0.6633926630020142
Bys,0.0,9.68257367341193e-05,10,26,"tzeentch, nurgle, khorne, slaanesh, angels",0.7247164249420166
Amadael,0.0,4.8812633334746964e-05,21,15,"angels, legion, caliban, chaplain, sergeant",0.6268011331558228
Oenas,0.0,4.8812633334746964e-05,17,19,"custodes, terra, companions, shield, vengeful",0.6549550890922546
Yored Massak,1.8776123908275666e-05,9.671881431865979e-05,45,16,"primarch, legion, angels, terra, caliban",0.3882620334625244
Idriss Krendl,0.0,0.00014814585239429726,9,9,"legion, eaters, warband, khorne, dreadnought",0.47963690757751465
Ker Thelon,0.0,4.8812633334746964e-05,22,12,"cadian, regiment, general, legion, cadia",0.46429362893104553
Savona,0.00010807125610633443,6.912440918274113e-05,1,1,"sisters, sororitas, canoness, sister, adepta",0.49748408794403076
Seraphicus,0.0,4.8812633334746964e-05,7,15,"angels, legion, caliban, chaplain, sergeant",0.6087911128997803
Machiel,0.0,4.8812633334746964e-05,21,26,"tzeentch, nurgle, khorne, slaanesh, angels",0.47140389680862427
Serron,5.228400521715665e-07,9.671881431865979e-05,21,15,"angels, legion, caliban, chaplain, sergeant",0.41145071387290955
Ker Vanthax,0.0,6.811730941704556e-05,9,13,"ultramarines, calth, bearers, macragge, sergeant",0.7211679816246033
Vespasian,0.0,5.092934143936653e-05,1,8,"legion, primarch, terra, m30, angels",0.6211819648742676
Ekene Dubaku,0.0,0.0002473190284132356,6,21,"eldar, craftworld, iyanden, ynnari, commorragh",0.372316837310791
Indras Archeta,0.00023256640933855334,0.0002718905834494897,45,24,"legion, regiment, general, colonel, worlds",0.6367833614349365
Pyrhus Calagat,0.0,0.0003588885589574149,37,16,"primarch, legion, angels, terra, caliban",0.5800008177757263
Nero Vipus,1.6738377584216603e-06,0.00019714047535681232,45,20,"deathwatch, team, watch, sergeant, xenos",0.5981035232543945
Balsar Kurthuri,0.0004922622057342385,0.00022042607972315876,8,8,"legion, primarch, terra, m30, angels",0.472368448972702
Tyana Kourion,0.0,6.956273588508804e-05,23,9,"legion, eaters, warband, khorne, dreadnought",0.4740217328071594
Sigismund,0.006571395251153029,0.002909892112970841,45,8,"legion, primarch, terra, m30, angels",0.4921260476112366
Dyros Dar Draconis,0.0,4.8812633334746964e-05,24,11,"farsight, house, trader, rogue, knights",0.45064717531204224
Vileheart Soulpyre,0.0,9.828174845213237e-05,13,0,"legion, council, massacre, 220px, isstvan",0.4724636375904083
Nigh Vash Delerax,0.0,0.0001290253866723726,42,8,"legion, primarch, terra, m30, angels",0.7236306667327881
Evelyne Lamertine,0.0,0.0003179938880316834,38,11,"farsight, house, trader, rogue, knights",0.6994615793228149
Arminka Lesk,0.0,0.0001185835780712239,13,12,"cadian, regiment, general, legion, cadia",0.6133889555931091
Maraeus Orasus,0.0,0.00011516657393905236,23,2,"salamanders, legion, primarch, chaplain, massacre",0.6378061771392822
Suhr Tarikus,0.0,4.8812633334746964e-05,45,20,"deathwatch, team, watch, sergeant, xenos",0.42643070220947266
Wroth Helmawr,1.3642564802182811e-06,0.0003696843824647149,35,14,"necromunda, dynasty, house, necron, bounty",0.8886215686798096
Caturix,0.0,0.00010488126277130026,46,3,"mechanicum, mars, mechanicus, fabricator, tech",0.7902323007583618
Tobias Kelp,0.0,6.811730941704556e-05,16,12,"cadian, regiment, general, legion, cadia",0.624259352684021
Merelda Pereth,0.0004549606030258734,9.161416635291839e-05,17,22,"terra, lords, ecclesiarchy, admiral, indomitus",0.6563248634338379
Agamon,0.0,9.630756519405415e-05,46,3,"mechanicum, mars, mechanicus, fabricator, tech",0.788624107837677
Teknoth,0.0,0.00037839012807475153,1,9,"legion, eaters, warband, khorne, dreadnought",0.6756426692008972
Bastian Verveuk,0.0,4.8812633334746964e-05,25,7,"ordo, retinue, xenos, malleus, inquisition",0.6278122067451477
Cyneric,7.236798738692887e-05,0.00013622009160842098,6,25,"templars, marshal, armageddon, orks, dreadnought",0.6704823970794678
Abbadon (Mercenary),0.0,7.251139966947804e-05,7,0,"legion, council, massacre, 220px, isstvan",
Ainbataar Khan,0.0,6.811730941704556e-05,23,16,"primarch, legion, angels, terra, caliban",0.6592977643013
Kyree Helmawr,0.0,0.0003199846602658281,35,14,"necromunda, dynasty, house, necron, bounty",0.8938796520233154
Aleksa,0.0,0.00019109561343837723,5,5,"tanith, regiment, trooper, colonel, commissar",0.5019798874855042
Ignatius Grulgor,0.00026331386626908646,0.0007685947496087636,23,8,"legion, primarch, terra, m30, angels",0.6812825202941895
Felix Cassander,0.00024448060640858675,8.787147082025813e-05,9,10,"fists, legion, terra, fist, phalanx",0.4926830232143402
Lazarus (Dark Angels),0.000240203880551766,0.0002055588641208406,7,8,"legion, primarch, terra, m30, angels",0.45264410972595215
Helik Redknife,3.0456563040070663e-05,0.00013657932647890308,21,6,"wolves, fenris, pack, priest, prospero",0.4278145730495453
Maximus (Sergeant),0.0,0.0001533232633503175,9,13,"ultramarines, calth, bearers, macragge, sergeant",0.6895359754562378
Mantes,0.0,7.22466269801249e-05,5,4,"vervunhive, tanith, regiment, commissar, colonel",0.7618274092674255
Fabian Guelphrain,0.0011408710460795982,0.0005265738901562499,38,22,"terra, lords, ecclesiarchy, admiral, indomitus",0.4905618131160736
Ramlek,0.0,0.0002544493737116658,22,20,"deathwatch, team, watch, sergeant, xenos",
Raphael (Intercessor),0.0,0.0001533232633503175,9,15,"angels, legion, caliban, chaplain, sergeant",0.6591197848320007
Kyrin Solaq,0.0,4.8812633334746964e-05,10,0,"legion, council, massacre, 220px, isstvan",0.5138260126113892
Roboute Guilliman,0.0852288074060444,0.015837972513217873,38,8,"legion, primarch, terra, m30, angels",0.5434848666191101
Amarok,4.191156832016793e-05,0.00038949953876583725,45,21,"eldar, craftworld, iyanden, ynnari, commorragh",0.44726499915122986
Alcuin,0.0,4.8812633334746964e-05,17,27,"knights, grey, brotherhood, armageddon, primarch",0.4558052122592926
Israfael,0.0,0.0002665450421140193,37,15,"angels, legion, caliban, chaplain, sergeant",
Revuel Arvida,0.0006902312053339452,0.0004891388300528144,23,8,"legion, primarch, terra, m30, angels",0.5434159636497498
Sigurd,0.0,4.8812633334746964e-05,40,6,"wolves, fenris, pack, priest, prospero",0.5722319483757019
Garran Crowe,0.0023565648577585823,0.0002367278314802373,7,27,"knights, grey, brotherhood, armageddon, primarch",0.4824448525905609
Ambrose Caradoc,0.0,0.00015486837522655833,4,22,"terra, lords, ecclesiarchy, admiral, indomitus",
Brennan (Tanith),0.0,4.8812633334746964e-05,5,5,"tanith, regiment, trooper, colonel, commissar",0.5464953184127808
Young Pious MMXIV,0.0,0.00011884075479887082,42,11,"farsight, house, trader, rogue, knights",0.24803128838539124
Kadus Brekkar,0.0,0.00011480794317669306,37,16,"primarch, legion, angels, terra, caliban",0.7435131669044495
Ulkanor Khan,0.0,0.00015322099519184937,23,28,"scars, white, legion, brotherhood, garmon",0.7502431869506836
Usabius,0.0,8.94320171153704e-05,22,2,"salamanders, legion, primarch, chaplain, massacre",
Dorain Hasker,0.0,0.00012589059895306345,5,5,"tanith, regiment, trooper, colonel, commissar",0.5471881031990051
Lorrin,0.0,0.00029356864220489415,6,19,"custodes, terra, companions, shield, vengeful",0.5436787009239197
Khargoth,0.0,0.00032985787039532675,9,18,"warband, legion, scythes, tearers, sorcerer",0.5983399748802185
Phillips,0.0,0.00023592895880904932,40,24,"legion, regiment, general, colonel, worlds",0.652754545211792
Kyriss,3.7005286664222552e-06,0.00039490966284009215,21,15,"angels, legion, caliban, chaplain, sergeant",0.4472947120666504
Comus Nocturnus,0.0,4.8812633334746964e-05,25,15,"angels, legion, caliban, chaplain, sergeant",0.2659337520599365
Passax,0.0,7.077201781969199e-05,45,3,"mechanicum, mars, mechanicus, fabricator, tech",0.7757982015609741
Otte,0.0,7.178895500802799e-05,5,4,"vervunhive, tanith, regiment, commissar, colonel",0.6043900847434998
Anna,1.0231923601637107e-06,0.0003776797740479885,40,7,"ordo, retinue, xenos, malleus, inquisition",0.5077353715896606
Astrid Helvintr,0.0,0.00021685679315898765,38,11,"farsight, house, trader, rogue, knights",0.6710625886917114
Lorgar Aurelian,0.008388669133092809,0.0003581262142773247,38,8,"legion, primarch, terra, m30, angels",0.6064448356628418
Marcus Achallor,0.0,4.8812633334746964e-05,38,10,"fists, legion, terra, fist, phalanx",0.721441924571991
Shebol Red-Hand,0.0,7.20913897211483e-05,5,9,"legion, eaters, warband, khorne, dreadnought",0.6255293488502502
Demetrios,0.0,8.491117128625524e-05,22,13,"ultramarines, calth, bearers, macragge, sergeant",0.7540481090545654
Cassia (Magos Biologis),0.0,0.0005848161551316993,38,20,"deathwatch, team, watch, sergeant, xenos",0.8505656719207764
Kireeah,0.0,4.8812633334746964e-05,17,25,"templars, marshal, armageddon, orks, dreadnought",0.6486978530883789
Beltayn,0.00046420720711452476,0.0001638662585872232,5,5,"tanith, regiment, trooper, colonel, commissar",0.6434553265571594
Arkhad,0.0,5.9187684609917504e-05,22,2,"salamanders, legion, primarch, chaplain, massacre",0.24634578824043274
Brutus (Apothecary),0.0,0.00010911045001897253,32,13,"ultramarines, calth, bearers, macragge, sergeant",0.6121172308921814
Yrannae,0.0,0.00012386405178179725,49,12,"cadian, regiment, general, legion, cadia",0.6922599077224731
Bar'ghul,0.0,0.00023783658325280023,8,26,"tzeentch, nurgle, khorne, slaanesh, angels",0.7022736072540283
Serac Lukash,0.0,4.8812633334746964e-05,45,16,"primarch, legion, angels, terra, caliban",0.43580368161201477
Loril,0.0,6.729716510368134e-05,5,5,"tanith, regiment, trooper, colonel, commissar",0.43631064891815186
Ostian Delafour,0.00014177215744402618,0.0008066361884974246,1,9,"legion, eaters, warband, khorne, dreadnought",0.47884199023246765
Thiennes,0.0,8.536800570882428e-05,38,22,"terra, lords, ecclesiarchy, admiral, indomitus",0.5633852481842041
Flamefist,0.00022783083219645296,0.0003917949386789844,1,26,"tzeentch, nurgle, khorne, slaanesh, angels",0.6304529905319214
Shadraith,0.0,0.0002601764683078405,8,11,"farsight, house, trader, rogue, knights",0.770216166973114
Grand Dark Magos,0.0,0.00036797346513755603,10,3,"mechanicum, mars, mechanicus, fabricator, tech",0.403964638710022
Garreon,0.0,0.00017325422579010747,37,11,"farsight, house, trader, rogue, knights",0.4456130266189575
Glorian Sarck,0.0,6.811730941704556e-05,45,7,"ordo, retinue, xenos, malleus, inquisition",0.6813367605209351
Kenot Friche,0.0,0.00010911045001897253,5,18,"warband, legion, scythes, tearers, sorcerer",0.8151123523712158
Carab Culln,0.0021227830832196456,0.00036571895239095956,7,8,"legion, primarch, terra, m30, angels",0.6055248379707336
Kelbor-Hal,0.005501135579442281,0.0011414415694389625,45,3,"mechanicum, mars, mechanicus, fabricator, tech",0.6360939741134644
Kanath,0.0,4.8812633334746964e-05,13,12,"cadian, regiment, general, legion, cadia",0.4203140139579773
Alvarex Maun,0.0,0.00013080714951214538,8,24,"legion, regiment, general, colonel, worlds",
Roushal,0.0,4.8812633334746964e-05,38,16,"primarch, legion, angels, terra, caliban",0.4607768654823303
Otto Ivan Gustavus,0.0,0.00012294385171919992,7,24,"legion, regiment, general, colonel, worlds",
Vel'cona,0.0,0.00031912046611939736,22,2,"salamanders, legion, primarch, chaplain, massacre",0.695202648639679
Kowley,0.0,0.00029963112333467685,43,24,"legion, regiment, general, colonel, worlds",
Severian (The Wolf),0.00044323465834694904,0.0002851626535766931,45,8,"legion, primarch, terra, m30, angels",0.5688433647155762
Kess,0.0,4.8812633334746964e-05,10,15,"angels, legion, caliban, chaplain, sergeant",0.6602657437324524
Willard,0.0,4.8812633334746964e-05,5,4,"vervunhive, tanith, regiment, commissar, colonel",0.670880138874054
Arcudros,0.0,0.00020303976969352215,20,11,"farsight, house, trader, rogue, knights",0.47939327359199524
Yusuph Trevar,0.0,0.00010911045001897253,45,7,"ordo, retinue, xenos, malleus, inquisition",0.8394700288772583
Siridor Vhen,0.0,0.0001988896712703313,23,24,"legion, regiment, general, colonel, worlds",0.6453738212585449
Tyrus,0.0,4.8812633334746964e-05,12,7,"ordo, retinue, xenos, malleus, inquisition",0.4751814603805542
Baltus,0.00035392307842324134,0.00011947985406799131,19,18,"warband, legion, scythes, tearers, sorcerer",0.49151524901390076
Kystos Gaellon,0.0,5.881321279118773e-05,21,12,"cadian, regiment, general, legion, cadia",0.5848310589790344
Heka'tan,0.0,0.00010911045001897253,22,2,"salamanders, legion, primarch, chaplain, massacre",0.753632664680481
Lansung,0.0004092553268722065,0.0008471928535625859,36,22,"terra, lords, ecclesiarchy, admiral, indomitus",0.6105144023895264
Yriel,0.0011391541609822647,0.0004184837897282022,49,21,"eldar, craftworld, iyanden, ynnari, commorragh",0.5243477821350098
Khorarinn,5.6381435219409686e-05,0.00011844047566005306,45,19,"custodes, terra, companions, shield, vengeful",0.5400916337966919
Seglei Khan,0.0,0.00010911045001897253,23,28,"scars, white, legion, brotherhood, garmon",0.8100532293319702
Erandel Voidsinger,0.0,0.00010150801959257332,49,21,"eldar, craftworld, iyanden, ynnari, commorragh",
Iryss Gelthor,0.0,0.00010415056307812023,36,22,"terra, lords, ecclesiarchy, admiral, indomitus",0.5267947316169739
Avris,0.0,0.00016287270699792184,35,14,"necromunda, dynasty, house, necron, bounty",0.6720239520072937
Galahoth,0.0,0.00036633537435253586,17,19,"custodes, terra, companions, shield, vengeful",0.6838967800140381
Tsorr'Kanath,0.0,6.956273588508804e-05,23,18,"warband, legion, scythes, tearers, sorcerer",0.37340158224105835
Zenobi Adedeji,0.0,4.8812633334746964e-05,45,12,"cadian, regiment, general, legion, cadia",0.4104359745979309
Vidor,0.0,4.8812633334746964e-05,5,4,"vervunhive, tanith, regiment, commissar, colonel",0.6909855008125305
Samonas,1.826317157149354e-06,0.0004910424508061795,45,19,"custodes, terra, companions, shield, vengeful",0.5055352449417114
Vendraal,0.0,0.00012978593651969263,45,10,"fists, legion, terra, fist, phalanx",0.8780356049537659
Gracia Emmanuelle,0.0,0.0001518332167568325,38,1,"sisters, sororitas, canoness, sister, adepta",0.8544074296951294
Uchultor L'au,0.0,9.030321092262308e-05,23,18,"warband, legion, scythes, tearers, sorcerer",0.6845189929008484
Reginald Monstella de Barka,0.0,0.00010021198655620848,13,24,"legion, regiment, general, colonel, worlds",0.5372430086135864
Rogal Dorn,0.045300560698837776,0.011881764598973799,45,8,"legion, primarch, terra, m30, angels",0.615722119808197
Vhakis,0.0,4.8812633334746964e-05,45,9,"legion, eaters, warband, khorne, dreadnought",0.5074362754821777
Gaethon Richter,0.0,6.811730941704556e-05,25,26,"tzeentch, nurgle, khorne, slaanesh, angels",0.6171489357948303
Cadulon,0.0,8.491117128625524e-05,49,9,"legion, eaters, warband, khorne, dreadnought",0.4449358880519867
Olin Fencer,0.0,0.000414138271515788,5,4,"vervunhive, tanith, regiment, commissar, colonel",0.6680564880371094
Deros,0.0,9.166213739496726e-05,23,12,"cadian, regiment, general, legion, cadia",0.6759458780288696
Weyldran Lyrzek,0.0,4.8812633334746964e-05,44,13,"ultramarines, calth, bearers, macragge, sergeant",0.7604854106903076
Gunther Radrexxus,0.0,0.00011859328189082987,38,11,"farsight, house, trader, rogue, knights",0.6760263442993164
Nmembo,0.0,0.0001244903788714867,34,19,"custodes, terra, companions, shield, vengeful",0.9330058693885803
Onryx,0.0,8.655403142971026e-05,38,0,"legion, council, massacre, 220px, isstvan",0.4809812605381012
Heymlik Chass,0.001047051342886889,0.00022738969563622705,5,4,"vervunhive, tanith, regiment, commissar, colonel",0.6189995408058167
Githellion Ath'ulwei,0.0,4.8812633334746964e-05,49,21,"eldar, craftworld, iyanden, ynnari, commorragh",0.5775043964385986
Ortan Leidis,0.0,6.811730941704556e-05,42,18,"warband, legion, scythes, tearers, sorcerer",0.5401779413223267
Saghari,0.0,9.828174845213237e-05,23,28,"scars, white, legion, brotherhood, garmon",0.8149814605712891
Thrade,0.0,7.34351945930038e-05,32,7,"ordo, retinue, xenos, malleus, inquisition",0.6879449486732483
Lucien Wilder,0.00039211768749310085,0.0001638662585872232,5,5,"tanith, regiment, trooper, colonel, commissar",0.5280573964118958
Heskith Anko,2.4804663276696024e-07,0.00014872003859043285,5,4,"vervunhive, tanith, regiment, commissar, colonel",0.6993840336799622
Hazriah,0.0,0.00021391595136680837,17,26,"tzeentch, nurgle, khorne, slaanesh, angels",
Grosslyn,0.0,8.491117128625524e-05,5,4,"vervunhive, tanith, regiment, commissar, colonel",0.7968729734420776
Imelda Veritas,0.00022783083219645296,0.0002410246822280232,38,1,"sisters, sororitas, canoness, sister, adepta",0.7696077823638916
Emil Darkhammer,0.0,0.0005634857563035175,38,7,"ordo, retinue, xenos, malleus, inquisition",0.6517322659492493
Torias Telion,0.0004916313860671561,0.000105009918914105,9,13,"ultramarines, calth, bearers, macragge, sergeant",0.48217228055000305
Changeling,0.0,4.993426049963026e-05,10,26,"tzeentch, nurgle, khorne, slaanesh, angels",0.36241912841796875
Simen Urvin Macharius Bonin,0.0,0.0002065687641205339,5,5,"tanith, regiment, trooper, colonel, commissar",0.5393776893615723
Lotara Sarrin,0.0006001476154955841,0.0007801625353939022,42,9,"legion, eaters, warband, khorne, dreadnought",0.5892916917800903
Leon Chirastes,0.0,8.859824432125909e-05,40,6,"wolves, fenris, pack, priest, prospero",0.5436392426490784
Baldr Fjolnir,0.0,4.8812633334746964e-05,40,6,"wolves, fenris, pack, priest, prospero",0.5742810964584351
Lhykosidae,0.0,9.135312677401489e-05,49,21,"eldar, craftworld, iyanden, ynnari, commorragh",0.4256203770637512
G'uttkhra - Thorns of Heaven,0.0,4.8812633334746964e-05,5,18,"warband, legion, scythes, tearers, sorcerer",0.5893861055374146
Promus,0.0,4.8812633334746964e-05,22,8,"legion, primarch, terra, m30, angels",0.5716997981071472
Viktarion,0.0,0.00032985787039532675,9,18,"warband, legion, scythes, tearers, sorcerer",0.8165186643600464
Otho (Dark Angels),0.0,7.367030905791418e-05,40,15,"angels, legion, caliban, chaplain, sergeant",0.5587010383605957
Uresh,0.0,6.72826972084746e-05,8,18,"warband, legion, scythes, tearers, sorcerer",0.9293374419212341
Keshiel,0.0,8.232516943753706e-05,21,15,"angels, legion, caliban, chaplain, sergeant",0.6929899454116821
Eksander Strix,0.0,4.8812633334746964e-05,45,9,"legion, eaters, warband, khorne, dreadnought",0.6554825901985168
Donas Maxim,0.0,8.627254326095562e-05,38,11,"farsight, house, trader, rogue, knights",
Poul Grevan,0.0,0.00010541330980736492,25,7,"ordo, retinue, xenos, malleus, inquisition",0.658258855342865
Cistrial Virn,0.0,0.00016761503333754,49,21,"eldar, craftworld, iyanden, ynnari, commorragh",0.6521583199501038
Jharek Kelmaur,0.0,6.67662607084339e-05,9,18,"warband, legion, scythes, tearers, sorcerer",0.7054508328437805
Tatianus,0.0,8.037169219128376e-05,9,13,"ultramarines, calth, bearers, macragge, sergeant",0.6295586824417114
Kahgor Lothsul,0.0,4.8812633334746964e-05,23,0,"legion, council, massacre, 220px, isstvan",0.4704223871231079
Kadai Vilaccan,6.30785254294474e-07,0.00035059497460694324,45,19,"custodes, terra, companions, shield, vengeful",0.48343560099601746
Kairos Fateweaver,0.012601238334911766,0.0008375172011161869,38,26,"tzeentch, nurgle, khorne, slaanesh, angels",0.4288870096206665
Xavier (Horus Heresy),0.0,0.00018981897087928465,22,0,"legion, council, massacre, 220px, isstvan",
Cadrig Pelenas,0.00022783083219645296,0.0004681347779421719,45,27,"knights, grey, brotherhood, armageddon, primarch",0.5007340908050537
Darhug,0.0,4.8812633334746964e-05,9,16,"primarch, legion, angels, terra, caliban",0.696578860282898
Mamon,0.0,4.8812633334746964e-05,7,26,"tzeentch, nurgle, khorne, slaanesh, angels",0.4052702486515045
Apharan (Primaris),0.0,0.00016231129847499437,7,15,"angels, legion, caliban, chaplain, sergeant",0.4729175865650177
Luce Spinoza,0.0027339699863574356,0.0006151083562138588,17,7,"ordo, retinue, xenos, malleus, inquisition",0.635054886341095
Gizhaum Danver De Banzi Haight Gilbear,0.0,4.8812633334746964e-05,5,24,"legion, regiment, general, colonel, worlds",0.5363409519195557
Dominic Seroff,0.0007282472820870819,0.00015488370182163182,6,22,"terra, lords, ecclesiarchy, admiral, indomitus",0.4577968120574951
Dvorik,0.0,0.00038848391214975657,42,27,"knights, grey, brotherhood, armageddon, primarch",0.4784432649612427
Aster Lydorran,0.004247612551159619,0.0003036801445374147,0,16,"primarch, legion, angels, terra, caliban",0.547368586063385
M'au,0.0,0.00011276716446336603,10,18,"warband, legion, scythes, tearers, sorcerer",0.7314149737358093
Variel (Deathwatch),0.0,0.00026162262827151666,37,18,"warband, legion, scythes, tearers, sorcerer",
Hechtor Dravere,0.0,0.00032339828998212536,5,12,"cadian, regiment, general, legion, cadia",0.6367090344429016
Djoseras,0.0,0.0005066213431899746,32,14,"necromunda, dynasty, house, necron, bounty",0.6586474776268005
Vûrtaq,0.0,4.8812633334746964e-05,9,13,"ultramarines, calth, bearers, macragge, sergeant",0.6669391989707947
Morven,0.0,4.8812633334746964e-05,47,10,"fists, legion, terra, fist, phalanx",0.5929985046386719
Garviel Loken,0.01754399236173802,0.005843488109135081,45,8,"legion, primarch, terra, m30, angels",0.6028336882591248
Cyrion,0.0,0.00012778039355883323,37,21,"eldar, craftworld, iyanden, ynnari, commorragh",0.5511202216148376
Stormheart,0.0,0.0003446007616055313,25,6,"wolves, fenris, pack, priest, prospero",0.8415905237197876
Marek Angeloi,0.0,0.00046711314230522236,3,9,"legion, eaters, warband, khorne, dreadnought",0.5986857414245605
Hallex,0.0,7.909254973230028e-05,7,7,"ordo, retinue, xenos, malleus, inquisition",0.47805050015449524
Diacomes,0.0,0.0003740308616419888,38,3,"mechanicum, mars, mechanicus, fabricator, tech",0.35047081112861633
Pasqal Haneumann,0.0,7.715670392368886e-05,2,3,"mechanicum, mars, mechanicus, fabricator, tech",
Theus (Blood Angels),0.0,6.506724632560625e-05,21,15,"angels, legion, caliban, chaplain, sergeant",0.5404425263404846
Elion,0.0,6.850570951123008e-05,9,12,"cadian, regiment, general, legion, cadia",0.7233492136001587
Stenius,0.0,0.00010911045001897253,37,15,"angels, legion, caliban, chaplain, sergeant",0.6759822368621826
Harkor,5.684402000909505e-07,0.00028114631219789766,9,8,"legion, primarch, terra, m30, angels",0.7293734550476074
Una Belphoebe,0.0,4.8812633334746964e-05,49,21,"eldar, craftworld, iyanden, ynnari, commorragh",0.512457013130188
Verzekh,0.0,6.956273588508804e-05,21,24,"legion, regiment, general, colonel, worlds",0.529019832611084
Deranax,0.0,4.8812633334746964e-05,45,16,"primarch, legion, angels, terra, caliban",0.3749999701976776
Altheous,0.0,7.959533017166343e-05,19,18,"warband, legion, scythes, tearers, sorcerer",0.4225076138973236
Ossuaria,0.0,0.0002002801368720111,32,14,"necromunda, dynasty, house, necron, bounty",0.6838099360466003
Urvin,0.0,9.286739766871231e-05,5,11,"farsight, house, trader, rogue, knights",0.5767191648483276
Sorael,0.00024158994152207147,0.0002579615298197622,40,15,"angels, legion, caliban, chaplain, sergeant",0.6517888307571411
Veritas Van Skorvold,0.0004556616643929059,0.00067904970648233,20,29,"drinkers, soul, fort, star, archmagos",0.6466212868690491
Ankhu Anen,0.0004556616643929059,0.00012147033061012278,22,8,"legion, primarch, terra, m30, angels",0.6081793904304504
Solana Vergen,0.0,7.864243317908601e-05,9,11,"farsight, house, trader, rogue, knights",0.43784332275390625
Nemiel,9.86692792783485e-05,0.00044347403554424915,37,15,"angels, legion, caliban, chaplain, sergeant",0.5295622944831848
Teus Sullus,0.0,0.00018776245555702842,38,13,"ultramarines, calth, bearers, macragge, sergeant",0.6688218116760254
Oghlosmus Bilge,0.0,0.00013448730711834207,23,24,"legion, regiment, general, colonel, worlds",
Ryvor,0.0,5.400015897233223e-05,10,15,"angels, legion, caliban, chaplain, sergeant",0.5754561424255371
Ordamael,0.0,4.8812633334746964e-05,21,15,"angels, legion, caliban, chaplain, sergeant",0.3945564031600952
Horatio Bugler,0.0,4.8812633334746964e-05,16,13,"ultramarines, calth, bearers, macragge, sergeant",0.3438437879085541
Asger Warfist,0.0,6.869635395894076e-05,36,6,"wolves, fenris, pack, priest, prospero",0.5786858797073364
Mumbres,0.0,0.00029356864220489415,6,19,"custodes, terra, companions, shield, vengeful",0.6061235666275024
Othis,2.4114857402715524e-05,0.0003603998930801203,38,12,"cadian, regiment, general, legion, cadia",0.5088342428207397
Dravii Lokis,0.0,4.8812633334746964e-05,40,14,"necromunda, dynasty, house, necron, bounty",0.44489896297454834
Naaman,6.10986504872484e-05,0.0004205744196896812,7,15,"angels, legion, caliban, chaplain, sergeant",0.4013475477695465
Melyssia,0.0,7.909254973230028e-05,38,26,"tzeentch, nurgle, khorne, slaanesh, angels",0.619991660118103
Xeros Darsway,0.0,0.00011900255159791247,17,10,"fists, legion, terra, fist, phalanx",0.6028076410293579
Argus Van Auken,0.0,0.00028922545686410183,36,3,"mechanicum, mars, mechanicus, fabricator, tech",0.6511297225952148
Fury (Freeblade),0.0,0.0003504778646303284,48,3,"mechanicum, mars, mechanicus, fabricator, tech",0.8679661750793457
Galeo (Magos),0.0,4.8812633334746964e-05,38,3,"mechanicum, mars, mechanicus, fabricator, tech",0.4655170440673828
N'keln,0.0007707096951688313,9.84091301648372e-05,22,2,"salamanders, legion, primarch, chaplain, massacre",0.5470100045204163
Bude,0.0,9.639961016190253e-05,5,5,"tanith, regiment, trooper, colonel, commissar",0.6128902435302734
Anna-Murza Jek,0.0010422799053889506,0.00015113456875384527,17,22,"terra, lords, ecclesiarchy, admiral, indomitus",0.5566725730895996
Gohho,0.0,5.7112674354883395e-05,5,5,"tanith, regiment, trooper, colonel, commissar",0.47897541522979736
Aghalbor,0.0,0.00026039484187427917,22,26,"tzeentch, nurgle, khorne, slaanesh, angels",0.4046854078769684
Ignace Karkasy,1.615589898532703e-05,0.0003295722783408813,45,9,"legion, eaters, warband, khorne, dreadnought",0.5579372048377991
Vorias,0.0,5.7112674354883395e-05,42,9,"legion, eaters, warband, khorne, dreadnought",0.494279682636261
Varras,0.0,8.295934282088263e-05,13,13,"ultramarines, calth, bearers, macragge, sergeant",
Huron-Fal,0.0,7.788303392783629e-05,23,9,"legion, eaters, warband, khorne, dreadnought",0.5982370376586914
Luther,0.014611416033711662,0.0021764823086956138,37,8,"legion, primarch, terra, m30, angels",0.5014081001281738
Ju,0.0,0.00010897686325392742,27,18,"warband, legion, scythes, tearers, sorcerer",0.621182918548584
Kelstros,0.0,6.447449632656469e-05,9,15,"angels, legion, caliban, chaplain, sergeant",0.7088803648948669
Emelia,0.0,4.8812633334746964e-05,16,1,"sisters, sororitas, canoness, sister, adepta",0.34742191433906555
Kelmon Firesight,0.0004556616643929059,0.00015542487033615474,49,21,"eldar, craftworld, iyanden, ynnari, commorragh",0.6049468517303467
Nahariel,0.0,4.8812633334746964e-05,37,15,"angels, legion, caliban, chaplain, sergeant",0.40034428238868713
Luc Sedirae,0.0005115109089553258,0.00030917518179669594,45,8,"legion, primarch, terra, m30, angels",0.591639518737793
Furan,8.640291041382446e-06,0.00015769787535796308,17,12,"cadian, regiment, general, legion, cadia",0.5569965243339539
Kar'Tor,0.0,4.8812633334746964e-05,22,2,"salamanders, legion, primarch, chaplain, massacre",0.5658971071243286
Querrian,0.0,0.00020841056970258648,40,7,"ordo, retinue, xenos, malleus, inquisition",0.3587028384208679
Kaleb Arin,6.926225207262042e-07,9.671881431865979e-05,23,20,"deathwatch, team, watch, sergeant, xenos",0.466956228017807
Simeon 38X,0.0,0.00011900255159791247,12,7,"ordo, retinue, xenos, malleus, inquisition",0.44739022850990295
Ardias (Red Templars),0.0,0.0002685598488450868,27,25,"templars, marshal, armageddon, orks, dreadnought",
Dellasarius,0.0,9.272776785539481e-05,9,12,"cadian, regiment, general, legion, cadia",0.4678173363208771
Raxiatel,0.0,6.956273588508804e-05,21,15,"angels, legion, caliban, chaplain, sergeant",0.39726749062538147
Umariel,0.0,4.8812633334746964e-05,10,15,"angels, legion, caliban, chaplain, sergeant",0.36026355624198914
Tallica Vare,0.0,4.8812633334746964e-05,39,22,"terra, lords, ecclesiarchy, admiral, indomitus",0.5548204779624939
Anahk'hir,0.00022783083219645296,0.0001440534104521166,45,27,"knights, grey, brotherhood, armageddon, primarch",0.6214821934700012
Ferik Jurgen,1.3642564802182811e-06,0.00047052071523989844,16,12,"cadian, regiment, general, legion, cadia",0.4628003239631653
Lor Dinda,0.0,0.000141596554719493,5,4,"vervunhive, tanith, regiment, commissar, colonel",0.5839411020278931
Krozier Va'kai,0.0,0.00037096771937952485,18,10,"fists, legion, terra, fist, phalanx",0.7313812375068665
Mktag,0.0,7.251711925453786e-05,5,5,"tanith, regiment, trooper, colonel, commissar",0.6798784732818604
Mtane,0.0,7.122810319502e-05,5,5,"tanith, regiment, trooper, colonel, commissar",0.6605910062789917
Loreson Unfleshed,0.0,4.8812633334746964e-05,1,0,"legion, council, massacre, 220px, isstvan",0.5612252354621887
Belphegor,0.0,8.066543903975635e-05,7,15,"angels, legion, caliban, chaplain, sergeant",0.6606439352035522
Maroth,0.0004556616643929059,0.00024817898336569307,22,23,"thousand, wolves, legion, prospero, sorcerer",0.6086467504501343
Remo,0.0,0.00019866283812911074,42,7,"ordo, retinue, xenos, malleus, inquisition",0.6996064186096191
Jaro Berne,1.3642564802182811e-06,0.00011673089444725593,6,12,"cadian, regiment, general, legion, cadia",0.7762677073478699
Harald Firetooth,0.0,0.00010110058868555147,36,10,"fists, legion, terra, fist, phalanx",0.5462239384651184
Hurlie Wrex,0.0,0.00010258849421816229,25,7,"ordo, retinue, xenos, malleus, inquisition",0.7201175093650818
Didacus Theron,0.0,4.8812633334746964e-05,38,24,"legion, regiment, general, colonel, worlds",0.6930393576622009
Jeremias,0.0,4.8812633334746964e-05,29,7,"ordo, retinue, xenos, malleus, inquisition",0.2523161768913269
Decario,0.0,0.0001934028661952861,42,18,"warband, legion, scythes, tearers, sorcerer",0.5224012732505798
Ezekial Yesod,0.0021282401091405187,0.0004190212416845263,6,25,"templars, marshal, armageddon, orks, dreadnought",0.6997523307800293
Azelas Baraxa,0.00019189268043147298,0.0003058631853958083,45,19,"custodes, terra, companions, shield, vengeful",0.6119227409362793
Canis Wolfborn,0.00022783083219645296,0.0003078068273727229,40,6,"wolves, fenris, pack, priest, prospero",0.5944907069206238
Mordecai Toth,6.170004181891723e-07,0.0002154849826971443,26,17,"ravens, eldar, seed, tau, legion",0.6134594082832336
Gallent Sidozie,8.751495585046387e-06,0.00015211751127001293,45,28,"scars, white, legion, brotherhood, garmon",0.4948042929172516
Gidoreas,0.0,4.8812633334746964e-05,1,10,"fists, legion, terra, fist, phalanx",0.6126768589019775
Nadzybar,0.0,0.0027129674110493752,5,9,"legion, eaters, warband, khorne, dreadnought",0.4696215093135834
Valentin Drusher,0.0,0.001027837598214724,25,6,"wolves, fenris, pack, priest, prospero",0.9310605525970459
Albinus,0.0,9.37717162725421e-05,21,15,"angels, legion, caliban, chaplain, sergeant",0.4975129961967468
Otagai,0.0,4.8812633334746964e-05,10,28,"scars, white, legion, brotherhood, garmon",0.33851659297943115
Dagos One-eye,0.0,0.00013257839999885446,35,14,"necromunda, dynasty, house, necron, bounty",0.558163046836853
Hasfael,0.0,5.881321279118773e-05,37,18,"warband, legion, scythes, tearers, sorcerer",0.6231521368026733
Leops Franck,0.00022919508867667122,0.00024956125455702756,17,21,"eldar, craftworld, iyanden, ynnari, commorragh",0.6534868478775024
Melusine,3.575663770910965e-05,0.0006195010070808593,1,26,"tzeentch, nurgle, khorne, slaanesh, angels",0.4542067050933838
Hjalmar Stormfist,0.0,0.00024733107986573343,40,6,"wolves, fenris, pack, priest, prospero",0.5506916046142578
Satel Aimery,3.926007680595031e-05,0.0003319770813553633,21,15,"angels, legion, caliban, chaplain, sergeant",0.5439490675926208
Fisk Halen,0.0,8.297979235463428e-05,21,10,"fists, legion, terra, fist, phalanx",
Gurloch,0.0,0.00013228737582200782,46,18,"warband, legion, scythes, tearers, sorcerer",0.6569817662239075
Brannad,0.0,0.00013805444898212842,17,7,"ordo, retinue, xenos, malleus, inquisition",0.6916099786758423
Icetooth,0.0,0.0002314609874089779,40,6,"wolves, fenris, pack, priest, prospero",0.6008925437927246
Vek'shen,0.0,4.8812633334746964e-05,22,2,"salamanders, legion, primarch, chaplain, massacre",0.6519018411636353
Kerrig Thrax,0.0,6.811730941704556e-05,18,12,"cadian, regiment, general, legion, cadia",0.842601478099823
Verulam Moy,1.5234578226893144e-07,0.00033468414933568046,45,8,"legion, primarch, terra, m30, angels",0.8490891456604004
Ursarkar E. Creed,0.003789732100866056,0.0019051485603198966,13,12,"cadian, regiment, general, legion, cadia",0.5402041673660278
Tartorekh,0.0,0.00019242009053865584,6,14,"necromunda, dynasty, house, necron, bounty",0.6327500939369202
Obyron,5.241018644838563e-05,0.0006186493861190666,10,14,"necromunda, dynasty, house, necron, bounty",0.5290022492408752
Shas'el T'au Lusha,0.0,4.8812633334746964e-05,27,12,"cadian, regiment, general, legion, cadia",0.6959948539733887
Tarantine,0.0,8.491117128625524e-05,5,24,"legion, regiment, general, colonel, worlds",0.6305466890335083
Valorem Gadriel,0.0,7.52157884908885e-05,9,13,"ultramarines, calth, bearers, macragge, sergeant",0.653309166431427
Las Taol,0.0,4.8812633334746964e-05,46,3,"mechanicum, mars, mechanicus, fabricator, tech",0.7131210565567017
Drazus Jate,2.7285129604365623e-06,0.0008703922575372816,18,12,"cadian, regiment, general, legion, cadia",0.7162287831306458
Seena,0.0,8.491117128625524e-05,5,4,"vervunhive, tanith, regiment, commissar, colonel",0.8586814999580383
Icaris,0.0,0.00011591091401645238,28,20,"deathwatch, team, watch, sergeant, xenos",0.42327022552490234
Petronella Vivar,0.00022783083219645296,0.0001652446385283189,45,1,"sisters, sororitas, canoness, sister, adepta",0.5055764317512512
Racej Lucerne,2.1422616340760956e-05,0.00015196042279777767,38,25,"templars, marshal, armageddon, orks, dreadnought",0.45104098320007324
Corvus Corax,0.006548168096382937,0.0014390273745986492,8,8,"legion, primarch, terra, m30, angels",0.6072205305099487
Severian (Ultramarines),0.0,0.00018854435757106042,45,13,"ultramarines, calth, bearers, macragge, sergeant",
Vexwing,0.0,4.8812633334746964e-05,49,21,"eldar, craftworld, iyanden, ynnari, commorragh",0.35702085494995117
Kuvelo,0.0,4.8812633334746964e-05,5,24,"legion, regiment, general, colonel, worlds",0.511355459690094
Lurgon,0.0,0.00016573564261435563,7,26,"tzeentch, nurgle, khorne, slaanesh, angels",0.48986390233039856
Tannah Gwynne,0.0,0.00011055320248436753,39,11,"farsight, house, trader, rogue, knights",0.478914350271225
Collix,0.0,0.00010911045001897253,9,24,"legion, regiment, general, colonel, worlds",0.7859231233596802
Krieg Acerbus,0.0009113233287858119,0.00016055995969084243,37,8,"legion, primarch, terra, m30, angels",0.6538578271865845
Halji,0.0,4.8812633334746964e-05,23,28,"scars, white, legion, brotherhood, garmon",0.5404367446899414
Vadhán,0.0,4.8812633334746964e-05,6,13,"ultramarines, calth, bearers, macragge, sergeant",0.5683978199958801
Nemean,8.757748538289713e-05,0.00015660286603766036,45,8,"legion, primarch, terra, m30, angels",0.6329490542411804
Cornelius von Ravensburg,0.0,0.00020947230484930673,40,24,"legion, regiment, general, colonel, worlds",
Leonid Osma,0.0,8.782802568611247e-05,25,7,"ordo, retinue, xenos, malleus, inquisition",0.5687841176986694
Tolemion,0.0,6.35276390530333e-05,37,9,"legion, eaters, warband, khorne, dreadnought",0.4947623014450073
Lansted,0.0,0.00010950861676796631,18,24,"legion, regiment, general, colonel, worlds",0.5475115180015564
Demetrian Titus,0.012396341308766438,0.0013927331579055996,9,8,"legion, primarch, terra, m30, angels",0.5287488698959351
Lilith Abfequarn,0.006216789487016889,0.0003958489400986028,5,7,"ordo, retinue, xenos, malleus, inquisition",0.4265170097351074
Edwin Savaul,2.7285129604365623e-06,0.0003696856685503043,6,7,"ordo, retinue, xenos, malleus, inquisition",0.6844069361686707
Vardas Ison,0.00010567854261887541,0.0002313932410809923,45,27,"knights, grey, brotherhood, armageddon, primarch",0.5524869561195374
Tylos Rubio,7.17754475125796e-05,0.0008432664558411115,45,8,"legion, primarch, terra, m30, angels",0.5144559741020203
Tziz Jarek,0.0,6.956273588508804e-05,33,11,"farsight, house, trader, rogue, knights",0.43412309885025024
Astador,0.00022783083219645296,0.0001030256466956748,9,20,"deathwatch, team, watch, sergeant, xenos",0.5341328978538513
Verano Ebb,0.0,4.8812633334746964e-05,22,24,"legion, regiment, general, colonel, worlds",0.617090106010437
Giyahun,0.0,0.00015410963515131963,23,28,"scars, white, legion, brotherhood, garmon",0.646450400352478
Ghelt,0.0,7.07553629846134e-05,42,24,"legion, regiment, general, colonel, worlds",0.7326245307922363
Baldarun,0.0,8.491117128625524e-05,18,18,"warband, legion, scythes, tearers, sorcerer",0.5211857557296753
Syrakul,0.0004556616643929059,8.812710892637494e-05,45,6,"wolves, fenris, pack, priest, prospero",0.7064282298088074
Korsiron,0.0,0.0002736648147299885,47,23,"thousand, wolves, legion, prospero, sorcerer",0.5144414305686951
Osmadiel,0.0,6.914788215839857e-05,40,22,"terra, lords, ecclesiarchy, admiral, indomitus",0.516200840473175
Silberlant Sevos,0.0,6.274903443551023e-05,35,21,"eldar, craftworld, iyanden, ynnari, commorragh",0.4399939775466919
Antigonus,0.0,0.00021814292178261261,48,3,"mechanicum, mars, mechanicus, fabricator, tech",0.5000080466270447
Kazzim-Aleph-1,0.0003564347224223722,0.00012409514803739897,45,16,"primarch, legion, angels, terra, caliban",0.506892740726471
Serena D'Angelus,1.8430837546478349e-06,0.0007950745797316438,1,21,"eldar, craftworld, iyanden, ynnari, commorragh",0.5170568227767944
Furiae,0.0,8.295934282088263e-05,13,13,"ultramarines, calth, bearers, macragge, sergeant",0.7722105979919434
Selgar Dorgaddon,3.288832586240499e-06,0.00019107006573087948,45,16,"primarch, legion, angels, terra, caliban",0.4431736171245575
Alpha Primus (Space Marine),0.00034422616465830223,0.0009812213618780208,38,8,"legion, primarch, terra, m30, angels",0.4422720670700073
Turazan,0.0,6.8676267261061e-05,37,24,"legion, regiment, general, colonel, worlds",0.6039227247238159
Metik,0.0,0.0001245382985283031,19,7,"ordo, retinue, xenos, malleus, inquisition",0.5335345268249512
Cassios,0.0,0.0008001860295641212,3,13,"ultramarines, calth, bearers, macragge, sergeant",0.7500870227813721
Lugo,2.573852931970258e-05,0.0009329986773769514,5,12,"cadian, regiment, general, legion, cadia",0.5999337434768677
Sapphire King,0.0,0.0001684327267315535,1,26,"tzeentch, nurgle, khorne, slaanesh, angels",0.48886600136756897
Ulrik,0.0034609675919329724,0.00034427597885440265,40,6,"wolves, fenris, pack, priest, prospero",0.6040831208229065
Agun Soric,0.0016569222299307395,0.00032620917769036,5,4,"vervunhive, tanith, regiment, commissar, colonel",0.5382123589515686
Ottar (Wolf Lord),0.0,0.0002505905122043941,13,6,"wolves, fenris, pack, priest, prospero",0.6571752429008484
Speaker,0.0,6.264603503497435e-05,22,26,"tzeentch, nurgle, khorne, slaanesh, angels",0.5430514216423035
Sanian,3.537432324979915e-05,0.000106506732504691,5,1,"sisters, sororitas, canoness, sister, adepta",0.49912896752357483
Festardius,0.0,6.264603503497435e-05,18,11,"farsight, house, trader, rogue, knights",0.5082927346229553
Kernax Voldorius,0.00010260570459666812,0.0006501805765520546,10,28,"scars, white, legion, brotherhood, garmon",0.4368612468242645
Gholic Ren-Sar Valinov,0.0,0.00024338916604718875,48,7,"ordo, retinue, xenos, malleus, inquisition",0.463222861289978
Crimson King (Necron Lord),0.001358799454297408,7.064306121906681e-05,1,14,"necromunda, dynasty, house, necron, bounty",0.3717283308506012
Nekaybraianon,0.0,0.000503455578773611,33,7,"ordo, retinue, xenos, malleus, inquisition",0.7729172706604004
Nymarn,0.0,4.8812633334746964e-05,7,15,"angels, legion, caliban, chaplain, sergeant",0.3287082314491272
Andhrimnir,0.0,0.00022643723984540847,40,6,"wolves, fenris, pack, priest, prospero",0.4511261284351349
Markos Dar Draconis,0.0,0.0002877147306253583,24,11,"farsight, house, trader, rogue, knights",0.5432929396629333
Lycestra,0.0,8.192204970196603e-05,33,1,"sisters, sororitas, canoness, sister, adepta",0.59426349401474
Mar Av Ashariel,9.408665380815732e-08,8.303810003209593e-05,17,22,"terra, lords, ecclesiarchy, admiral, indomitus",0.6409521102905273
Hazrael,0.0,0.00018664875541876344,37,15,"angels, legion, caliban, chaplain, sergeant",1.0
Garran Torvig,0.0,0.0002449121638878509,47,0,"legion, council, massacre, 220px, isstvan",0.7509421110153198
Gerard,0.0,0.00011168504249262704,6,25,"templars, marshal, armageddon, orks, dreadnought",0.8070102334022522
LaSalle,0.0,4.8812633334746964e-05,5,5,"tanith, regiment, trooper, colonel, commissar",0.6209361553192139
Iago,0.0,4.8812633334746964e-05,9,10,"fists, legion, terra, fist, phalanx",0.5281049609184265
Hurtado Bronzi,0.0,0.00029096111641520756,47,12,"cadian, regiment, general, legion, cadia",0.598798394203186
Avitus,0.00022783083219645296,6.56284927112489e-05,26,12,"cadian, regiment, general, legion, cadia",0.6057997345924377
Autek Mor,0.0,0.00016542369455352848,1,8,"legion, primarch, terra, m30, angels",0.6302714943885803
Gharal (Captain),0.0,5.3956307320937595e-05,9,12,"cadian, regiment, general, legion, cadia",0.5187116265296936
Severnius,0.0,0.00014301550767987023,22,7,"ordo, retinue, xenos, malleus, inquisition",0.541862428188324
Nakir,0.0,4.8812633334746964e-05,7,15,"angels, legion, caliban, chaplain, sergeant",0.4287482500076294
Phelian,0.0,6.336365665773972e-05,9,13,"ultramarines, calth, bearers, macragge, sergeant",0.645588219165802
Ruarik,0.0,6.811730941704556e-05,40,6,"wolves, fenris, pack, priest, prospero",0.7134495377540588
Hrollo,0.0,0.00014333112018739507,6,25,"templars, marshal, armageddon, orks, dreadnought",0.5108201503753662
Rund,0.0,9.68257367341193e-05,10,26,"tzeentch, nurgle, khorne, slaanesh, angels",0.7266998291015625
Aaetpio,0.0,7.863340462567409e-05,22,26,"tzeentch, nurgle, khorne, slaanesh, angels",0.29152822494506836
Garos Hargrim,0.0,4.8812633334746964e-05,1,10,"fists, legion, terra, fist, phalanx",0.37620213627815247
Gerantius,0.0,0.0006954332186793757,7,21,"eldar, craftworld, iyanden, ynnari, commorragh",0.5822826027870178
Vael Donatus,0.0,8.339613758531541e-05,9,13,"ultramarines, calth, bearers, macragge, sergeant",0.5589727759361267
Wrathe,0.0,5.092934143936653e-05,42,9,"legion, eaters, warband, khorne, dreadnought",0.6722383499145508
Jasmine,0.0,0.0001028892473042297,6,25,"templars, marshal, armageddon, orks, dreadnought",0.5825340747833252
Kleitus,0.0,0.00020856667663851256,17,10,"fists, legion, terra, fist, phalanx",0.5802785158157349
Kantus,0.0,0.00013148449308858148,42,20,"deathwatch, team, watch, sergeant, xenos",0.6807798147201538
Dremmond,0.0004556616643929059,7.46970956158923e-05,5,5,"tanith, regiment, trooper, colonel, commissar",0.5905907154083252
Kurrinon,0.0,0.0002065687641205339,42,9,"legion, eaters, warband, khorne, dreadnought",0.5022509098052979
Idamas,0.0001229540610893379,0.00029432782938446935,21,15,"angels, legion, caliban, chaplain, sergeant",0.5561351180076599
Arcadian Leontus,0.0,0.0001270980485608265,17,22,"terra, lords, ecclesiarchy, admiral, indomitus",0.5648472905158997
Sindri Myr,2.773988176443838e-06,0.001015894983964189,26,17,"ravens, eldar, seed, tau, legion",0.6267699599266052
Vertis,0.0,8.491117128625524e-05,17,10,"fists, legion, terra, fist, phalanx",0.5720919966697693
Simion Pentasian,0.0,5.572933418486065e-05,45,22,"terra, lords, ecclesiarchy, admiral, indomitus",0.5738714933395386
Erasmus Golg,4.91051794861617e-07,0.00015216866288091514,9,8,"legion, primarch, terra, m30, angels",0.6842786073684692
Sumant Giri Phalguni Tirtha,0.0,4.8812633334746964e-05,45,19,"custodes, terra, companions, shield, vengeful",0.5395296812057495
Alcetas Castael,0.0,0.00020189437140371853,21,15,"angels, legion, caliban, chaplain, sergeant",0.41283538937568665
Jakr,0.0,0.00011465558781274816,37,24,"legion, regiment, general, colonel, worlds",0.7540565729141235
Efried,0.0,5.881321279118773e-05,45,10,"fists, legion, terra, fist, phalanx",0.6572184562683105
Isak,0.0,6.641407818552026e-05,5,4,"vervunhive, tanith, regiment, commissar, colonel",0.6442267298698425
Leod Baldwin,0.0,5.5895633388249855e-05,21,10,"fists, legion, terra, fist, phalanx",0.6099432706832886
Endre Woll,0.0,0.00010911045001897253,5,24,"legion, regiment, general, colonel, worlds",0.8551119565963745
Cadaran,0.0,9.437988499076723e-05,37,16,"primarch, legion, angels, terra, caliban",0.7118778824806213
Lesordus,0.0,4.8812633334746964e-05,0,10,"fists, legion, terra, fist, phalanx",0.6491819024085999
Raldoron,0.006311517770709104,0.0012482529301349717,21,15,"angels, legion, caliban, chaplain, sergeant",0.5377153754234314
Colvane Brasch,0.0,6.877675343575498e-05,17,24,"legion, regiment, general, colonel, worlds",0.5993620157241821
Alexis XXII,0.0,0.00010755467941530835,33,1,"sisters, sororitas, canoness, sister, adepta",0.41257011890411377
Caito Galenus,0.0,0.00010268588934414113,9,13,"ultramarines, calth, bearers, macragge, sergeant",0.5520660281181335
Ael Wyntor,0.0,0.00048038709196115883,45,21,"eldar, craftworld, iyanden, ynnari, commorragh",0.5321157574653625
Toriel,0.0,6.853007889193492e-05,37,9,"legion, eaters, warband, khorne, dreadnought",0.512445867061615
Tsolmon Khan,0.0,8.491117128625524e-05,23,28,"scars, white, legion, brotherhood, garmon",0.6293076276779175
Von Kalda,0.0,0.00016518159319683142,23,26,"tzeentch, nurgle, khorne, slaanesh, angels",0.5249133110046387
Arkio,0.0021855873120903086,0.0004231543788477301,21,15,"angels, legion, caliban, chaplain, sergeant",0.5012929439544678
Tur Zalak,0.0,0.000141596554719493,21,15,"angels, legion, caliban, chaplain, sergeant",0.5333330035209656
Brightsword,0.0,0.0001357367671336337,27,9,"legion, eaters, warband, khorne, dreadnought",0.4069880247116089
Acastia,0.0,8.491117128625524e-05,11,3,"mechanicum, mars, mechanicus, fabricator, tech",0.6914010643959045
Raezazel,0.0,7.839168399992726e-05,48,26,"tzeentch, nurgle, khorne, slaanesh, angels",0.3790576159954071
Erastus (Chaplain),0.0011391541609822647,0.00038926713100132204,17,10,"fists, legion, terra, fist, phalanx",0.7405280470848083
Argastes,0.0,4.8812633334746964e-05,21,15,"angels, legion, caliban, chaplain, sergeant",0.4749895930290222
Prisoner UD-414,0.0,0.0001273388513714279,35,14,"necromunda, dynasty, house, necron, bounty",0.523210883140564
Infareem Infardus,0.0,4.8812633334746964e-05,5,24,"legion, regiment, general, colonel, worlds",0.5633037686347961
Crucible of Wrath,0.0,0.0008217266447225035,10,15,"angels, legion, caliban, chaplain, sergeant",0.6094372272491455
Asphodel,0.0009142309828932653,0.0004289615515600671,5,3,"mechanicum, mars, mechanicus, fabricator, tech",0.3976239562034607
Morias Leuze,0.002116643929058663,0.00041732800946341726,9,3,"mechanicum, mars, mechanicus, fabricator, tech",0.5769748687744141
Sven Dragonfire,0.0,0.00013534670704254937,40,6,"wolves, fenris, pack, priest, prospero",0.5720005035400391
Marnoc,0.0004556616643929059,0.0004025024153768887,43,12,"cadian, regiment, general, legion, cadia",0.8070247173309326
Sorl Mebbon,0.0,9.417499599516514e-05,7,15,"angels, legion, caliban, chaplain, sergeant",0.5208293795585632
Malek,0.0,0.00011984726693449396,37,24,"legion, regiment, general, colonel, worlds",
Bel-Annath,0.0,4.8812633334746964e-05,49,21,"eldar, craftworld, iyanden, ynnari, commorragh",0.44481202960014343
Johannes Berengar,0.00018628005974429267,0.00038684713585828323,1,25,"templars, marshal, armageddon, orks, dreadnought",0.4835573732852936
Rucka,0.0,8.491117128625524e-05,22,12,"cadian, regiment, general, legion, cadia",0.5516536235809326
Cornelis Absolom,0.0,4.8812633334746964e-05,5,12,"cadian, regiment, general, legion, cadia",0.5171745419502258
Gannen,0.0,8.491117128625524e-05,5,4,"vervunhive, tanith, regiment, commissar, colonel",0.8838258981704712
Keorn Asata,0.0,7.396848954479939e-05,9,13,"ultramarines, calth, bearers, macragge, sergeant",0.6111160516738892
Lost Ones,0.0,0.00039100027329043,35,11,"farsight, house, trader, rogue, knights",0.5951131582260132
Fuegan,4.014912538102803e-05,0.00036573140429248014,49,21,"eldar, craftworld, iyanden, ynnari, commorragh",0.5509612560272217
Lanval,0.0,4.8812633334746964e-05,7,15,"angels, legion, caliban, chaplain, sergeant",0.6491507291793823
Ascari Valkar,0.0,0.00011900255159791247,9,12,"cadian, regiment, general, legion, cadia",0.6840515732765198
Trug Vereas,0.0,0.00010911045001897253,5,4,"vervunhive, tanith, regiment, commissar, colonel",0.7487578392028809
Zar Tavik,0.0,6.853007889193492e-05,37,24,"legion, regiment, general, colonel, worlds",0.6557406187057495
Mansirius Thorcyra,0.0,0.00029698549117982494,3,18,"warband, legion, scythes, tearers, sorcerer",
Simeon,0.0023424283765347887,9.928065472347315e-05,21,7,"ordo, retinue, xenos, malleus, inquisition",0.5875307321548462
Lheorvine Ukris,0.00011030449764785883,0.00027636586641774483,45,9,"legion, eaters, warband, khorne, dreadnought",0.5467509627342224
Sebastien Montante,0.00022783083219645296,0.00013104632239401018,9,13,"ultramarines, calth, bearers, macragge, sergeant",0.619440495967865
Avia Pureheart,0.0,0.00038939303212171694,12,25,"templars, marshal, armageddon, orks, dreadnought",0.6190600395202637
Geldling,0.0,0.00022283650912017104,49,26,"tzeentch, nurgle, khorne, slaanesh, angels",0.4080941081047058
Saint Celestine,0.007688180048202831,0.002493753286763337,38,1,"sisters, sororitas, canoness, sister, adepta",0.4696881175041199
Mauvais,0.00027389325038466877,0.00044245889561700006,1,16,"primarch, legion, angels, terra, caliban",0.6306064128875732
Vandius,0.0001442769706746709,0.00010522660281373743,9,13,"ultramarines, calth, bearers, macragge, sergeant",0.6277093887329102
Titus Valens,0.00022783083219645296,0.00018145734051968346,38,22,"terra, lords, ecclesiarchy, admiral, indomitus",0.6575305461883545
Nemo,0.0,0.00040027207648168873,35,14,"necromunda, dynasty, house, necron, bounty",0.36048972606658936
Murdin Eyclone,8.085323325761802e-05,0.000311405566782552,25,7,"ordo, retinue, xenos, malleus, inquisition",0.46646183729171753
Hyperion,0.00984815520484876,0.000627628708360123,42,7,"ordo, retinue, xenos, malleus, inquisition",0.3511301875114441
Ghargatuloth,0.0,0.000441574385137748,48,26,"tzeentch, nurgle, khorne, slaanesh, angels",0.35791999101638794
Bakhariel,0.0,0.00013835894723906832,37,26,"tzeentch, nurgle, khorne, slaanesh, angels",0.517608106136322
Kalkator,0.0003439533089205306,0.00030391461634345535,36,18,"warband, legion, scythes, tearers, sorcerer",0.5598098635673523
Madius,0.0,4.8812633334746964e-05,45,10,"fists, legion, terra, fist, phalanx",0.45068633556365967
Nykona Sharrowkyn,0.002540086904189563,0.0006553198161574582,1,8,"legion, primarch, terra, m30, angels",0.5145767331123352
Jeremiah,0.0,9.500861068883156e-05,12,7,"ordo, retinue, xenos, malleus, inquisition",0.5944452285766602
Ari Danks,0.0,4.8812633334746964e-05,5,18,"warband, legion, scythes, tearers, sorcerer",0.6377098560333252
Sandor Galleas,0.0,0.0003300469575916461,9,10,"fists, legion, terra, fist, phalanx",0.39532724022865295
Nour,2.717144156434743e-05,7.800912193755197e-05,5,5,"tanith, regiment, trooper, colonel, commissar",0.6885805726051331
Cor’bax Utterblight,1.935132485301176e-05,0.00014615145767914902,45,26,"tzeentch, nurgle, khorne, slaanesh, angels",0.4452233910560608
Artiom Wendyl,0.0,4.8812633334746964e-05,1,19,"custodes, terra, companions, shield, vengeful",0.5703545212745667
Kjarl Grimblood,0.0,0.00010911045001897253,40,6,"wolves, fenris, pack, priest, prospero",0.49752283096313477
Katsuhiro,0.0002670030715576787,0.00025889723890593856,45,9,"legion, eaters, warband, khorne, dreadnought",0.44334906339645386
Kiodrus,0.0007073217592530386,0.0010340410135610892,5,25,"templars, marshal, armageddon, orks, dreadnought",0.4808517396450043
Illic Nightspear,0.0,0.0002602112884570023,10,21,"eldar, craftworld, iyanden, ynnari, commorragh",0.36410269141197205
Lon,0.0,0.0002494609113145254,47,24,"legion, regiment, general, colonel, worlds",0.6229463815689087
Mercutian,1.3102145067500895e-06,5.9899346588563734e-05,49,21,"eldar, craftworld, iyanden, ynnari, commorragh",0.5341891646385193
Argenta (Adepta Sororitas),0.0,0.00030863245003435145,2,1,"sisters, sororitas, canoness, sister, adepta",0.4648807644844055
Daiogan,0.0,8.491117128625524e-05,20,29,"drinkers, soul, fort, star, archmagos",0.7446931600570679
Tyrask,0.0,8.491117128625524e-05,34,19,"custodes, terra, companions, shield, vengeful",0.8458395004272461
Maktlan Kutlakh,0.0,7.801154434443309e-05,17,14,"necromunda, dynasty, house, necron, bounty",
Trojon Kull,0.0,4.8812633334746964e-05,7,28,"scars, white, legion, brotherhood, garmon",0.5589489340782166
Munokhoi,0.0,6.956273588508804e-05,23,28,"scars, white, legion, brotherhood, garmon",0.5814743638038635
Dematris,0.0,0.00013053530641783835,46,16,"primarch, legion, angels, terra, caliban",0.763264536857605
Argos,0.0,4.8812633334746964e-05,22,2,"salamanders, legion, primarch, chaplain, massacre",0.5602466464042664
Adelbert,1.3642564802182811e-06,0.00015192406021030826,1,25,"templars, marshal, armageddon, orks, dreadnought",0.2453926056623459
Symphonia Dask,0.0,0.00015458762301881175,39,11,"farsight, house, trader, rogue, knights",0.3739691376686096
Junos Gileain Ulanti,0.0,0.00014651480109961773,35,14,"necromunda, dynasty, house, necron, bounty",0.703885555267334
Pusilimus,0.0,7.34351945930038e-05,32,7,"ordo, retinue, xenos, malleus, inquisition",0.724592924118042
Abelard Werserian,0.0,0.00025347013440929825,2,11,"farsight, house, trader, rogue, knights",0.8281250596046448
Ulrach Branthan,0.0002296091048993112,0.0002448065660901204,1,0,"legion, council, massacre, 220px, isstvan",0.5305011868476868
Lucien Yavarius-Khau,0.0,0.0004900174870354607,39,22,"terra, lords, ecclesiarchy, admiral, indomitus",
Leofric (Dark Angels),0.0,0.00011295044408308147,19,15,"angels, legion, caliban, chaplain, sergeant",
Caradoc (Tutor),0.0,0.00016087257565201485,30,18,"warband, legion, scythes, tearers, sorcerer",0.3797805607318878
Darius (Knight),0.0,8.491117128625524e-05,10,11,"farsight, house, trader, rogue, knights",0.5688397884368896
Gentran,0.0,7.35303325393288e-05,46,3,"mechanicum, mars, mechanicus, fabricator, tech",0.6745020151138306
Zarathusa,0.0,0.00012100970923776352,32,14,"necromunda, dynasty, house, necron, bounty",0.4787460267543793
Amim Kargori,0.0,0.000141596554719493,7,24,"legion, regiment, general, colonel, worlds",0.6329342126846313
Vorx,0.0,0.00013630909413455067,23,18,"warband, legion, scythes, tearers, sorcerer",0.6063106656074524
Marius Vairosean,0.0008407125293942135,0.00025138762920519234,1,8,"legion, primarch, terra, m30, angels",0.49689188599586487
Ka'Bandha,0.000708699951799034,0.0017565451150191654,21,26,"tzeentch, nurgle, khorne, slaanesh, angels",0.540402889251709
Theodosios,0.0,0.00032019256528780535,3,18,"warband, legion, scythes, tearers, sorcerer",0.7707180976867676
Lornoskia Helmawr,5.4570259208731245e-06,0.0003209021034462631,35,14,"necromunda, dynasty, house, necron, bounty",0.9065433144569397
Argento (Inquisitor),0.0,0.00020504886832995513,12,7,"ordo, retinue, xenos, malleus, inquisition",0.6314918398857117
Icharos Malvoisin,0.0,4.8812633334746964e-05,7,15,"angels, legion, caliban, chaplain, sergeant",0.8465859293937683
Amon,0.00434366533335376,0.0008020363345652886,22,8,"legion, primarch, terra, m30, angels",0.563231885433197
Astamorkhus Grine-Theta,0.0,4.8812633334746964e-05,12,3,"mechanicum, mars, mechanicus, fabricator, tech",0.5003530979156494
Haessler,0.0,6.956273588508804e-05,17,10,"fists, legion, terra, fist, phalanx",0.6223094463348389
Hrani,0.0,8.491117128625524e-05,40,6,"wolves, fenris, pack, priest, prospero",0.7493889331817627
Cato Sicarius,0.027158361627724954,0.0013541203187995038,9,13,"ultramarines, calth, bearers, macragge, sergeant",0.5555387139320374
Doombreed,0.00016448459965970804,0.00020432271865493233,22,26,"tzeentch, nurgle, khorne, slaanesh, angels",0.4198589324951172
Andreas Carnhide,0.0,4.8812633334746964e-05,5,24,"legion, regiment, general, colonel, worlds",0.721154510974884
Zadakine Volta,0.0,0.000141596554719493,7,3,"mechanicum, mars, mechanicus, fabricator, tech",0.5254835486412048
Mytoxis,0.0,9.392435184634141e-05,38,26,"tzeentch, nurgle, khorne, slaanesh, angels",0.43808531761169434
M'kar,0.004616311729922649,0.0006206781620653732,9,8,"legion, primarch, terra, m30, angels",0.46809032559394836
Khalybus,0.0,9.672013900737706e-05,1,16,"primarch, legion, angels, terra, caliban",0.5138723254203796
Loyalists of the Traitor Legions,0.0,0.00012662772639242625,45,1,"sisters, sororitas, canoness, sister, adepta",0.3636092245578766
Orpheus Taelos,0.0,4.8812633334746964e-05,17,10,"fists, legion, terra, fist, phalanx",0.580575168132782
Ma'dakh Soulfyre,0.0,4.8812633334746964e-05,40,23,"thousand, wolves, legion, prospero, sorcerer",0.4192279577255249
Aun'shi,0.0,0.00010056174355060568,27,21,"eldar, craftworld, iyanden, ynnari, commorragh",
Stigand,0.0,4.8812633334746964e-05,5,5,"tanith, regiment, trooper, colonel, commissar",0.6553170680999756
Ronahn,0.0006848567530695771,0.00012204516975991315,26,21,"eldar, craftworld, iyanden, ynnari, commorragh",0.5387231111526489
Patrekr,0.0,8.334371917709664e-05,40,26,"tzeentch, nurgle, khorne, slaanesh, angels",0.5297467112541199
Alpharius Omegon,0.003255062766341055,0.0008231471655539943,45,8,"legion, primarch, terra, m30, angels",0.6174420714378357
Gabrael,0.0,0.0003669019710250807,27,15,"angels, legion, caliban, chaplain, sergeant",0.6903554797172546
Anchrum,0.0,4.8812633334746964e-05,42,27,"knights, grey, brotherhood, armageddon, primarch",0.5547152161598206
Rowd,0.0,0.00011450661219944225,38,13,"ultramarines, calth, bearers, macragge, sergeant",0.6543871164321899
Ursula J. Creed,0.0004556616643929059,0.0008557276451367389,13,8,"legion, primarch, terra, m30, angels",0.5904161334037781
Segas,0.0010765756213030194,0.0003497403776366478,38,13,"ultramarines, calth, bearers, macragge, sergeant",0.6493485569953918
Vassaago,0.0,0.00014955405336073655,37,24,"legion, regiment, general, colonel, worlds",
Neve,0.00045634379263301505,0.0003558685610168571,25,7,"ordo, retinue, xenos, malleus, inquisition",0.5802438259124756
Rafen,0.0024538332786147943,0.0005851566393035104,21,15,"angels, legion, caliban, chaplain, sergeant",0.48833057284355164
Augustus Flax,0.0,0.0002343172538004124,14,11,"farsight, house, trader, rogue, knights",0.375654011964798
Ebahn Lauma,0.0,7.122810319502e-05,49,21,"eldar, craftworld, iyanden, ynnari, commorragh",0.48017609119415283
Vyrokan,0.0,0.00011106294098577018,7,26,"tzeentch, nurgle, khorne, slaanesh, angels",0.21167314052581787
Leeta Unter Sobel-Phi,0.0,9.836781563729637e-05,38,3,"mechanicum, mars, mechanicus, fabricator, tech",0.6176896095275879
Luca (Intercessor),0.0,8.491117128625524e-05,9,13,"ultramarines, calth, bearers, macragge, sergeant",0.7177846431732178
Pyoter Valk,0.0,4.8812633334746964e-05,13,12,"cadian, regiment, general, legion, cadia",0.6141607165336609
Ulienne Grune,0.0,4.8812633334746964e-05,42,21,"eldar, craftworld, iyanden, ynnari, commorragh",0.33367156982421875
Prophet of Redemption,0.008481430953463697,0.0003085393004448198,35,18,"warband, legion, scythes, tearers, sorcerer",0.5366583466529846
Angharad Esw Sweydyr,0.0,0.00016234320442414234,25,7,"ordo, retinue, xenos, malleus, inquisition",0.5552793145179749
Cadaras Grendel,0.0005456674231053652,0.0002572197049652237,9,18,"warband, legion, scythes, tearers, sorcerer",0.6337916254997253
Verus Caspean,0.0,4.8812633334746964e-05,38,13,"ultramarines, calth, bearers, macragge, sergeant",0.578950822353363
Vulkan,0.01702193370166452,0.0067222082345089924,22,8,"legion, primarch, terra, m30, angels",0.6091668009757996
Nar Kezar,0.0,0.00010558503464656764,6,18,"warband, legion, scythes, tearers, sorcerer",0.49677905440330505
Mascios,0.0,0.00015763555042776908,22,20,"deathwatch, team, watch, sergeant, xenos",0.726515531539917
Dovrian Ofar,0.0,5.7504257341167334e-05,36,11,"farsight, house, trader, rogue, knights",0.5765352249145508
Alatros,0.0,7.687407923622421e-05,21,15,"angels, legion, caliban, chaplain, sergeant",0.5763737559318542
Gohl Sendak,0.0,8.491117128625524e-05,5,24,"legion, regiment, general, colonel, worlds",0.6217384338378906
Helig Gallor,4.8238320047240176e-05,0.0006213317603844053,45,27,"knights, grey, brotherhood, armageddon, primarch",0.5237441062927246
Bartok,0.0007379986892450574,0.000152865318883766,19,18,"warband, legion, scythes, tearers, sorcerer",0.5682474374771118
Astoran,0.0,0.00036797346513755603,27,15,"angels, legion, caliban, chaplain, sergeant",0.6903554797172546
Solathen,0.0,4.8812633334746964e-05,1,16,"primarch, legion, angels, terra, caliban",0.5196410417556763
Marcia Enra,0.0,0.00012919397028476404,6,19,"custodes, terra, companions, shield, vengeful",0.6474132537841797
Aaa,0.0,0.00012666217949598756,25,9,"legion, eaters, warband, khorne, dreadnought",0.5480364561080933
Quercus,0.0,0.0014293500107988443,10,3,"mechanicum, mars, mechanicus, fabricator, tech",0.8788608908653259
Nisroc,0.0,4.8812633334746964e-05,21,18,"warband, legion, scythes, tearers, sorcerer",0.6788304448127747
Yotun,0.0001266397593458573,0.00016377509918040855,45,27,"knights, grey, brotherhood, armageddon, primarch",0.47705644369125366
Doveskamor,0.0,4.8812633334746964e-05,38,24,"legion, regiment, general, colonel, worlds",0.4754161536693573
Orac Myriad,0.0,7.122810319502e-05,7,3,"mechanicum, mars, mechanicus, fabricator, tech",0.6118851900100708
Blood King,0.0,0.00010911045001897253,35,14,"necromunda, dynasty, house, necron, bounty",0.6489949226379395
Kastigan Ulok,0.0,0.00021548195364802899,22,2,"salamanders, legion, primarch, chaplain, massacre",0.447176992893219
Griselda Velade,0.0,4.8812633334746964e-05,16,12,"cadian, regiment, general, legion, cadia",0.4428737461566925
Malfons,0.0,6.428511996903163e-05,36,10,"fists, legion, terra, fist, phalanx",0.3792514204978943
Erasmus Crowl,0.0014291186740150975,0.0004506246413356909,17,7,"ordo, retinue, xenos, malleus, inquisition",0.60987788438797
Cyrus,0.00044511705932154006,0.00015942739560259703,26,17,"ravens, eldar, seed, tau, legion",0.4487874209880829
Emil Krassus,0.0,6.956273588508804e-05,23,12,"cadian, regiment, general, legion, cadia",0.42152106761932373
Baraqiel (Librarian),0.0,4.8812633334746964e-05,7,27,"knights, grey, brotherhood, armageddon, primarch",0.48713749647140503
Leo Lemuel,1.4340487650859634e-05,0.0003934554129056645,40,12,"cadian, regiment, general, legion, cadia",0.529490053653717
Barabas Dantioch,0.002344449655720198,0.0011682639626326243,9,8,"legion, primarch, terra, m30, angels",0.5904501080513
Nehalen,0.0,4.8812633334746964e-05,22,9,"legion, eaters, warband, khorne, dreadnought",0.5080726146697998
Darjyr,0.0,6.853007889193492e-05,37,24,"legion, regiment, general, colonel, worlds",0.6485155820846558
Insan,0.0,0.00013496568347761838,6,12,"cadian, regiment, general, legion, cadia",0.8530533313751221
Hakeem,0.0002289874934827186,0.00015677643264085187,45,28,"scars, white, legion, brotherhood, garmon",0.5842694640159607
Derteg Grendal,0.0,9.303726781078142e-05,41,7,"ordo, retinue, xenos, malleus, inquisition",0.7392057776451111
Oriax,0.0,4.8812633334746964e-05,40,18,"warband, legion, scythes, tearers, sorcerer",0.6085594296455383
Clementina Yendl,5.679152396381089e-06,0.0002467662817168029,36,3,"mechanicum, mars, mechanicus, fabricator, tech",0.6312577724456787
Jochi,0.0,4.8812633334746964e-05,23,28,"scars, white, legion, brotherhood, garmon",0.6524539589881897
Quovandius,0.0,0.00011063955736680535,25,0,"legion, council, massacre, 220px, isstvan",0.400993287563324
Teus,0.0,7.122810319502e-05,21,15,"angels, legion, caliban, chaplain, sergeant",0.6025910377502441
Kaltos,8.306866891316163e-05,8.491117128625524e-05,45,10,"fists, legion, terra, fist, phalanx",0.7713935375213623
Amon Cull,0.0,0.0002601764683078405,8,18,"warband, legion, scythes, tearers, sorcerer",0.7745791673660278
Sobek,0.0,0.00013827494720752834,22,23,"thousand, wolves, legion, prospero, sorcerer",0.4485557973384857
Khrove,0.0,0.0002454442866679376,23,23,"thousand, wolves, legion, prospero, sorcerer",0.545746386051178
Marius Helmawr,0.0021950886766712143,0.000477137121414234,35,14,"necromunda, dynasty, house, necron, bounty",0.6541537642478943
Saint Basillius,0.00022783083219645296,0.0004423193248676146,10,22,"terra, lords, ecclesiarchy, admiral, indomitus",0.7980099320411682
Jaghatai Khan,0.011618989040971302,0.005843999181218934,23,28,"scars, white, legion, brotherhood, garmon",0.5510373711585999
Barachiel (Apothecary),0.0,6.956273588508804e-05,21,18,"warband, legion, scythes, tearers, sorcerer",0.549233615398407
Ragnar Blackmane,0.0034073791218615546,0.0021060121091884486,40,6,"wolves, fenris, pack, priest, prospero",0.6058701872825623
Sarius,0.0,0.0003478542435779236,37,11,"farsight, house, trader, rogue, knights",0.4986363649368286
Saul (Celestial Lions),0.0,0.000517002786204934,6,6,"wolves, fenris, pack, priest, prospero",0.8917781114578247
Magnus (Inquisitor),0.0,0.004149274287990093,40,7,"ordo, retinue, xenos, malleus, inquisition",
Lhorke,0.0,4.8812633334746964e-05,42,9,"legion, eaters, warband, khorne, dreadnought",0.6838794350624084
Toramino,0.0004578463291237816,0.0003726006136906769,9,9,"legion, eaters, warband, khorne, dreadnought",0.6620191931724548
Kholoth,0.0,9.532627957308987e-05,12,26,"tzeentch, nurgle, khorne, slaanesh, angels",0.6422975063323975
Domitius (Dark Angels),0.0,4.8812633334746964e-05,7,13,"ultramarines, calth, bearers, macragge, sergeant",0.33368775248527527
Cadmus Tyro,0.0005324325246223215,0.0003523198569614907,1,0,"legion, council, massacre, 220px, isstvan",0.5032860636711121
Garrein,0.0,4.8812633334746964e-05,38,12,"cadian, regiment, general, legion, cadia",0.4345889389514923
Kysaduras,0.0,4.8812633334746964e-05,49,21,"eldar, craftworld, iyanden, ynnari, commorragh",0.6073830127716064
Setekh (Nemesor),0.0002546043656207367,0.0003762419680466762,10,14,"necromunda, dynasty, house, necron, bounty",0.6607574224472046
Shemvokh,0.0,4.8812633334746964e-05,32,14,"necromunda, dynasty, house, necron, bounty",0.4414588510990143
Uradus,0.0,0.00018137406386589162,42,18,"warband, legion, scythes, tearers, sorcerer",0.8315392136573792
Kinor Argonis,4.742680555786478e-05,0.00017738299677575988,45,8,"legion, primarch, terra, m30, angels",0.6092385649681091
Casmir,0.0,4.8812633334746964e-05,22,24,"legion, regiment, general, colonel, worlds",0.49010205268859863
Aldo Dercius,0.0,0.0003773334836287006,5,12,"cadian, regiment, general, legion, cadia",0.6208348870277405
Caradoc (House Vyronii),0.0,8.491117128625524e-05,11,3,"mechanicum, mars, mechanicus, fabricator, tech",0.7035598158836365
Surestrike,0.0,5.7112674354883395e-05,27,22,"terra, lords, ecclesiarchy, admiral, indomitus",0.21624980866909027
Nixia Ameldus,0.0,0.0004479454043843041,10,1,"sisters, sororitas, canoness, sister, adepta",0.5000478625297546
Twenish,0.0,6.993206168050307e-05,5,5,"tanith, regiment, trooper, colonel, commissar",0.6155306100845337
Sturnn,9.204260148807137e-05,0.00012204516975991315,26,12,"cadian, regiment, general, legion, cadia",0.7490099668502808
Pater Nemoris,0.0,4.8812633334746964e-05,7,22,"terra, lords, ecclesiarchy, admiral, indomitus",0.4363787770271301
Hope's Shroud,0.0,4.8812633334746964e-05,33,9,"legion, eaters, warband, khorne, dreadnought",0.440253883600235
Xorphas,6.307668381338232e-06,0.00022572921792375118,21,9,"legion, eaters, warband, khorne, dreadnought",0.49542611837387085
Finn Goresson,0.0,6.956273588508804e-05,40,6,"wolves, fenris, pack, priest, prospero",0.3766375780105591
Beggi Flyte,0.0,5.572933418486065e-05,5,11,"farsight, house, trader, rogue, knights",0.7260282635688782
Temu,0.0,6.298166793919846e-05,10,28,"scars, white, legion, brotherhood, garmon",0.5467115640640259
Norand,0.0,7.459951862155646e-05,5,4,"vervunhive, tanith, regiment, commissar, colonel",0.5819277763366699
Zardu Layak,0.0011075608246540539,0.0013505468103194582,45,8,"legion, primarch, terra, m30, angels",0.5476220846176147
Juliandros Beatifica,0.0,0.0003053798192504421,24,18,"warband, legion, scythes, tearers, sorcerer",0.5429614782333374
Camulos,0.0,4.8812633334746964e-05,45,3,"mechanicum, mars, mechanicus, fabricator, tech",0.44399523735046387
Talitha,0.0,0.00011330740101301361,33,1,"sisters, sororitas, canoness, sister, adepta",0.5647076368331909
Bastilan,0.0,6.264603503497435e-05,6,25,"templars, marshal, armageddon, orks, dreadnought",0.6520549058914185
Sorov,0.0,0.0003814431269453381,30,24,"legion, regiment, general, colonel, worlds",
Kayvaan Shrike,0.00395520475199477,0.0007174062866847808,10,8,"legion, primarch, terra, m30, angels",0.515910267829895
Ilya Ravallion,0.0004619154933329714,0.0006753578930421046,23,28,"scars, white, legion, brotherhood, garmon",0.5102575421333313
Caerys,0.0,0.00012194902031013723,26,21,"eldar, craftworld, iyanden, ynnari, commorragh",0.6493839621543884
Jorus Numitor,0.00022783083219645296,0.0003093130788804706,38,13,"ultramarines, calth, bearers, macragge, sergeant",0.6644071340560913
N'kelm,0.0,8.032371398456057e-05,22,2,"salamanders, legion, primarch, chaplain, massacre",0.42923957109451294
Aetian Keltos,0.0,0.00015899644104730258,38,25,"templars, marshal, armageddon, orks, dreadnought",0.6521583199501038
Arvann Stern,0.0032406453410897588,0.00033701732010957324,7,27,"knights, grey, brotherhood, armageddon, primarch",0.6378182768821716
Maegar,0.0,0.00014531789478880886,42,24,"legion, regiment, general, colonel, worlds",
Culmonios,0.0,0.00012179033001919207,3,18,"warband, legion, scythes, tearers, sorcerer",0.7343318462371826
Geminae Superia,0.0,0.0003905329228653747,38,1,"sisters, sororitas, canoness, sister, adepta",0.6910905838012695
Katerina Moriana,0.0002573484489387254,0.00018382738554153415,45,8,"legion, primarch, terra, m30, angels",0.6001498103141785
Fal Kata,0.0,0.00011465558781274816,37,24,"legion, regiment, general, colonel, worlds",0.7158038020133972
Kadi Aren,0.0,0.00043050378175360694,21,22,"terra, lords, ecclesiarchy, admiral, indomitus",0.847731351852417
Ohthere Wyrdmake,0.00022783083219645296,7.829495562088976e-05,22,6,"wolves, fenris, pack, priest, prospero",0.6286866664886475
Oh'mek Thriceborn,0.0,4.8812633334746964e-05,40,23,"thousand, wolves, legion, prospero, sorcerer",0.4044724106788635
Ricard,0.0,0.00043758520485130003,6,25,"templars, marshal, armageddon, orks, dreadnought",0.7041444778442383
Sejanus,0.00022445898332158198,0.00025296839576323616,40,22,"terra, lords, ecclesiarchy, admiral, indomitus",0.6361000537872314
Ak'sor,0.0,4.8812633334746964e-05,22,2,"salamanders, legion, primarch, chaplain, massacre",0.6904842853546143
Exor,0.0,6.018514617240796e-05,22,2,"salamanders, legion, primarch, chaplain, massacre",0.5392507314682007
Cordus-Rho,0.0,0.00010911045001897253,38,22,"terra, lords, ecclesiarchy, admiral, indomitus",0.7788017988204956
Kargos,0.0002410646054222288,0.00010119559622033716,42,9,"legion, eaters, warband, khorne, dreadnought",0.5327973365783691
Anthonius Kallistus,2.7285129604365623e-06,0.0001700649365994319,0,22,"terra, lords, ecclesiarchy, admiral, indomitus",0.6972602009773254
Ix Trenth,0.0,8.491117128625524e-05,38,11,"farsight, house, trader, rogue, knights",0.6271166205406189
Borgen Crassus,0.0,0.00014237079607189813,40,22,"terra, lords, ecclesiarchy, admiral, indomitus",0.5925096273422241
Ecanus (Fallen Angel),0.0004556616643929059,0.00014784228313411159,37,21,"eldar, craftworld, iyanden, ynnari, commorragh",0.4527643918991089
Jardan Helmawr,4.623313627406397e-06,0.00014651480109961773,35,14,"necromunda, dynasty, house, necron, bounty",0.7201796770095825
Alorynis,0.0,0.00012435809765292712,49,0,"legion, council, massacre, 220px, isstvan",0.44915807247161865
Gorthoi,0.0,4.8812633334746964e-05,45,25,"templars, marshal, armageddon, orks, dreadnought",0.5120090246200562
Arnuldus,0.0,0.00022790526114338966,37,7,"ordo, retinue, xenos, malleus, inquisition",0.3943876624107361
Sigrid Trollbane,0.0,4.8812633334746964e-05,40,6,"wolves, fenris, pack, priest, prospero",0.6076757907867432
Ysica,0.0,4.8812633334746964e-05,17,22,"terra, lords, ecclesiarchy, admiral, indomitus",0.5683770179748535
Koorland,0.0028792474135398106,0.002062340949474476,36,10,"fists, legion, terra, fist, phalanx",0.5914507508277893
Anselm Sirus,0.0,0.000141596554719493,5,12,"cadian, regiment, general, legion, cadia",0.6422089338302612
Leif Hemligjaga,0.0,0.0003657214258122629,40,6,"wolves, fenris, pack, priest, prospero",0.8172000050544739
Manushya-Rakshsasi,0.00045360358178392547,0.0002548144747462509,23,26,"tzeentch, nurgle, khorne, slaanesh, angels",0.49376529455184937
Aravain,0.0,9.84672759095138e-05,37,15,"angels, legion, caliban, chaplain, sergeant",0.6487765312194824
Alaric Tayber,0.0,7.2919345039841e-05,16,12,"cadian, regiment, general, legion, cadia",0.4705740511417389
Phosis T'Kar,0.0008699613185448086,0.00028011952756751984,45,8,"legion, primarch, terra, m30, angels",0.6016657948493958
Jago (Daemon Prince),0.0004556616643929059,0.0011642304855533662,5,26,"tzeentch, nurgle, khorne, slaanesh, angels",0.4329303801059723
Solomon Voss,0.00022760459870978358,0.00028060787077563014,45,9,"legion, eaters, warband, khorne, dreadnought",0.5383421182632446
Aeonid Thiel,0.0022582924218650137,0.001447058155421536,38,13,"ultramarines, calth, bearers, macragge, sergeant",0.5495712161064148
Bel Sepatus,1.2903108058562501e-05,0.00028236345763774236,45,15,"angels, legion, caliban, chaplain, sergeant",0.48506876826286316
Lemuel (disambiguation),0.0,4.8812633334746964e-05,40,24,"legion, regiment, general, colonel, worlds",0.5450184941291809
Andros Launceddre,0.00022783083219645296,0.0007511133755147643,17,19,"custodes, terra, companions, shield, vengeful",0.6334758996963501
Verngar,0.0,0.00011681060737195856,37,18,"warband, legion, scythes, tearers, sorcerer",0.44989076256752014
Stone (Lord Commander),0.0,0.0006103495398991558,12,12,"cadian, regiment, general, legion, cadia",0.8687605857849121
Lion El'Jonson,0.024659944307069095,0.008750458884806637,37,8,"legion, primarch, terra, m30, angels",0.6384334564208984
Eon Kull,0.00022862664847658024,0.00021330226212374308,5,21,"eldar, craftworld, iyanden, ynnari, commorragh",0.545845627784729
Ceraxia,1.2740284839104124e-05,8.491117128625524e-05,45,24,"legion, regiment, general, colonel, worlds",0.540693998336792
Lamor,0.0,0.00010410947767993277,37,16,"primarch, legion, angels, terra, caliban",0.6429542303085327
Vhoadycia,5.4570259208731245e-06,0.0001273388513714279,35,14,"necromunda, dynasty, house, necron, bounty",0.5294058918952942
Briende,0.0,0.00011444614382022741,38,13,"ultramarines, calth, bearers, macragge, sergeant",0.8492155075073242
Priavel,0.0,0.0003478542435779236,37,18,"warband, legion, scythes, tearers, sorcerer",0.4878886044025421
Kleos,0.0,6.264603503497435e-05,1,16,"primarch, legion, angels, terra, caliban",0.44220343232154846
Cadar,0.0,6.346436007557042e-05,22,26,"tzeentch, nurgle, khorne, slaanesh, angels",0.4702186584472656
Ovloch,0.0,0.00010911045001897253,7,3,"mechanicum, mars, mechanicus, fabricator, tech",0.6315280199050903
Luk Kar Chimaeros,0.0,0.00019154986565064132,24,11,"farsight, house, trader, rogue, knights",0.46984970569610596
Valdrekk Elias,7.126261241099533e-06,0.000466352225073579,22,18,"warband, legion, scythes, tearers, sorcerer",0.5279982089996338
Thoth (General),0.0,0.00013499491230011787,5,24,"legion, regiment, general, colonel, worlds",0.6572926044464111
Kurtha Sedd,0.0,0.0002424805510094457,38,8,"legion, primarch, terra, m30, angels",0.6411453485488892
Zuberkar,0.0,0.0002626966528153642,32,14,"necromunda, dynasty, house, necron, bounty",0.6809306144714355
Gorgone Locke,0.0,0.00011063955736680535,25,7,"ordo, retinue, xenos, malleus, inquisition",0.4385298788547516
Konrad Molitor,0.0,0.0003354907434886746,25,7,"ordo, retinue, xenos, malleus, inquisition",0.5733996033668518
Melgator,0.0020556319305978245,0.0003458411613148012,46,3,"mechanicum, mars, mechanicus, fabricator, tech",0.6746918559074402
Firespike,0.0,0.00033215540311298493,48,3,"mechanicum, mars, mechanicus, fabricator, tech",0.8816783428192139
Elayn Dar Draconis,0.0,4.8812633334746964e-05,24,11,"farsight, house, trader, rogue, knights",0.6073073148727417
Raimes,0.0,6.811730941704556e-05,30,24,"legion, regiment, general, colonel, worlds",0.6088585257530212
Cymar Xydias,0.0,0.00010819459637828579,38,22,"terra, lords, ecclesiarchy, admiral, indomitus",0.6607481837272644
Arascid Nassau,0.0,4.8812633334746964e-05,45,22,"terra, lords, ecclesiarchy, admiral, indomitus",0.39759325981140137
Gadreel,0.0,0.00013562109595061718,36,15,"angels, legion, caliban, chaplain, sergeant",
Kel Silonius,0.0,0.0002323461506932149,45,8,"legion, primarch, terra, m30, angels",0.7373705506324768
Shae-Morvain,0.0,0.0001637434378646778,17,21,"eldar, craftworld, iyanden, ynnari, commorragh",0.4643888771533966
Mersadie Oliton,0.00040260098424055264,0.0009268708905564771,45,8,"legion, primarch, terra, m30, angels",0.5060174465179443
Ygethmor,0.0004619693327742441,0.0003668276728553649,45,22,"terra, lords, ecclesiarchy, admiral, indomitus",0.5057730674743652
Duriel (Dark Angels),0.0,0.000141596554719493,37,15,"angels, legion, caliban, chaplain, sergeant",0.5925142765045166
Epicrane,0.0,5.7112674354883395e-05,42,27,"knights, grey, brotherhood, armageddon, primarch",0.5477393269538879
Hiorvard,0.0,8.491117128625524e-05,40,6,"wolves, fenris, pack, priest, prospero",0.7493889331817627
Asurmen,0.0011464259326587451,0.0009882687865778058,49,21,"eldar, craftworld, iyanden, ynnari, commorragh",0.4277472496032715
Two Heads Talking,0.0,0.00012197477213191034,7,15,"angels, legion, caliban, chaplain, sergeant",0.6274008750915527
Amatnim Ur-Nabas Lash,0.0012594951801358951,0.00015062457068209555,23,22,"terra, lords, ecclesiarchy, admiral, indomitus",0.6331838369369507
Balthasar,0.003024937028531216,0.0005761833674431398,7,8,"legion, primarch, terra, m30, angels",0.5438668727874756
Cypher,0.011002138333928817,0.0030527847491753505,37,8,"legion, primarch, terra, m30, angels",0.49171775579452515
Aximos,0.0,4.8812633334746964e-05,22,27,"knights, grey, brotherhood, armageddon, primarch",0.4283463656902313
Skethon,0.0063442376373957715,0.00018649089110058176,10,18,"warband, legion, scythes, tearers, sorcerer",0.5164344906806946
Jenetia Krole,0.0010411801374879204,0.0005783010566019796,45,1,"sisters, sororitas, canoness, sister, adepta",0.42138269543647766
Kaitheron,0.0,5.092934143936653e-05,1,16,"primarch, legion, angels, terra, caliban",0.5689733028411865
Rhetoricus,0.00022783083219645296,0.0005575251783294234,33,10,"fists, legion, terra, fist, phalanx",0.4362143278121948
Arye Babbist,0.001134602705069298,0.00024175280581527293,5,5,"tanith, regiment, trooper, colonel, commissar",0.7611492276191711
Karax Gaarman,0.0,0.00017397030079331063,1,0,"legion, council, massacre, 220px, isstvan",0.5796884298324585
Uigui,0.0,7.909254973230028e-05,21,15,"angels, legion, caliban, chaplain, sergeant",0.5291764736175537
Opus,0.0,0.00011591091401645238,28,20,"deathwatch, team, watch, sergeant, xenos",0.42367643117904663
Deumos,0.00034174624829467944,0.00015061103199066536,38,19,"custodes, terra, companions, shield, vengeful",0.7942008972167969
Lennard,0.0,4.8812633334746964e-05,12,12,"cadian, regiment, general, legion, cadia",0.7403942942619324
Thogralathrax,0.0,0.00012197477213191034,45,26,"tzeentch, nurgle, khorne, slaanesh, angels",0.6013944149017334
Oleander Koh,2.7285129604365623e-06,0.00032823550509324324,1,21,"eldar, craftworld, iyanden, ynnari, commorragh",0.5282615423202515
Andarus,0.0,4.8812633334746964e-05,21,15,"angels, legion, caliban, chaplain, sergeant",0.5911693572998047
Mikail Leonid,0.0,0.00010679839261391863,9,12,"cadian, regiment, general, legion, cadia",0.594738781452179
Tamos Roch,0.00022783083219645296,0.00013408371171260965,1,12,"cadian, regiment, general, legion, cadia",0.7357330322265625
Ormand,0.00022783083219645296,0.0001716243492018502,40,6,"wolves, fenris, pack, priest, prospero",0.5551174283027649
Bayard (Primaris Emperor's Champion),0.0,8.927662229022653e-05,6,25,"templars, marshal, armageddon, orks, dreadnought",
Asbiel,0.0,4.8812633334746964e-05,37,16,"primarch, legion, angels, terra, caliban",0.6923182010650635
Verpall,0.0,9.09845251311561e-05,36,10,"fists, legion, terra, fist, phalanx",0.623862624168396
Foedral Fell,3.6298635033079165e-05,0.00016930660289564935,38,13,"ultramarines, calth, bearers, macragge, sergeant",0.5702549815177917
Eldorath Starbane,0.0,6.956273588508804e-05,47,21,"eldar, craftworld, iyanden, ynnari, commorragh",0.40503543615341187
Remiel,0.0,5.9866451427151166e-05,37,15,"angels, legion, caliban, chaplain, sergeant",0.568297803401947
Durahim,0.0,4.8812633334746964e-05,10,15,"angels, legion, caliban, chaplain, sergeant",0.32167214155197144
Vorgh (Death Guard),0.0,7.22466269801249e-05,23,18,"warband, legion, scythes, tearers, sorcerer",0.8128353953361511
Morias Skult,0.0,4.8812633334746964e-05,17,3,"mechanicum, mars, mechanicus, fabricator, tech",0.4149909019470215
Unjou,0.0,4.8812633334746964e-05,5,5,"tanith, regiment, trooper, colonel, commissar",0.6553170680999756
Icarael,0.0,0.00017163123501915396,38,7,"ordo, retinue, xenos, malleus, inquisition",0.7021278142929077
Kallista Eris,0.0009543251884379364,0.0002968334539949459,22,8,"legion, primarch, terra, m30, angels",0.533125638961792
Wulf Khan,0.0,0.0008635986125765536,12,12,"cadian, regiment, general, legion, cadia",0.8713304996490479
Styer,0.0,0.0002512856495000173,38,27,"knights, grey, brotherhood, armageddon, primarch",0.35872882604599
Korahael,0.0027411686766196514,0.00023849727774436565,40,15,"angels, legion, caliban, chaplain, sergeant",0.41829925775527954
Herman von Strab,0.0002968310074039952,0.00030741275652936874,6,9,"legion, eaters, warband, khorne, dreadnought",0.5260007381439209
Edric Croe,0.00026816279275391683,0.00022354918321592756,5,4,"vervunhive, tanith, regiment, commissar, colonel",0.608344316482544
Ionan Grud,0.0,9.129844103947609e-05,42,27,"knights, grey, brotherhood, armageddon, primarch",0.3784427046775818
Biron Wolfer,0.0,0.0001766657430240354,15,24,"legion, regiment, general, colonel, worlds",0.46299830079078674
Malar Helmawr,0.002197817189631651,0.0002858225337902241,35,14,"necromunda, dynasty, house, necron, bounty",0.9678052663803101
Ghulgh Thraxoplasmox,0.0,0.00011024025989851595,23,18,"warband, legion, scythes, tearers, sorcerer",0.6389418840408325
Saul Abramach,0.0,8.491117128625524e-05,36,10,"fists, legion, terra, fist, phalanx",0.7952557802200317
Silvana,0.00022828558435652573,0.00020679481947745174,33,1,"sisters, sororitas, canoness, sister, adepta",0.5602986812591553
Mormaer Cawdor,0.008474761255115962,0.00011456534821377949,35,14,"necromunda, dynasty, house, necron, bounty",0.6074727773666382
Larathiel (Techmarine),0.0,6.264603503497435e-05,19,15,"angels, legion, caliban, chaplain, sergeant",0.29910480976104736
Spiridonas,0.0,8.335832539823915e-05,3,18,"warband, legion, scythes, tearers, sorcerer",0.7188042402267456
Konstantos,0.0,0.0003300469575916461,9,18,"warband, legion, scythes, tearers, sorcerer",0.8165186643600464
Hetris Lugenbrau,4.361173680709453e-05,0.0002229668282761261,25,7,"ordo, retinue, xenos, malleus, inquisition",0.6248835325241089
Aloysian,0.0,4.8812633334746964e-05,36,3,"mechanicum, mars, mechanicus, fabricator, tech",0.4839925765991211
Andronicus (Dreadnought),0.0,0.0003913227798847284,46,13,"ultramarines, calth, bearers, macragge, sergeant",0.9270792007446289
Tanthius (Primaris Captain),0.0,6.68091821034365e-05,21,16,"primarch, legion, angels, terra, caliban",0.6199273467063904
Lichtenstein,0.0,0.00024701040093545116,12,7,"ordo, retinue, xenos, malleus, inquisition",0.5194159150123596
Drayl,0.0,0.00012293630621494465,5,5,"tanith, regiment, trooper, colonel, commissar",0.535514771938324
Rygar Drune,0.0,0.000100775608795949,35,14,"necromunda, dynasty, house, necron, bounty",0.65285325050354
Armanneus Valthex,0.0,0.00012978293370020604,37,3,"mechanicum, mars, mechanicus, fabricator, tech",0.5631616115570068
Cormek Dod,0.00114134081545955,0.00011898274425997413,40,26,"tzeentch, nurgle, khorne, slaanesh, angels",0.5696110725402832
Luthar Hewall,0.0,0.00010541330980736492,25,21,"eldar, craftworld, iyanden, ynnari, commorragh",0.599702000617981
Immaculus,0.0,4.8812633334746964e-05,45,4,"vervunhive, tanith, regiment, commissar, colonel",0.40002381801605225
Lufgt Huron,0.0,7.585169993760114e-05,37,8,"legion, primarch, terra, m30, angels",0.5407021641731262
Igori,0.0,0.0004939227874059338,1,26,"tzeentch, nurgle, khorne, slaanesh, angels",0.4105282425880432
Trane,0.0,4.8812633334746964e-05,23,12,"cadian, regiment, general, legion, cadia",0.7032684683799744
Yullinn,0.0,0.000141596554719493,32,14,"necromunda, dynasty, house, necron, bounty",0.7430058717727661
Orcha,0.00046187639975440585,0.0001789847387454345,5,5,"tanith, regiment, trooper, colonel, commissar",0.6804220080375671
Ios Raja,1.0465398098413105e-05,0.00019075636080835998,45,19,"custodes, terra, companions, shield, vengeful",0.5135270357131958
Yyrmalla Aleretta,0.0,0.00010374853486417266,7,7,"ordo, retinue, xenos, malleus, inquisition",0.49673348665237427
Deven Fracoi Esterant Mudire,0.0,4.8812633334746964e-05,38,22,"terra, lords, ecclesiarchy, admiral, indomitus",0.6418946385383606
R'myr,0.0,0.00016013769604196305,7,3,"mechanicum, mars, mechanicus, fabricator, tech",0.4981487989425659
Sartana,0.0,0.00015767412305152742,37,18,"warband, legion, scythes, tearers, sorcerer",0.33431094884872437
Raven (Commissar),0.0,4.8812633334746964e-05,18,12,"cadian, regiment, general, legion, cadia",0.68079674243927
Stian Helvintr,0.0,4.8812633334746964e-05,38,11,"farsight, house, trader, rogue, knights",0.7402571439743042
Julius (Captain),0.0,0.0001646354729617336,38,13,"ultramarines, calth, bearers, macragge, sergeant",0.6517786979675293
Kli-San Weia,0.0,4.8812633334746964e-05,45,22,"terra, lords, ecclesiarchy, admiral, indomitus",0.5804160237312317
Saint Anais,0.0004556616643929059,0.0005022431080208604,38,1,"sisters, sororitas, canoness, sister, adepta",0.6160515546798706
Haraal,0.0,4.8812633334746964e-05,40,6,"wolves, fenris, pack, priest, prospero",0.5084807276725769
Ox,0.0,0.00010911045001897253,27,0,"legion, council, massacre, 220px, isstvan",0.6961024403572083
Lukas Bastonne,0.0,7.647315486453553e-05,13,12,"cadian, regiment, general, legion, cadia",0.7425823211669922
Delvetar Astraneus,0.0,0.00015222017331935084,38,11,"farsight, house, trader, rogue, knights",0.5982061624526978
Amar Astarte,0.00010141740373946857,0.0014991210838266387,45,8,"legion, primarch, terra, m30, angels",0.44893327355384827
Lelith Hesperax,0.002672274581909873,0.0005457329790712964,49,21,"eldar, craftworld, iyanden, ynnari, commorragh",0.46924662590026855
Aldo Ware,1.3642564802182811e-06,0.0007721676615093181,23,22,"terra, lords, ecclesiarchy, admiral, indomitus",0.720050573348999
Alric,0.0,7.951751678253487e-05,1,20,"deathwatch, team, watch, sergeant, xenos",0.4045771062374115
Kaligia,0.0,0.0005275538810389605,12,11,"farsight, house, trader, rogue, knights",0.5593797564506531
Yorin,0.0,6.22130039350175e-05,46,12,"cadian, regiment, general, legion, cadia",0.826383650302887
Sythran,2.9488738420169703e-06,0.0003091083262291767,38,19,"custodes, terra, companions, shield, vengeful",0.7219797372817993
Mynarc,0.0,6.811730941704556e-05,45,7,"ordo, retinue, xenos, malleus, inquisition",0.6148443222045898
Neve Rane,0.0,0.0005193646829997798,25,24,"legion, regiment, general, colonel, worlds",0.7118532657623291
Shas’O Vior’la Shas’len’ra M’yen Sha’serra,0.0,4.8812633334746964e-05,27,8,"legion, primarch, terra, m30, angels",0.49621543288230896
Khitas Frome,0.0,0.0001356468893811749,21,15,"angels, legion, caliban, chaplain, sergeant",
Praxis Empyrealus,0.0,8.491117128625524e-05,45,18,"warband, legion, scythes, tearers, sorcerer",0.6225581169128418
Noriz,0.0,0.0001160731295597496,8,10,"fists, legion, terra, fist, phalanx",0.50804203748703
Violeta Roskavler,0.0,5.726144179409203e-05,17,22,"terra, lords, ecclesiarchy, admiral, indomitus",0.5212469100952148
Phaeton Laurentis,8.068082593825017e-05,0.0002337266469852707,36,3,"mechanicum, mars, mechanicus, fabricator, tech",0.6263905763626099
Keraz,0.0,8.491117128625524e-05,27,18,"warband, legion, scythes, tearers, sorcerer",0.715428352355957
Yukor,0.0,0.00026516890045218475,49,21,"eldar, craftworld, iyanden, ynnari, commorragh",0.5288490056991577
Veil,0.0,0.00013423511573063687,23,11,"farsight, house, trader, rogue, knights",0.3484976887702942
Markan Hrotham,0.0,4.8812633334746964e-05,23,6,"wolves, fenris, pack, priest, prospero",0.4203917384147644
Daeanatos,0.0,0.00010911045001897253,21,15,"angels, legion, caliban, chaplain, sergeant",0.6703448295593262
Nehn,0.0,0.00013191231621721304,5,5,"tanith, regiment, trooper, colonel, commissar",0.7803018093109131
Su'ul Marhen,0.0,9.286739766871231e-05,42,9,"legion, eaters, warband, khorne, dreadnought",0.7117290496826172
Nikolaas Taschen DeHante Corday,0.0,4.8812633334746964e-05,5,5,"tanith, regiment, trooper, colonel, commissar",0.6809177398681641
Hector Thrane,0.0,0.000141596554719493,45,9,"legion, eaters, warband, khorne, dreadnought",0.5496776700019836
Javes Thysser,0.0,6.811730941704556e-05,25,7,"ordo, retinue, xenos, malleus, inquisition",0.6461632251739502
Thade (Reiver Sergeant),0.0,4.8812633334746964e-05,0,10,"fists, legion, terra, fist, phalanx",0.683108925819397
Sola Morvae Arcas,0.0,4.8812633334746964e-05,46,19,"custodes, terra, companions, shield, vengeful",0.4611487090587616
Dremin Vlorn,0.0,0.00010142831029053203,6,7,"ordo, retinue, xenos, malleus, inquisition",0.5855640769004822
Italeo,0.0,8.254866599398554e-05,32,19,"custodes, terra, companions, shield, vengeful",0.7284510731697083
Apocalypse (Death Cult Assassin),0.0,0.00038713107575023614,18,11,"farsight, house, trader, rogue, knights",
Althalos,0.0,7.797196007326746e-05,40,16,"primarch, legion, angels, terra, caliban",0.6487991809844971
Berossus,0.00027241665917961447,0.0002618921378475652,9,9,"legion, eaters, warband, khorne, dreadnought",0.6041150093078613
Meliniel,0.00011391541609822648,0.00019990356197110726,49,21,"eldar, craftworld, iyanden, ynnari, commorragh",0.5759586691856384
Thagus Daravek,0.0005766087056672666,0.00038209593646606045,45,18,"warband, legion, scythes, tearers, sorcerer",0.44528675079345703
Aun Helwintr,0.0006834924965893589,0.00010108121867239566,40,23,"thousand, wolves, legion, prospero, sorcerer",0.6086888909339905
Adelard,0.0,0.0003825996135219629,6,25,"templars, marshal, armageddon, orks, dreadnought",0.6894444227218628
Krom Dragongaze,0.0008902323870285506,0.00018244092155855011,40,6,"wolves, fenris, pack, priest, prospero",0.6231826543807983
Doranz,0.0,4.8812633334746964e-05,5,5,"tanith, regiment, trooper, colonel, commissar",0.5362688302993774
Yoren Kipraus,0.0,6.70861862497837e-05,33,22,"terra, lords, ecclesiarchy, admiral, indomitus",0.6787258386611938
Hadrios,0.0,7.647943673520173e-05,3,13,"ultramarines, calth, bearers, macragge, sergeant",0.7438696622848511
Julius Kaesoron,0.0004922258031429869,0.00019888270441385678,1,8,"legion, primarch, terra, m30, angels",0.6011865735054016
Arnokh,0.0,4.8812633334746964e-05,38,26,"tzeentch, nurgle, khorne, slaanesh, angels",0.4163028597831726
Marius Gage,0.00026214352061525685,0.0006592639030249751,38,13,"ultramarines, calth, bearers, macragge, sergeant",0.7132401466369629
Morn (Imperial),0.0,6.401889942713654e-05,45,16,"primarch, legion, angels, terra, caliban",0.4521423578262329
Tarentus (Chaplain),0.0,0.0006367893509413307,9,0,"legion, council, massacre, 220px, isstvan",
Cluggan,0.0,0.00012100970923776352,5,5,"tanith, regiment, trooper, colonel, commissar",0.636976420879364
Spira,0.0,0.00019487430454584833,21,15,"angels, legion, caliban, chaplain, sergeant",
Merihem,0.0,8.742198549934415e-05,40,18,"warband, legion, scythes, tearers, sorcerer",0.5827445387840271
Darnath Lysander,0.006291171015521172,0.0012176399589765255,17,10,"fists, legion, terra, fist, phalanx",0.6131653785705566
Tor Garadon,0.00415104525506717,0.0005396601814202646,17,10,"fists, legion, terra, fist, phalanx",0.5661489367485046
Feogrym,0.0,9.461374403405869e-05,38,18,"warband, legion, scythes, tearers, sorcerer",0.5902414321899414
Gerantor,0.0,7.077201781969199e-05,45,3,"mechanicum, mars, mechanicus, fabricator, tech",0.7757982015609741
Praxor Manorian,0.0004556616643929059,0.00010501791577523466,9,13,"ultramarines, calth, bearers, macragge, sergeant",0.6402309536933899
Arkhan Land,0.0029728612525109564,0.0011718951578086826,45,3,"mechanicum, mars, mechanicus, fabricator, tech",0.4065822660923004
Elysius,0.0004542974079126876,0.00015747831289294857,22,2,"salamanders, legion, primarch, chaplain, massacre",0.46398767828941345
Kharavyxis Kestra,0.0,4.8812633334746964e-05,49,21,"eldar, craftworld, iyanden, ynnari, commorragh",0.5592690110206604
Thalia Draik,0.0,0.00031697668208819176,30,11,"farsight, house, trader, rogue, knights",0.6911149024963379
Quintos,0.0,0.000430448800974109,3,13,"ultramarines, calth, bearers, macragge, sergeant",0.7906852960586548
Tulava Dyne,2.7285129604365623e-06,0.0004002354684749191,18,18,"warband, legion, scythes, tearers, sorcerer",0.6657114624977112
Enoch (Princeps),0.0,7.52157884908885e-05,9,3,"mechanicum, mars, mechanicus, fabricator, tech",0.4814150333404541
Phasing Sword,0.0,7.548778713140002e-05,1,14,"necromunda, dynasty, house, necron, bounty",0.40344053506851196
Cassian Dracos,0.00010611534609921259,0.00014922745951628905,22,2,"salamanders, legion, primarch, chaplain, massacre",0.6228631138801575
Asvald Stormwrack,0.0,0.0002778175115979775,40,6,"wolves, fenris, pack, priest, prospero",0.48122602701187134
Cadmus,0.0,4.8812633334746964e-05,40,15,"angels, legion, caliban, chaplain, sergeant",0.4433754086494446
Kyria Draxus,0.0,0.00017368338000380284,32,7,"ordo, retinue, xenos, malleus, inquisition",0.5546250343322754
Archorian,0.0,0.00018580583038975627,1,24,"legion, regiment, general, colonel, worlds",0.4939045011997223
Variel,0.0,4.8812633334746964e-05,37,18,"warband, legion, scythes, tearers, sorcerer",0.5096396803855896
Vendatha,0.0,0.0003284716328362212,38,19,"custodes, terra, companions, shield, vengeful",0.5697982907295227
Arcatus,0.0,9.530258578633134e-05,8,19,"custodes, terra, companions, shield, vengeful",0.49392110109329224
Falke Adair,0.0,0.00019741237656445085,12,12,"cadian, regiment, general, legion, cadia",0.8593218922615051
Laughlen Y'Kamidar,0.0,0.00023288426538796956,38,11,"farsight, house, trader, rogue, knights",0.7021151781082153
Magnus Krassus,0.0,8.122906715184798e-05,12,24,"legion, regiment, general, colonel, worlds",0.45832568407058716
Degredd,0.0,4.8812633334746964e-05,5,12,"cadian, regiment, general, legion, cadia",0.5422649383544922
Jaekeb Dar Draconis,0.0,6.811730941704556e-05,24,11,"farsight, house, trader, rogue, knights",0.6567628383636475
Yasu Nagasena,0.0007477199509395149,0.00037022808095119617,22,8,"legion, primarch, terra, m30, angels",0.5984570980072021
Baskow,0.0,4.8812633334746964e-05,45,3,"mechanicum, mars, mechanicus, fabricator, tech",0.47595375776290894
Zagrus,0.0,0.0001244903788714867,34,19,"custodes, terra, companions, shield, vengeful",0.8953788876533508
Herculon Praetor,1.3642564802182811e-06,0.00014624988269736322,22,2,"salamanders, legion, primarch, chaplain, massacre",0.6164095401763916
Elver,0.00010089541884733364,0.00024723101311554955,37,16,"primarch, legion, angels, terra, caliban",0.43520933389663696
Ashterioth,1.3999423530805063e-05,0.00017574072545420517,40,6,"wolves, fenris, pack, priest, prospero",0.53458571434021
Slau Dha,0.0,0.0002457338079707265,22,21,"eldar, craftworld, iyanden, ynnari, commorragh",0.47229400277137756
Darr Vel,0.0,4.8812633334746964e-05,13,12,"cadian, regiment, general, legion, cadia",0.4207448363304138
Torth,0.0,0.00013238456908423946,5,5,"tanith, regiment, trooper, colonel, commissar",0.6192001700401306
Aphone Ire,0.00022980900409276945,0.00015859214831360704,45,1,"sisters, sororitas, canoness, sister, adepta",0.4830615222454071
Joffen Tur,0.0009113233287858119,0.0008353071403051698,17,7,"ordo, retinue, xenos, malleus, inquisition",0.6866655349731445
Nicanor,0.0,0.00010105663437185578,38,13,"ultramarines, calth, bearers, macragge, sergeant",0.7509085536003113
Indar Vollinus,0.0,0.00010700734904715827,45,10,"fists, legion, terra, fist, phalanx",0.6873376965522766
Astorax,0.0032313382422330863,0.00011297564687485786,19,18,"warband, legion, scythes, tearers, sorcerer",0.44738250970840454
Nikros,0.0,8.491117128625524e-05,20,29,"drinkers, soul, fort, star, archmagos",0.7464343309402466
Lech Vircule,0.0,4.8812633334746964e-05,1,0,"legion, council, massacre, 220px, isstvan",0.5677198767662048
Gregor Eisenhorn,0.009187325246960382,0.0031374023788767144,25,7,"ordo, retinue, xenos, malleus, inquisition",0.48532935976982117
Setekh (Phaeron),0.0,0.00015177509793897316,22,14,"necromunda, dynasty, house, necron, bounty",0.32483357191085815
Xiaphas Jurr,0.00034106412005457026,0.00013907469887777416,22,2,"salamanders, legion, primarch, chaplain, massacre",0.5375077724456787
Equitus XI,0.0,6.956273588508804e-05,33,1,"sisters, sororitas, canoness, sister, adepta",0.4478769302368164
Atrahasis,0.00033131504178072,0.00022762026648501352,22,23,"thousand, wolves, legion, prospero, sorcerer",0.41062694787979126
Torpus Spleenbelch,0.0,0.0012023987449922189,38,24,"legion, regiment, general, colonel, worlds",0.7751423716545105
Vorus Ikari,0.0,4.8812633334746964e-05,45,24,"legion, regiment, general, colonel, worlds",0.5417406558990479
Kordal,0.0,4.8812633334746964e-05,1,10,"fists, legion, terra, fist, phalanx",0.40802502632141113
Optae Albrich,0.0,7.122810319502e-05,1,10,"fists, legion, terra, fist, phalanx",0.6148006319999695
Xerxes (Adeptus Custodes),0.0,4.8812633334746964e-05,45,19,"custodes, terra, companions, shield, vengeful",0.4697701930999756
Byron,0.0,5.1406396153539594e-05,9,12,"cadian, regiment, general, legion, cadia",0.4864867627620697
Miriya,0.0,0.0005731738834809568,33,1,"sisters, sororitas, canoness, sister, adepta",0.4494328796863556
Daman,0.0,4.8812633334746964e-05,21,15,"angels, legion, caliban, chaplain, sergeant",0.4776577353477478
Achellus,0.0,8.491117128625524e-05,27,13,"ultramarines, calth, bearers, macragge, sergeant",0.7090182304382324
Mortarion,0.012325162185961682,0.005383344626297146,23,8,"legion, primarch, terra, m30, angels",0.6015850901603699
Dorn (Dreadnought),0.0,0.00158689055179652,1,10,"fists, legion, terra, fist, phalanx",
Ra Endymion,0.00018453594920821056,0.0011901776493747796,45,19,"custodes, terra, companions, shield, vengeful",0.5092658996582031
Ereden Adorjin,0.0,4.8812633334746964e-05,33,7,"ordo, retinue, xenos, malleus, inquisition",0.8122395277023315
Elise Lor,0.0,0.0005275538810389605,29,11,"farsight, house, trader, rogue, knights",0.7799546122550964
Khi'dem,0.0,0.0002641270730477165,1,2,"salamanders, legion, primarch, chaplain, massacre",0.4901248812675476
Meryn,0.00028989404917328416,0.00034609502256081247,5,5,"tanith, regiment, trooper, colonel, commissar",0.6822676658630371
Althix Kordassis,0.0,7.07553629846134e-05,42,16,"primarch, legion, angels, terra, caliban",0.6578940749168396
Sariel (Dark Angels),0.0,5.9187684609917504e-05,37,20,"deathwatch, team, watch, sergeant, xenos",0.6180024147033691
Red Korinthian,0.0,4.8812633334746964e-05,10,0,"legion, council, massacre, 220px, isstvan",0.5083064436912537
Ipluvien Maximal,0.0006759890859481583,0.00018078124783620902,46,3,"mechanicum, mars, mechanicus, fabricator, tech",0.5432330369949341
M'Gala,0.0,0.00010897686325392742,41,12,"cadian, regiment, general, legion, cadia",0.8160796165466309
Bucharis,0.0006834924965893589,0.0004519364587880054,38,22,"terra, lords, ecclesiarchy, admiral, indomitus",0.5298163890838623
Altarion,0.0,0.00011488894268050144,9,13,"ultramarines, calth, bearers, macragge, sergeant",0.5105850696563721
Temel,0.0,0.00011759409349095112,21,12,"cadian, regiment, general, legion, cadia",0.5827282071113586
Thamatica,0.0,5.9187684609917504e-05,1,3,"mechanicum, mars, mechanicus, fabricator, tech",0.43196815252304077
Galan Dion,0.0,0.00011628469865322411,9,16,"primarch, legion, angels, terra, caliban",0.700350821018219
Hastar,0.0,6.710065477574914e-05,45,23,"thousand, wolves, legion, prospero, sorcerer",0.3742082118988037
Gorny,0.0,0.0001017103467852406,30,18,"warband, legion, scythes, tearers, sorcerer",0.6900843977928162
Ectorael,0.0,4.8812633334746964e-05,37,16,"primarch, legion, angels, terra, caliban",0.7101333141326904
Asurmen/Sources,0.0,0.0001683636929299692,49,0,"legion, council, massacre, 220px, isstvan",0.09243442118167877
Valentus Dolor,0.0,6.956273588508804e-05,22,22,"terra, lords, ecclesiarchy, admiral, indomitus",0.6085851788520813
Geronitan,0.0,0.00029836307581318803,7,27,"knights, grey, brotherhood, armageddon, primarch",0.626828670501709
Mordokh,0.0,0.0001178599679392554,40,6,"wolves, fenris, pack, priest, prospero",0.5346373319625854
Muon Nol,0.0,0.0001395764862176055,5,21,"eldar, craftworld, iyanden, ynnari, commorragh",0.5334136486053467
Host of Masks,0.0,4.8812633334746964e-05,38,18,"warband, legion, scythes, tearers, sorcerer",0.48383545875549316
Merelda,6.855560202101915e-07,0.00026641464196745725,35,7,"ordo, retinue, xenos, malleus, inquisition",0.7449073195457458
Ramael,0.0,4.8812633334746964e-05,10,15,"angels, legion, caliban, chaplain, sergeant",0.44529059529304504
Nidon (Assault Centurion),0.0,0.00010756919946803139,27,10,"fists, legion, terra, fist, phalanx",
Mahavastu Kallimakus,3.169954401680804e-05,0.0001778664717059952,22,8,"legion, primarch, terra, m30, angels",0.5842949151992798
Alerin,0.0,9.97404483980546e-05,10,24,"legion, regiment, general, colonel, worlds",0.5915698409080505
Darrion Rauth,0.0,0.00011900255159791247,10,18,"warband, legion, scythes, tearers, sorcerer",0.5980345606803894
Indomator,0.0,6.811730941704556e-05,46,25,"templars, marshal, armageddon, orks, dreadnought",0.6498769521713257
Carnak,0.0,9.902972665568395e-05,27,13,"ultramarines, calth, bearers, macragge, sergeant",0.5168619155883789
Caradistros,0.0,4.8812633334746964e-05,1,18,"warband, legion, scythes, tearers, sorcerer",0.47418245673179626
Salar,0.0003454022516066666,0.00017373018675174114,1,21,"eldar, craftworld, iyanden, ynnari, commorragh",0.4296678602695465
Phiros Yorn,0.0,4.8812633334746964e-05,12,24,"legion, regiment, general, colonel, worlds",0.4525827169418335
Sh'lacqclak,0.0,0.0001796739432934459,1,26,"tzeentch, nurgle, khorne, slaanesh, angels",0.2093053162097931
Honsou,0.005845068745912267,0.0011448457087877434,9,8,"legion, primarch, terra, m30, angels",0.5558392405509949
Urson Grimjarl,0.0,0.00036189258193986175,35,9,"legion, eaters, warband, khorne, dreadnought",0.7094535827636719
Omphalos Daemonium,0.00022817189631650753,0.00021872955475114565,9,26,"tzeentch, nurgle, khorne, slaanesh, angels",0.4909272789955139
Zarzapt,0.0,4.8812633334746964e-05,49,21,"eldar, craftworld, iyanden, ynnari, commorragh",0.3560786545276642
Zatori,0.0,0.0001862972691587938,33,10,"fists, legion, terra, fist, phalanx",0.7319291830062866
Hagios,0.0,0.0001930778228564684,44,18,"warband, legion, scythes, tearers, sorcerer",0.7874733209609985
Marius Amalrich,0.0011753484588901877,0.0009985578235518397,38,25,"templars, marshal, armageddon, orks, dreadnought",0.4589420258998871
Vadok Singh,2.7285129604365624e-07,0.00010929716638468029,1,16,"primarch, legion, angels, terra, caliban",0.3991217613220215
Grundle,0.0,8.491117128625524e-05,10,11,"farsight, house, trader, rogue, knights",0.5235329866409302
Ankarion,0.0,0.000897500544895264,46,13,"ultramarines, calth, bearers, macragge, sergeant",0.9191542267799377
Gruner,0.0,7.501095709489967e-05,42,9,"legion, eaters, warband, khorne, dreadnought",0.6070146560668945
Amon Tauromachian,0.0015592636516854115,0.0011009372137343607,45,19,"custodes, terra, companions, shield, vengeful",0.5833804607391357
Beldame Sadia,0.00022783083219645296,0.0003114463803210206,25,21,"eldar, craftworld, iyanden, ynnari, commorragh",0.5307539701461792
Navarre,0.0,0.00012301630601082507,33,25,"templars, marshal, armageddon, orks, dreadnought",0.7091943025588989
Osmyndri Ellisentris Kallistus,0.0,0.00021417416909032762,0,22,"terra, lords, ecclesiarchy, admiral, indomitus",
Zelia Lor,0.0,0.0005259466398702473,29,14,"necromunda, dynasty, house, necron, bounty",0.7799546122550964
Ruven,0.0,4.8812633334746964e-05,37,18,"warband, legion, scythes, tearers, sorcerer",0.570067822933197
Abdulias Anwar,0.0,6.799331421281706e-05,36,19,"custodes, terra, companions, shield, vengeful",0.5784878730773926
Gnide,0.0,0.00024101923057386822,5,4,"vervunhive, tanith, regiment, commissar, colonel",0.7137423753738403
Nuran Tesk,0.0,7.449136809206731e-05,8,24,"legion, regiment, general, colonel, worlds",0.565468430519104
Elijah (Master),0.0,0.000210783720346503,7,15,"angels, legion, caliban, chaplain, sergeant",0.7254241704940796
Ingethel,0.00011391541609822648,0.00024893497779816565,38,26,"tzeentch, nurgle, khorne, slaanesh, angels",0.6051562428474426
Veldoran,0.00022783083219645296,0.0003889996160282906,26,15,"angels, legion, caliban, chaplain, sergeant",0.7283563613891602
Marbas,0.007676017813701431,0.00023489282738072182,7,26,"tzeentch, nurgle, khorne, slaanesh, angels",0.5085834264755249
Hilts,0.0,0.00016943089657551038,33,10,"fists, legion, terra, fist, phalanx",0.7648953199386597
Hamonah,0.0,4.8812633334746964e-05,21,15,"angels, legion, caliban, chaplain, sergeant",0.6420657634735107
Gared,0.0,0.00015617436651010118,38,27,"knights, grey, brotherhood, armageddon, primarch",0.5594363212585449
Bast (Flesh Tearers),0.0,0.00020134111126658303,37,20,"deathwatch, team, watch, sergeant, xenos",
Adamara Rassilo,0.0,0.00022716839873744576,17,7,"ordo, retinue, xenos, malleus, inquisition",0.6050423979759216
Prebian,1.9099590723055935e-05,9.377859343077198e-05,22,2,"salamanders, legion, primarch, chaplain, massacre",0.5127589702606201
Tyrian Kulac,0.0,9.303726781078142e-05,41,6,"wolves, fenris, pack, priest, prospero",0.574661374092102
Erasmus Cartavolnus,0.0,4.8812633334746964e-05,38,7,"ordo, retinue, xenos, malleus, inquisition",0.49862954020500183
Grael Noctua,8.025938993128064e-05,0.0002813772323704782,45,6,"wolves, fenris, pack, priest, prospero",0.6966257095336914
Oros Telemar,0.0,4.8812633334746964e-05,1,3,"mechanicum, mars, mechanicus, fabricator, tech",0.4368780851364136
Pius Kowle,0.0,0.00015287470840978716,5,4,"vervunhive, tanith, regiment, commissar, colonel",0.5801531076431274
Iairos,0.0,6.956273588508804e-05,36,20,"deathwatch, team, watch, sergeant, xenos",0.7983204126358032
Mordechai Ryken,0.0,6.811730941704556e-05,6,12,"cadian, regiment, general, legion, cadia",0.7479362487792969
Larracus Donato,0.0,0.00010911045001897253,21,15,"angels, legion, caliban, chaplain, sergeant",0.5713840126991272
Maxim Sorel,0.0,4.8812633334746964e-05,16,12,"cadian, regiment, general, legion, cadia",0.46289122104644775
Esau Turnet,0.0,9.565298040399589e-05,45,12,"cadian, regiment, general, legion, cadia",0.7622783184051514
Systratus,0.0,8.491117128625524e-05,34,19,"custodes, terra, companions, shield, vengeful",0.8458395004272461
Marguerite,0.0,4.8812633334746964e-05,33,1,"sisters, sororitas, canoness, sister, adepta",0.692444384098053
Machon Phalaris,0.0,9.475761918117804e-05,38,13,"ultramarines, calth, bearers, macragge, sergeant",
Markus Castus,0.0,0.00037839012807475153,1,13,"ultramarines, calth, bearers, macragge, sergeant",0.7074573636054993
Abat,0.0,0.00014826254813402355,5,5,"tanith, regiment, trooper, colonel, commissar",0.7079340219497681
Lethe Catena,0.0,0.0005444870759389079,33,1,"sisters, sororitas, canoness, sister, adepta",0.5917466878890991
Lok,0.0,0.00010025787275310763,22,2,"salamanders, legion, primarch, chaplain, massacre",
Shai-Tan,0.0,7.97550317905574e-05,22,26,"tzeentch, nurgle, khorne, slaanesh, angels",
Godwyn Fischig,0.00048261748523113264,0.000432365602389976,25,7,"ordo, retinue, xenos, malleus, inquisition",0.4792588949203491
Dorner,0.0,0.00011168504249262704,6,25,"templars, marshal, armageddon, orks, dreadnought",0.7994145154953003
Skarp-Hedin,0.0,0.00028692050580853446,13,6,"wolves, fenris, pack, priest, prospero",0.5681602358818054
Gara’gugul’gor,0.0,0.00019148645537644653,49,26,"tzeentch, nurgle, khorne, slaanesh, angels",0.37947478890419006
Decimus Androdinus Felix,0.0006807639836289223,9.836781563729637e-05,38,13,"ultramarines, calth, bearers, macragge, sergeant",0.42608562111854553
Toivo,0.0,4.8812633334746964e-05,21,16,"primarch, legion, angels, terra, caliban",0.5887693166732788
Gheer,0.0,0.00030702821440746145,42,16,"primarch, legion, angels, terra, caliban",0.5104988813400269
Venalitor,0.0,0.00010435756729201023,48,9,"legion, eaters, warband, khorne, dreadnought",0.5138041973114014
Kastor (Chaplain),2.7285129604365623e-06,0.00014389420452085667,41,16,"primarch, legion, angels, terra, caliban",0.6068627238273621
Abel Verreault,0.0,4.8812633334746964e-05,36,22,"terra, lords, ecclesiarchy, admiral, indomitus",0.5808629989624023
Seraphax,0.0031664392905866303,0.0006524526757832906,37,23,"thousand, wolves, legion, prospero, sorcerer",0.5341168642044067
Tiamastus,0.0,0.00012243606907224198,23,2,"salamanders, legion, primarch, chaplain, massacre",0.6768456697463989
Artarion,0.0,4.8812633334746964e-05,6,25,"templars, marshal, armageddon, orks, dreadnought",0.5741680264472961
Solaro An,0.0,0.00018917742833375012,8,9,"legion, eaters, warband, khorne, dreadnought",
Vitus Urienz,0.0,4.8812633334746964e-05,5,24,"legion, regiment, general, colonel, worlds",0.6186213493347168
Khragan,0.0,5.092934143936653e-05,9,9,"legion, eaters, warband, khorne, dreadnought",0.5500854253768921
Covenant,0.0,0.0005100656599549736,12,7,"ordo, retinue, xenos, malleus, inquisition",0.5552494525909424
Glorian (Chaos Lord),0.0,4.8812633334746964e-05,1,26,"tzeentch, nurgle, khorne, slaanesh, angels",0.40091025829315186
Ardaric Vaanes,0.003555414906940144,0.00035159926322816693,9,12,"cadian, regiment, general, legion, cadia",0.5824135541915894
Callisthenes Van Skorvold,0.0,0.00041934190562098445,20,29,"drinkers, soul, fort, star, archmagos",0.6438890695571899
Nyxos,0.0,0.0003450481002900564,48,7,"ordo, retinue, xenos, malleus, inquisition",0.45877495408058167
Dhaemira Thraex,0.0,0.0002417816006642102,49,21,"eldar, craftworld, iyanden, ynnari, commorragh",0.6294637322425842
Werefol,0.0,0.00013805444898212842,17,7,"ordo, retinue, xenos, malleus, inquisition",0.5962221622467041
Torin,0.0,6.198826402571399e-05,40,6,"wolves, fenris, pack, priest, prospero",0.5159147381782532
Vladimir Pugh,0.0004556616643929059,0.00037426701120581624,17,10,"fists, legion, terra, fist, phalanx",0.7356499433517456
Sidonus,0.0,0.00032451567094260854,9,13,"ultramarines, calth, bearers, macragge, sergeant",0.5295990109443665
Zadkiel (Dark Angels),0.0,4.8812633334746964e-05,37,15,"angels, legion, caliban, chaplain, sergeant",0.36795908212661743
Klayden,0.0,8.339613758531541e-05,20,29,"drinkers, soul, fort, star, archmagos",0.6328551769256592
Ruis Tracinto,0.0,0.000117094888051454,40,24,"legion, regiment, general, colonel, worlds",0.644095242023468
Harlon Nayl,0.0011306841367046366,0.0004068040098506161,25,7,"ordo, retinue, xenos, malleus, inquisition",0.48580700159072876
Alastor Rushal,0.0,6.67662607084339e-05,46,0,"legion, council, massacre, 220px, isstvan",0.49818259477615356
Trask (Lexicanium),0.0,6.666174636085054e-05,43,13,"ultramarines, calth, bearers, macragge, sergeant",0.7713442444801331
Bion Henricos,7.813340779270387e-05,0.0003171630465877194,23,28,"scars, white, legion, brotherhood, garmon",0.5477078557014465
Ahrak Deathshriek,0.0,0.00011139146706402879,1,18,"warband, legion, scythes, tearers, sorcerer",0.3833131194114685
Aphrae,0.0,4.8812633334746964e-05,14,15,"angels, legion, caliban, chaplain, sergeant",0.7103796005249023
Omegon,0.0001720211703093294,0.0005865881260983189,45,8,"legion, primarch, terra, m30, angels",0.2885250449180603
Torval Wyrdbane,0.00022783083219645296,0.00031728328452037093,40,23,"thousand, wolves, legion, prospero, sorcerer",0.6652973890304565
Hemheda Khan,0.0,6.512018448243565e-05,1,12,"cadian, regiment, general, legion, cadia",0.7146955132484436
Terror's Shadow,0.0,0.00039915610442410013,35,0,"legion, council, massacre, 220px, isstvan",0.4656810462474823
Paramyx,0.0005154695165772334,0.00024205901753533856,10,18,"warband, legion, scythes, tearers, sorcerer",0.4696020483970642
Theodulus Pallisar,0.0,4.8812633334746964e-05,38,3,"mechanicum, mars, mechanicus, fabricator, tech",0.5964210033416748
Vorne,0.0,0.0001533232633503175,9,0,"legion, council, massacre, 220px, isstvan",0.6405118703842163
Ghor'gan,0.0,0.00013358173454745224,22,20,"deathwatch, team, watch, sergeant, xenos",0.6050506830215454
Esad Wire,2.6348810312158382e-05,0.0005127534371843122,36,7,"ordo, retinue, xenos, malleus, inquisition",0.4905218183994293
Dagonet (Dark Angels),6.341850767141038e-05,0.0003347538182475284,45,15,"angels, legion, caliban, chaplain, sergeant",0.48581835627555847
Prophaniti,0.00010357176800239284,0.0005095195034443989,25,26,"tzeentch, nurgle, khorne, slaanesh, angels",0.5090130567550659
Caipha Morarg,0.0004594985115465012,0.00027378102147674374,23,8,"legion, primarch, terra, m30, angels",0.6417451500892639
Davian Thule,0.0017672191048631305,0.0005915702588386604,26,17,"ravens, eldar, seed, tau, legion",0.5499622225761414
Irthu Haemotalion,0.00021352759715651941,0.0008274214325585678,17,22,"terra, lords, ecclesiarchy, admiral, indomitus",0.49580320715904236
Kairn Golgarth,0.0,9.677486403685697e-05,4,18,"warband, legion, scythes, tearers, sorcerer",0.6562896370887756
Danatheum,0.0,0.00010063831442529275,7,15,"angels, legion, caliban, chaplain, sergeant",0.26150596141815186
Butcher of Borghan,0.0,6.67662607084339e-05,21,26,"tzeentch, nurgle, khorne, slaanesh, angels",0.4746938645839691
Xelian,0.0018858572078217354,0.00039943239886618094,49,21,"eldar, craftworld, iyanden, ynnari, commorragh",0.647846519947052
Longinus (Sergeant),0.0,0.0004204983658146321,38,17,"ravens, eldar, seed, tau, legion",
El'Hirn,0.00015165984538426593,0.0003638025313993682,20,3,"mechanicum, mars, mechanicus, fabricator, tech",0.7539666891098022
Krassus (Commissar),0.0,0.000410752028288449,12,24,"legion, regiment, general, colonel, worlds",
Ra'stan,0.0,9.818513812040914e-05,22,2,"salamanders, legion, primarch, chaplain, massacre",0.6213403940200806
Mericus Giraldus,0.0001846827823778027,0.00010524962060357863,37,24,"legion, regiment, general, colonel, worlds",0.55575031042099
Elian (Fallen Angel),0.0,4.8812633334746964e-05,37,16,"primarch, legion, angels, terra, caliban",0.7043327689170837
Lhykhis,0.00022783083219645296,0.00020083526720838393,49,21,"eldar, craftworld, iyanden, ynnari, commorragh",0.6037735939025879
Estius,0.0,8.232516943753706e-05,21,15,"angels, legion, caliban, chaplain, sergeant",0.7059211730957031
Elena Derosa,0.0,7.22466269801249e-05,26,17,"ravens, eldar, seed, tau, legion",0.6788735389709473
Unnamed Grand Master of Assassins,0.0,4.8812633334746964e-05,33,22,"terra, lords, ecclesiarchy, admiral, indomitus",0.6706092953681946
Oskar Lowis,0.0,5.25853792529908e-05,36,24,"legion, regiment, general, colonel, worlds",0.3725561797618866
Rafflan,0.0,4.8812633334746964e-05,5,5,"tanith, regiment, trooper, colonel, commissar",0.5660165548324585
Gunnar Gunnhilt,0.0,0.00012442954017261097,40,6,"wolves, fenris, pack, priest, prospero",0.6397045850753784
Ulfar (Lone Wolf),0.0,5.474123406341584e-05,2,6,"wolves, fenris, pack, priest, prospero",0.5109637975692749
Viktor LaHayn,0.0,0.0003857672200960125,33,26,"tzeentch, nurgle, khorne, slaanesh, angels",0.5807065367698669
Remael,0.0,7.524737080735857e-05,21,15,"angels, legion, caliban, chaplain, sergeant",0.27322447299957275
Ghorox Bloodfist,0.0,0.00022517277689838123,40,6,"wolves, fenris, pack, priest, prospero",0.5804229974746704
Rahan,0.0,0.00011222725456734028,5,5,"tanith, regiment, trooper, colonel, commissar",0.8075006008148193
Ebzan,0.0,4.8812633334746964e-05,5,5,"tanith, regiment, trooper, colonel, commissar",0.6384024024009705
Iota,0.0,9.706089931877584e-05,45,19,"custodes, terra, companions, shield, vengeful",0.42262572050094604
Bulveye Greybeard,0.0,4.8812633334746964e-05,40,6,"wolves, fenris, pack, priest, prospero",0.5671603083610535
Joachim,0.0,4.8812633334746964e-05,33,22,"terra, lords, ecclesiarchy, admiral, indomitus",0.4830099046230316
Laeila Helmawr,4.623313627406397e-06,0.00014651480109961773,35,14,"necromunda, dynasty, house, necron, bounty",0.7247564792633057
Naiall Fireheart,0.0,0.00012435809765292712,49,21,"eldar, craftworld, iyanden, ynnari, commorragh",0.5549291372299194
Havlorn,0.0,4.8812633334746964e-05,10,26,"tzeentch, nurgle, khorne, slaanesh, angels",0.47552427649497986
Red Angel,9.089990796765409e-05,0.00039237247639229095,21,26,"tzeentch, nurgle, khorne, slaanesh, angels",0.47974610328674316
Hephaestos Grudd,0.0,4.8812633334746964e-05,32,7,"ordo, retinue, xenos, malleus, inquisition",0.35683658719062805
Smiling Count,0.0,4.8812633334746964e-05,1,18,"warband, legion, scythes, tearers, sorcerer",0.40610331296920776
Ghalan,0.0,4.8812633334746964e-05,10,20,"deathwatch, team, watch, sergeant, xenos",0.4197044372558594
Lucius Devlan,0.0,0.00011063955736680535,25,0,"legion, council, massacre, 220px, isstvan",0.24537867307662964
Andraaz,0.0,0.00013294803851405504,40,18,"warband, legion, scythes, tearers, sorcerer",0.47615277767181396
Kiuz Selaton,0.00022783083219645296,8.306774873024218e-05,38,13,"ultramarines, calth, bearers, macragge, sergeant",0.5157901644706726
Chaonian,0.0,5.9187684609917504e-05,18,24,"legion, regiment, general, colonel, worlds",0.732447624206543
Zargad Ket,0.0,7.909254973230028e-05,1,23,"thousand, wolves, legion, prospero, sorcerer",0.4741237163543701
Varon (Blood Angels),0.0,6.569578897665964e-05,21,7,"ordo, retinue, xenos, malleus, inquisition",0.6762624979019165
Amad,0.0,6.130930624905586e-05,7,15,"angels, legion, caliban, chaplain, sergeant",0.45738816261291504
Suleyman Khefre,0.0,4.8812633334746964e-05,40,23,"thousand, wolves, legion, prospero, sorcerer",0.44565024971961975
Kozlowski,0.0,8.491117128625524e-05,9,24,"legion, regiment, general, colonel, worlds",0.7066773176193237
Hyronimus Drake,3.261686285969593e-05,0.0005095332871893289,40,7,"ordo, retinue, xenos, malleus, inquisition",0.5186567306518555
Lysander of Choripoli,0.0,0.00014237079607189813,40,24,"legion, regiment, general, colonel, worlds",0.570940375328064
Stovrwrath,0.0,0.00011884075479887082,42,16,"primarch, legion, angels, terra, caliban",0.47841715812683105
Daryth,0.0,0.00013835894723906832,37,19,"custodes, terra, companions, shield, vengeful",0.3722679913043976
Theodore Viablo,0.00019142498321035356,0.00010808997638267422,38,22,"terra, lords, ecclesiarchy, admiral, indomitus",0.4576757848262787
Emrilia Herkaaze,0.0,7.316599721626071e-05,45,1,"sisters, sororitas, canoness, sister, adepta",0.5868469476699829
Edoraki Hakon,0.0,4.8812633334746964e-05,23,24,"legion, regiment, general, colonel, worlds",0.5598386526107788
Eknothet,0.0,8.491117128625524e-05,32,14,"necromunda, dynasty, house, necron, bounty",0.653012752532959
Ollanius Pius,1.305345404936128e-06,0.0002102813127739314,45,9,"legion, eaters, warband, khorne, dreadnought",0.4151362180709839
Aerion Mersaror,0.0,4.8812633334746964e-05,38,13,"ultramarines, calth, bearers, macragge, sergeant",0.5069736838340759
Hadron Omega-7-7,0.0,0.0002525230086004289,15,3,"mechanicum, mars, mechanicus, fabricator, tech",0.5659363269805908
Movren,0.0,9.588626189811704e-05,17,10,"fists, legion, terra, fist, phalanx",0.7228493690490723
Felicita,0.0,0.00015954130142648053,42,1,"sisters, sororitas, canoness, sister, adepta",0.7742009162902832
Arlon Buke,0.0,0.00022844975780570407,31,3,"mechanicum, mars, mechanicus, fabricator, tech",0.6013212203979492
Malum Caedo,0.0,0.00014741286439390506,9,20,"deathwatch, team, watch, sergeant, xenos",0.6463187336921692
Asteroth,0.0,4.8812633334746964e-05,32,26,"tzeentch, nurgle, khorne, slaanesh, angels",0.4690108299255371
Ramos,0.00011757141941021362,9.792368004934305e-05,1,18,"warband, legion, scythes, tearers, sorcerer",0.4372202455997467
Vinyar,0.0,4.8812633334746964e-05,22,3,"mechanicum, mars, mechanicus, fabricator, tech",0.48867011070251465
Horosa Barnabas,0.0,0.000141596554719493,1,7,"ordo, retinue, xenos, malleus, inquisition",0.34278321266174316
Ollanius Piers,0.0002906544914399624,0.0003711752438032338,45,9,"legion, eaters, warband, khorne, dreadnought",0.44443273544311523
Matriarch (Adepta Sororitas),2.0918599363346977e-05,8.849802566593097e-05,33,1,"sisters, sororitas, canoness, sister, adepta",0.5646867752075195
Ephrael Stern,0.0015718280141696732,0.00052945470969139,32,1,"sisters, sororitas, canoness, sister, adepta",0.43626412749290466
Orin Helmawr,4.623313627406397e-06,0.00014651480109961773,35,14,"necromunda, dynasty, house, necron, bounty",0.7205190658569336
Rutger Haruto,0.0,0.00018679122267256326,12,12,"cadian, regiment, general, legion, cadia",0.8690614700317383
Wotan (Cyber-Mastiff),4.206457480673034e-06,0.0001957293373983564,35,14,"necromunda, dynasty, house, necron, bounty",0.5657354593276978
Inar Satarael,0.0,0.0001592507153957567,45,3,"mechanicum, mars, mechanicus, fabricator, tech",0.6617391109466553
Avranche,0.0,4.8812633334746964e-05,5,5,"tanith, regiment, trooper, colonel, commissar",0.6183344721794128
Idira Tlass,0.0,0.00015410568423635706,2,11,"farsight, house, trader, rogue, knights",0.38844603300094604
Taddeus,0.00022919508867667122,0.0001817970092901467,30,0,"legion, council, massacre, 220px, isstvan",0.5326788425445557
Berek Thunderfist,0.0002319236016371078,0.0007100996186756869,40,6,"wolves, fenris, pack, priest, prospero",0.6127431988716125
Etheria Doon,0.0,0.00013257839999885446,35,14,"necromunda, dynasty, house, necron, bounty",0.6572797298431396
Triplex-Edic-0-1011,0.0,8.491117128625524e-05,38,21,"eldar, craftworld, iyanden, ynnari, commorragh",0.5943747758865356
Gerder,0.0,4.8812633334746964e-05,13,12,"cadian, regiment, general, legion, cadia",0.5592731833457947
Tiresias,0.0,0.00086944522498883,3,13,"ultramarines, calth, bearers, macragge, sergeant",0.7355596423149109
Thylissix,0.0,0.00012393443011760388,32,26,"tzeentch, nurgle, khorne, slaanesh, angels",0.256580650806427
Adrastia,0.0,0.00010072782015033537,26,7,"ordo, retinue, xenos, malleus, inquisition",0.44393137097358704
Arkos (Eradicator),0.0,8.619879971984729e-05,7,17,"ravens, eldar, seed, tau, legion",
Asan Helmawr,4.623313627406397e-06,0.00014651480109961773,35,14,"necromunda, dynasty, house, necron, bounty",0.7207198143005371
Pallas (Soul Drinkers),0.0,8.138206004745888e-05,20,29,"drinkers, soul, fort, star, archmagos",0.7188279032707214
Korith,0.0,5.9187684609917504e-05,6,25,"templars, marshal, armageddon, orks, dreadnought",0.5788411498069763
Ilem Kharporov,0.0,9.397132519131333e-05,49,7,"ordo, retinue, xenos, malleus, inquisition",0.41598382592201233
Witch-Empress,0.0,0.0002832248429371328,38,22,"terra, lords, ecclesiarchy, admiral, indomitus",0.3207269608974457
Drachmus,0.0,0.00012969089230347358,23,18,"warband, legion, scythes, tearers, sorcerer",0.7489830255508423
Hargellus,0.0,4.8812633334746964e-05,38,24,"legion, regiment, general, colonel, worlds",0.7296891808509827
Ulfar (Deathwatch),0.0,6.447449632656469e-05,9,6,"wolves, fenris, pack, priest, prospero",0.7048317790031433
Levantus,0.0,0.00020166343721755742,9,18,"warband, legion, scythes, tearers, sorcerer",0.6783387660980225
Meritous Felyx Chass,0.0,4.8812633334746964e-05,5,5,"tanith, regiment, trooper, colonel, commissar",0.5277882218360901
Rotigus,0.0009284709282791578,0.00047027973211409086,38,26,"tzeentch, nurgle, khorne, slaanesh, angels",0.46076488494873047
Kaeloq,0.0,8.126378666530824e-05,38,24,"legion, regiment, general, colonel, worlds",0.5809993743896484
Clan Ayreas,0.0,6.67662607084339e-05,46,3,"mechanicum, mars, mechanicus, fabricator, tech",0.5163449048995972
Appius,0.0,0.00020010830076594264,45,25,"templars, marshal, armageddon, orks, dreadnought",0.5661705732345581
Khyron,0.0009436518246924958,0.00015734572412299313,37,11,"farsight, house, trader, rogue, knights",0.43647968769073486
Guilliman Inferior,0.0,0.0006188644535477118,38,7,"ordo, retinue, xenos, malleus, inquisition",0.2331968992948532
Tollen Sendek,0.0,5.092934143936653e-05,45,24,"legion, regiment, general, colonel, worlds",0.5654764175415039
Gilden (Blood Angels),0.0,4.8812633334746964e-05,21,15,"angels, legion, caliban, chaplain, sergeant",0.7268835306167603
Drakus Gorod,0.0004263772361933132,0.00011177196334240949,9,24,"legion, regiment, general, colonel, worlds",0.5176100134849548
Crius (Grand Master),0.0,0.0001406381765871476,45,27,"knights, grey, brotherhood, armageddon, primarch",0.3894609212875366
Kalimos,0.0,4.8812633334746964e-05,1,16,"primarch, legion, angels, terra, caliban",0.40424102544784546
Malfallax,0.0005133113103590908,0.0002348223922802469,21,26,"tzeentch, nurgle, khorne, slaanesh, angels",0.5285245180130005
Erasmus Tycho,0.00022783083219645296,0.00021781875910001998,21,15,"angels, legion, caliban, chaplain, sergeant",0.5337648987770081
Zagreus Kane,0.0016093529193162775,0.00034567557591945236,45,3,"mechanicum, mars, mechanicus, fabricator, tech",0.5606948137283325
Lorimarr,0.0,6.968301520110553e-05,22,16,"primarch, legion, angels, terra, caliban",0.6064168810844421
Baryk Carya,0.0,6.956273588508804e-05,45,10,"fists, legion, terra, fist, phalanx",0.553600013256073
Engir Krakendoom,0.0,0.0001415015806555283,40,6,"wolves, fenris, pack, priest, prospero",
Aez'ashya,0.0,7.84171909101379e-05,49,21,"eldar, craftworld, iyanden, ynnari, commorragh",0.7036570906639099
Deathtoll,0.0,4.8812633334746964e-05,7,23,"thousand, wolves, legion, prospero, sorcerer",0.4826645255088806
Arvax,0.0,0.00035304043444931885,40,6,"wolves, fenris, pack, priest, prospero",0.5337843894958496
Gaumech,0.0,0.000141596554719493,1,0,"legion, council, massacre, 220px, isstvan",0.581142008304596
Frenk Gamma-87-Nu-3-Psi,0.0,4.8812633334746964e-05,38,3,"mechanicum, mars, mechanicus, fabricator, tech",0.5534336566925049
Khobotov,0.00038062755798090006,0.00060670443031167,20,29,"drinkers, soul, fort, star, archmagos",0.7091583609580994
Augury,0.00032902244611542384,0.0002293978603307542,38,18,"warband, legion, scythes, tearers, sorcerer",0.4653320908546448
Kuryakin,0.000157182903499411,0.00013945199996294287,16,7,"ordo, retinue, xenos, malleus, inquisition",0.4914497435092926
Saint Katherine,0.0017798201192471325,0.00030111115731691455,33,1,"sisters, sororitas, canoness, sister, adepta",0.5975276231765747
Marguerethe Wienand,0.0,4.8812633334746964e-05,36,7,"ordo, retinue, xenos, malleus, inquisition",0.48081478476524353
Pero,0.0,7.122810319502e-05,1,16,"primarch, legion, angels, terra, caliban",0.43977946043014526
Karnak Twins,0.0,0.00010739304714293767,15,12,"cadian, regiment, general, legion, cadia",0.4915176331996918
Scipio Vorolanus,0.0008326955061217262,0.00012641520675094333,9,13,"ultramarines, calth, bearers, macragge, sergeant",0.5325722694396973
Apollus Pertinax,0.0,8.927662229022653e-05,26,17,"ravens, eldar, seed, tau, legion",
Ruput Broklaw,0.0,0.00020142026977050336,16,12,"cadian, regiment, general, legion, cadia",0.7190790772438049
Rorlaan (Venerable Dreadnought),0.0,0.00010911045001897253,1,9,"legion, eaters, warband, khorne, dreadnought",0.6139625310897827
Qope Halver,1.3642564802182811e-06,0.00016194356846545803,18,9,"legion, eaters, warband, khorne, dreadnought",0.6807295680046082
Broec,0.0,0.00016255227782937124,41,18,"warband, legion, scythes, tearers, sorcerer",0.6353797316551208
Tarka,0.0,0.00014237079607189813,40,24,"legion, regiment, general, colonel, worlds",0.5329874753952026
Ravengast,0.0,0.0001244903788714867,34,19,"custodes, terra, companions, shield, vengeful",0.9330058693885803
Nessa Bourah,0.0011368406056677042,0.00010136001811301499,5,4,"vervunhive, tanith, regiment, commissar, colonel",0.4833528995513916
Dall,0.0,7.288012400008062e-05,9,20,"deathwatch, team, watch, sergeant, xenos",0.5582140684127808
Valian Carsomir,0.0,8.491117128625524e-05,6,18,"warband, legion, scythes, tearers, sorcerer",0.7554951310157776
Vel-Kheredar,0.0,4.8812633334746964e-05,45,3,"mechanicum, mars, mechanicus, fabricator, tech",0.5432218313217163
Morghana Nathrax,0.0,0.0002944850738136745,49,21,"eldar, craftworld, iyanden, ynnari, commorragh",0.4687213897705078
Ciaphas Cain,0.0004208611306837773,0.0016207090703024632,16,8,"legion, primarch, terra, m30, angels",0.4845511019229889
Eldrad Ulthran,0.00891012780158231,0.0022654012939966675,22,21,"eldar, craftworld, iyanden, ynnari, commorragh",0.5259050726890564
Heliton,0.0,4.8812633334746964e-05,1,16,"primarch, legion, angels, terra, caliban",0.38429558277130127
Ariston,0.0,0.00010105663437185578,38,13,"ultramarines, calth, bearers, macragge, sergeant",0.7509085536003113
Marcus Valerius,3.41745756138662e-06,0.000213481266302428,8,16,"primarch, legion, angels, terra, caliban",0.5240490436553955
Kordhel,0.0,0.00032683863720434347,6,25,"templars, marshal, armageddon, orks, dreadnought",0.6851177215576172
Remas,0.0,0.00010557947149917842,41,13,"ultramarines, calth, bearers, macragge, sergeant",0.49374571442604065
Hari Harr,3.228624679852509e-05,0.00016997362025345192,45,9,"legion, eaters, warband, khorne, dreadnought",0.5354801416397095
Nicanor Tullus,0.0,0.00013924788182681925,45,3,"mechanicum, mars, mechanicus, fabricator, tech",0.5447065234184265
Aurea (Canoness),0.0,8.883945296730366e-05,1,25,"templars, marshal, armageddon, orks, dreadnought",0.8253876566886902
Karedo,0.0,0.0001244903788714867,34,19,"custodes, terra, companions, shield, vengeful",0.9188123345375061
Serevakh,0.0,8.722636697454101e-05,1,14,"necromunda, dynasty, house, necron, bounty",
Baranox,1.1470913942013246e-05,0.0001688411411116966,40,9,"legion, eaters, warband, khorne, dreadnought",0.5061145424842834
Kaeleth-Tul,0.0,4.8812633334746964e-05,49,11,"farsight, house, trader, rogue, knights",0.2918625771999359
Dolgoth Sepk,0.0,0.0001751260281940117,23,20,"deathwatch, team, watch, sergeant, xenos",0.5891461372375488
Arnault Tantalid,0.0,0.00018075369831391185,25,7,"ordo, retinue, xenos, malleus, inquisition",0.4911254942417145
Davroth,0.0,8.927662229022653e-05,18,18,"warband, legion, scythes, tearers, sorcerer",0.3586033582687378
Bulledin,2.2059552394521584e-05,0.00032388607532731314,5,24,"legion, regiment, general, colonel, worlds",0.6263031959533691
Thuriel (Primaris Apothecary),0.0,4.8812633334746964e-05,1,25,"templars, marshal, armageddon, orks, dreadnought",0.6488834023475647
Lokjr,0.0,0.0002515512103996205,40,6,"wolves, fenris, pack, priest, prospero",0.7892003059387207
Merir Astelan,0.0004754277833561721,7.10665779295289e-05,37,15,"angels, legion, caliban, chaplain, sergeant",0.5216222405433655
Kor'agar'and,0.0,0.00014527032910889733,38,26,"tzeentch, nurgle, khorne, slaanesh, angels",0.6089901328086853
Baranov,0.0,6.34232907890416e-05,30,12,"cadian, regiment, general, legion, cadia",0.684272289276123
Ulbrandr Crowhame,0.0,0.00022273030200107736,40,6,"wolves, fenris, pack, priest, prospero",0.8121936321258545
Lysimachus Cestus,0.0021214188267394273,0.0003809368355061224,45,13,"ultramarines, calth, bearers, macragge, sergeant",0.7086876630783081
Pherom Sichar,8.627354909756002e-06,0.00022825709158321068,45,11,"farsight, house, trader, rogue, knights",0.4358702600002289
Invictus (Sons of Malice),0.00022783083219645296,0.0006422976847196599,1,18,"warband, legion, scythes, tearers, sorcerer",0.8760273456573486
Xhakoruakh,0.0,0.00020391627665473303,49,18,"warband, legion, scythes, tearers, sorcerer",0.5423375964164734
Ernst Stavros Killian,5.8753979081400635e-05,0.00012562168015242312,16,7,"ordo, retinue, xenos, malleus, inquisition",0.47211089730262756
Haradin,0.0,6.264603503497435e-05,37,16,"primarch, legion, angels, terra, caliban",0.45549049973487854
Hibogen Khan,0.0,9.828174845213237e-05,23,28,"scars, white, legion, brotherhood, garmon",0.6710668802261353
Koris,0.0005177475808289823,0.000127009396238854,21,15,"angels, legion, caliban, chaplain, sergeant",0.44960054755210876
Aun'la,0.0,0.00010566946110145888,27,11,"farsight, house, trader, rogue, knights",
Sym,0.0,6.811730941704556e-05,5,5,"tanith, regiment, trooper, colonel, commissar",0.7360868453979492
Scelus (Ultramarines),0.0,9.302916588611861e-05,13,20,"deathwatch, team, watch, sergeant, xenos",
Cybon,0.0,0.0004304338319422769,5,24,"legion, regiment, general, colonel, worlds",0.7183445692062378
Esha Ani Mohana,0.0011391541609822647,0.00017350796822657218,11,1,"sisters, sororitas, canoness, sister, adepta",0.6208874583244324
Rasputin,0.0,0.00013835894723906832,37,7,"ordo, retinue, xenos, malleus, inquisition",0.3264011740684509
Sholen Skara,0.0008163011542046063,0.0008038865448364734,5,9,"legion, eaters, warband, khorne, dreadnought",0.4596036970615387
Insa Rashevska,0.0,0.00010386071812020502,6,24,"legion, regiment, general, colonel, worlds",
The Vessel,0.002115961800818554,0.000255414862498762,22,26,"tzeentch, nurgle, khorne, slaanesh, angels",0.28630656003952026
Mkani Kano,0.0006880863046279434,0.00013657932647890308,21,15,"angels, legion, caliban, chaplain, sergeant",0.5210363864898682
Meric Voyen,0.0,0.00018805635867858808,45,8,"legion, primarch, terra, m30, angels",0.5980059504508972
Leinhert,0.0,4.8812633334746964e-05,40,25,"templars, marshal, armageddon, orks, dreadnought",0.27485722303390503
Valansar,0.0,4.8812633334746964e-05,49,21,"eldar, craftworld, iyanden, ynnari, commorragh",0.49018311500549316
Evangeline,0.0,0.00033071599824934655,33,1,"sisters, sororitas, canoness, sister, adepta",0.6351609826087952
Jorin Bloodhowl,0.0,0.0001192603248410689,40,6,"wolves, fenris, pack, priest, prospero",0.5413675308227539
Hawthorn Astair-Rakkan,0.0,0.0001845364088624723,39,11,"farsight, house, trader, rogue, knights",0.7053267955780029
Zaxos,0.0,0.00015550241071134554,21,22,"terra, lords, ecclesiarchy, admiral, indomitus",0.6723061800003052
Svangir and Ulfgir,0.0,0.0001386387031905788,40,6,"wolves, fenris, pack, priest, prospero",0.5513099431991577
Sokhem Vithara,0.0,7.682391714013365e-05,22,24,"legion, regiment, general, colonel, worlds",0.4328470528125763
Doyl,2.573515912088781e-05,0.0001447632691408487,5,5,"tanith, regiment, trooper, colonel, commissar",0.6377126574516296
Endryd Haar,0.0004758829938516683,0.0003926886489944396,45,8,"legion, primarch, terra, m30, angels",0.5299167037010193
Azael Konenos,0.0,0.00014087227267661106,23,12,"cadian, regiment, general, legion, cadia",0.4859660565853119
Cuarrion,0.0,8.779455338746411e-05,36,10,"fists, legion, terra, fist, phalanx",0.7523457407951355
Hjortur Ageir Hvat Bloodfang,0.0,9.196231496077045e-05,40,6,"wolves, fenris, pack, priest, prospero",0.6110266447067261
Darius (Dark Angels),0.0,4.8812633334746964e-05,9,18,"warband, legion, scythes, tearers, sorcerer",0.6165047883987427
Tolbek,8.309922071926762e-05,0.0003613397388695462,22,23,"thousand, wolves, legion, prospero, sorcerer",0.5690968632698059
Kreff,0.0,6.811730941704556e-05,5,5,"tanith, regiment, trooper, colonel, commissar",0.6498271822929382
Shon'tu,0.002704818142430048,0.000809522206798461,17,8,"legion, primarch, terra, m30, angels",0.5791285634040833
Navar Hef,0.0,0.00010017010284938767,8,6,"wolves, fenris, pack, priest, prospero",0.5225308537483215
Vathras Kell,0.0,0.00014983647006420607,37,9,"legion, eaters, warband, khorne, dreadnought",0.5541788339614868
Helena Britaine,1.3642564802182811e-06,0.00017289571934068178,6,1,"sisters, sororitas, canoness, sister, adepta",0.6752768158912659
Targutai Yesugei,0.0004440476085178423,0.0009054632864028266,23,28,"scars, white, legion, brotherhood, garmon",0.6118708848953247
Symber,0.0,4.8812633334746964e-05,5,5,"tanith, regiment, trooper, colonel, commissar",0.743241548538208
Stator,5.4570259208731245e-06,0.00014736860965850113,46,3,"mechanicum, mars, mechanicus, fabricator, tech",0.7899513244628906
Azkhar,0.0,0.00013835894723906832,37,18,"warband, legion, scythes, tearers, sorcerer",0.34029555320739746
Anovel,0.0,5.592060284652316e-05,37,15,"angels, legion, caliban, chaplain, sergeant",0.44963669776916504
Korvak Bladelord,0.0,9.239025659924264e-05,40,26,"tzeentch, nurgle, khorne, slaanesh, angels",0.4513588547706604
Laxlan Skreto,0.0,6.443784884704103e-05,17,19,"custodes, terra, companions, shield, vengeful",0.6703122854232788
Bree Jagdea,0.0,6.470582742994186e-05,5,12,"cadian, regiment, general, legion, cadia",0.5230693221092224
Bellona (Inquisitor),0.0,0.00011024025989851595,16,7,"ordo, retinue, xenos, malleus, inquisition",0.5310595035552979
Argel Tal,0.0029865550878084607,0.0012530461730605636,38,8,"legion, primarch, terra, m30, angels",0.5683737993240356
Drogan,0.0,0.0005299497911603072,9,7,"ordo, retinue, xenos, malleus, inquisition",0.5531168580055237
Kai (Fallen Angel),0.0,8.517878989179714e-05,37,16,"primarch, legion, angels, terra, caliban",0.7239722013473511
Kubik,2.2553000056412326e-05,0.0003221219830895964,36,3,"mechanicum, mars, mechanicus, fabricator, tech",0.4775131940841675
Rusheck Vakkim,0.0,8.339613758531541e-05,5,9,"legion, eaters, warband, khorne, dreadnought",0.7184471487998962
Magmus,0.0,0.0003446007616055313,25,2,"salamanders, legion, primarch, chaplain, massacre",0.8274906277656555
Eemanda,0.0,0.00011063955736680535,25,7,"ordo, retinue, xenos, malleus, inquisition",0.4603886008262634
Demetros (Captain),0.0,0.00038353997713283565,28,10,"fists, legion, terra, fist, phalanx",0.6200520396232605
Ryse,2.0463847203274215e-06,0.0003497959627457835,13,12,"cadian, regiment, general, legion, cadia",0.6946256160736084
Trajann Valoris,0.001122749970962795,0.0013747232853749247,17,19,"custodes, terra, companions, shield, vengeful",0.5872929692268372
Lyros Sydance,0.0,8.722377048205153e-05,38,13,"ultramarines, calth, bearers, macragge, sergeant",0.5461558103561401
Erik Morkai,0.0,0.0001751260281940117,40,6,"wolves, fenris, pack, priest, prospero",0.4700261354446411
Shabb,0.0,7.679986662939816e-05,32,14,"necromunda, dynasty, house, necron, bounty",0.8850120306015015
Cruor Praetoria,0.0,0.000458331452381851,42,9,"legion, eaters, warband, khorne, dreadnought",0.4788346290588379
Fernus,0.0,9.729132164371077e-05,6,25,"templars, marshal, armageddon, orks, dreadnought",0.8016363978385925
Grik,0.0,4.8812633334746964e-05,20,29,"drinkers, soul, fort, star, archmagos",0.7975202798843384
Caprico,0.0,0.00010105663437185578,38,13,"ultramarines, calth, bearers, macragge, sergeant",0.7509085536003113
Barbaretta,0.0,5.342376723482276e-05,12,0,"legion, council, massacre, 220px, isstvan",0.3491468131542206
Makari (Captain),0.0,9.769946038409898e-05,40,11,"farsight, house, trader, rogue, knights",
Aevar Qeld,0.0,0.00010338774435715608,10,24,"legion, regiment, general, colonel, worlds",
Saint Sabbat,0.012788417796720585,0.004877514825004605,5,22,"terra, lords, ecclesiarchy, admiral, indomitus",0.405344158411026
Blane,0.0,9.03128384354291e-05,5,5,"tanith, regiment, trooper, colonel, commissar",0.6480847597122192
Tzen'char,0.0,8.997433098328368e-05,40,26,"tzeentch, nurgle, khorne, slaanesh, angels",0.4516671895980835
Akhorath Zeid,0.0,0.00010438580893376725,38,24,"legion, regiment, general, colonel, worlds",0.4105841815471649
Chariz Terenoch,0.0,0.00012323667895014994,45,23,"thousand, wolves, legion, prospero, sorcerer",0.577379584312439
Septimus,0.0,0.00013385869349965895,37,11,"farsight, house, trader, rogue, knights",0.5214755535125732
Ganzorig (Heresy),0.0,4.8812633334746964e-05,23,28,"scars, white, legion, brotherhood, garmon",0.6349020600318909
Anaxsus,0.0,0.0001413955113745885,45,27,"knights, grey, brotherhood, armageddon, primarch",0.5616162419319153
Capulan,0.0,6.264603503497435e-05,10,9,"legion, eaters, warband, khorne, dreadnought",0.5578984022140503
Volk,0.00022783083219645296,0.0005198037298602698,45,18,"warband, legion, scythes, tearers, sorcerer",0.5681238770484924
Anton Gebbet,0.0,9.882903758535812e-05,26,17,"ravens, eldar, seed, tau, legion",0.623579740524292
Peshig,0.0,0.00017373018675174114,1,21,"eldar, craftworld, iyanden, ynnari, commorragh",0.38049057126045227
Dzansk,0.0,9.456298370741467e-05,46,12,"cadian, regiment, general, legion, cadia",0.6320964097976685
Sor Orgol,0.0,5.092934143936653e-05,22,9,"legion, eaters, warband, khorne, dreadnought",0.5475528240203857
Kor Phaeron,0.008181266667582954,0.0021942969648095583,38,8,"legion, primarch, terra, m30, angels",0.5691940188407898
Gregor Dessian,0.0,0.0001520151900060542,17,10,"fists, legion, terra, fist, phalanx",
Vincent Morrow,0.0,0.00028974741372958263,15,12,"cadian, regiment, general, legion, cadia",0.44184306263923645
Aun'Va,0.0,6.668964476273312e-05,27,8,"legion, primarch, terra, m30, angels",
Coline,0.0,4.8812633334746964e-05,5,5,"tanith, regiment, trooper, colonel, commissar",0.7467141151428223
Ihohet,0.0,4.8812633334746964e-05,37,16,"primarch, legion, angels, terra, caliban",0.45964956283569336
Bilebelly,0.0,9.828174845213237e-05,13,26,"tzeentch, nurgle, khorne, slaanesh, angels",0.6210299730300903
Daidin,0.0,0.0001730402204656913,6,25,"templars, marshal, armageddon, orks, dreadnought",0.6006573438644409
Murtan Feygor,0.0015300543005690437,0.0003695996223519985,5,5,"tanith, regiment, trooper, colonel, commissar",0.5692174434661865
Gabriel Seth,0.0022619925423611495,0.00046108249582848035,21,8,"legion, primarch, terra, m30, angels",0.48591846227645874
Xedro Farren,0.0,4.8812633334746964e-05,27,15,"angels, legion, caliban, chaplain, sergeant",0.49993252754211426
Kanathara,0.0,4.8812633334746964e-05,1,26,"tzeentch, nurgle, khorne, slaanesh, angels",0.5100470781326294
Torgun Bloodpelt,0.0,6.811730941704556e-05,40,6,"wolves, fenris, pack, priest, prospero",0.7547670006752014
Abrial Shard,0.0,8.491117128625524e-05,18,11,"farsight, house, trader, rogue, knights",0.5734438896179199
Kalex,0.0,6.853007889193492e-05,37,24,"legion, regiment, general, colonel, worlds",0.5679572820663452
Legienstrasse,0.0,7.647943673520173e-05,17,19,"custodes, terra, companions, shield, vengeful",0.5281347036361694
Callion Zaven,0.0001409440726108314,9.883552242327934e-05,45,25,"templars, marshal, armageddon, orks, dreadnought",0.5373024344444275
Garn,0.0,4.8812633334746964e-05,33,29,"drinkers, soul, fort, star, archmagos",0.4596743583679199
Attias,0.0,0.00010776548244514077,37,15,"angels, legion, caliban, chaplain, sergeant",0.4897082448005676
Dalia Cythera,0.0002848098540064509,0.000490761643882114,46,8,"legion, primarch, terra, m30, angels",0.34937945008277893
Amathiel,0.0,0.00015656243518588858,37,15,"angels, legion, caliban, chaplain, sergeant",0.8383538722991943
Ostulus,0.0,5.474123406341584e-05,36,22,"terra, lords, ecclesiarchy, admiral, indomitus",0.3896517753601074
Morkis,0.0,0.00014056485167947372,10,12,"cadian, regiment, general, legion, cadia",0.7695723176002502
Puriel,0.0,4.8812633334746964e-05,7,15,"angels, legion, caliban, chaplain, sergeant",0.7097381353378296
Haryk Thunderfang,0.0,4.8812633334746964e-05,22,6,"wolves, fenris, pack, priest, prospero",0.6484595537185669
Jakon,0.0,0.00012100970923776352,17,27,"knights, grey, brotherhood, armageddon, primarch",0.5833250880241394
Euphrati Keeler,0.008998617421328793,0.0026425810226563535,45,25,"templars, marshal, armageddon, orks, dreadnought",0.462240070104599
Argentus Kiron,0.0,7.909254973230028e-05,45,9,"legion, eaters, warband, khorne, dreadnought",0.5402446389198303
Jerick Halbeth,0.0,4.8812633334746964e-05,21,16,"primarch, legion, angels, terra, caliban",0.5604215860366821
Kelso (Imperial Fists),0.0,9.692346343759527e-05,33,10,"fists, legion, terra, fist, phalanx",0.8056951761245728
Hemiun,0.0,0.0003371545228956424,32,11,"farsight, house, trader, rogue, knights",0.552552342414856
Qublicus Amar,0.0,6.264603503497435e-05,36,10,"fists, legion, terra, fist, phalanx",0.4614467918872833
UR-025,0.0,4.8812633334746964e-05,30,3,"mechanicum, mars, mechanicus, fabricator, tech",0.32345038652420044
Mohana Mankata VI,0.0,0.0001298320109819519,11,3,"mechanicum, mars, mechanicus, fabricator, tech",
Raguel (Interrogator-Chaplain),0.00041553135240298696,0.00037840159688148494,37,15,"angels, legion, caliban, chaplain, sergeant",0.7145441770553589
Surch,0.0,8.491117128625524e-05,5,5,"tanith, regiment, trooper, colonel, commissar",0.7225795984268188
Andros,0.0,4.8812633334746964e-05,38,16,"primarch, legion, angels, terra, caliban",0.4295535981655121
Harvan,0.0,6.67662607084339e-05,41,20,"deathwatch, team, watch, sergeant, xenos",0.6782944202423096
Meroth,0.0,5.069900629386888e-05,7,11,"farsight, house, trader, rogue, knights",0.349811315536499
Lokar (Grey Knights),0.0,9.999206988751979e-05,42,27,"knights, grey, brotherhood, armageddon, primarch",0.5702041983604431
Verena Kain,0.0,6.882601677156658e-05,9,12,"cadian, regiment, general, legion, cadia",0.46490243077278137
Tarugar,0.0,4.8812633334746964e-05,42,9,"legion, eaters, warband, khorne, dreadnought",0.7332175374031067
Dermon Caffran,0.003515229321130229,0.0011168829995470793,5,5,"tanith, regiment, trooper, colonel, commissar",0.5259552597999573
Kiv,0.0,4.8812633334746964e-05,20,29,"drinkers, soul, fort, star, archmagos",0.7206092476844788
Karwyn,0.0,0.00031527898717574057,13,12,"cadian, regiment, general, legion, cadia",0.6449178457260132
Quetzel Carthach,0.0,0.00012282581767586069,45,18,"warband, legion, scythes, tearers, sorcerer",0.43601542711257935
Sollon,0.0,4.8812633334746964e-05,1,10,"fists, legion, terra, fist, phalanx",0.38603779673576355
Eeron Kleve,0.0,0.0003401611259826166,22,0,"legion, council, massacre, 220px, isstvan",0.6163254976272583
Eidolon (Emperor's Children),0.0014596430732965375,0.002420384568378058,1,8,"legion, primarch, terra, m30, angels",0.559883713722229
Fitch,0.0,6.040048777996859e-05,19,7,"ordo, retinue, xenos, malleus, inquisition",0.5200834274291992
Malya L'nor,0.0,0.0001295536157964178,10,26,"tzeentch, nurgle, khorne, slaanesh, angels",0.5361330509185791
Coronis Draik,0.0,0.00031697668208819176,30,11,"farsight, house, trader, rogue, knights",0.6968442797660828
Jemulan,0.0,4.8812633334746964e-05,23,28,"scars, white, legion, brotherhood, garmon",0.6508018970489502
Kaslyn,0.0,0.0003374392427686865,1,26,"tzeentch, nurgle, khorne, slaanesh, angels",0.5543179512023926
Dante,0.009928874062604648,0.003275022709544826,21,8,"legion, primarch, terra, m30, angels",0.5238094925880432
Lamirus,0.0,4.8812633334746964e-05,1,12,"cadian, regiment, general, legion, cadia",0.6521092653274536
Marquis Vaulkhere,0.0,7.909254973230028e-05,49,21,"eldar, craftworld, iyanden, ynnari, commorragh",0.5727853775024414
Ezekiel Remus,0.0,0.0001954405050976728,26,17,"ravens, eldar, seed, tau, legion",0.7216318845748901
Fal'vek,0.0,4.8812633334746964e-05,22,2,"salamanders, legion, primarch, chaplain, massacre",0.431722491979599
Abraxas,0.0,5.9098889339756226e-05,4,18,"warband, legion, scythes, tearers, sorcerer",0.4657108783721924
Covonis,0.0,9.85617549670928e-05,12,7,"ordo, retinue, xenos, malleus, inquisition",0.6234942674636841
Pelops Dravagor,0.0,6.264603503497435e-05,45,22,"terra, lords, ecclesiarchy, admiral, indomitus",0.6145117878913879
Lothar Redfang,0.0,8.108856066460753e-05,0,20,"deathwatch, team, watch, sergeant, xenos",0.36819663643836975
Brusc,0.0,0.0004439678991924103,6,25,"templars, marshal, armageddon, orks, dreadnought",0.5781494975090027
Markhov,0.0,4.8812633334746964e-05,9,13,"ultramarines, calth, bearers, macragge, sergeant",0.535025954246521
Endymion,0.0,4.8812633334746964e-05,26,17,"ravens, eldar, seed, tau, legion",0.6575437188148499
Tamaya,0.0,8.491117128625524e-05,40,6,"wolves, fenris, pack, priest, prospero",0.6330328583717346
Lo Chang,0.0,4.8812633334746964e-05,17,0,"legion, council, massacre, 220px, isstvan",0.49171677231788635
Cassian (Horus Heresy),0.0,0.0008323550694051105,46,13,"ultramarines, calth, bearers, macragge, sergeant",0.9442441463470459
Nehat Nev,0.0,7.241244768746907e-05,8,11,"farsight, house, trader, rogue, knights",0.448262095451355
Pavel Uet,0.0,0.0001571180706528972,25,7,"ordo, retinue, xenos, malleus, inquisition",0.7208645343780518
Magneric,0.0,0.00013501167353832352,36,25,"templars, marshal, armageddon, orks, dreadnought",0.5163606405258179
Drak,0.0,0.00017964026363056492,42,9,"legion, eaters, warband, khorne, dreadnought",0.7427372336387634
The Undying,0.0002570456809372226,8.235161221240853e-05,9,14,"necromunda, dynasty, house, necron, bounty",0.4974207282066345
Icaron,0.0,0.00020166343721755742,9,18,"warband, legion, scythes, tearers, sorcerer",0.6783387660980225
Regina Kasteen,1.3642564802182811e-06,0.0002600765584386105,16,12,"cadian, regiment, general, legion, cadia",0.5935111045837402
Castor Alcade,0.0,0.00020378150644804742,38,24,"legion, regiment, general, colonel, worlds",
Sevrin Loth,0.0,4.8812633334746964e-05,7,18,"warband, legion, scythes, tearers, sorcerer",0.5239754915237427
Dzukar,0.0,7.596132866260043e-05,1,11,"farsight, house, trader, rogue, knights",
Malthaen,0.0,6.298166793919846e-05,21,15,"angels, legion, caliban, chaplain, sergeant",0.5861954092979431
Callie,0.0,8.491117128625524e-05,5,4,"vervunhive, tanith, regiment, commissar, colonel",0.8871396780014038
Bohemond,0.000714820384164213,0.00042434747347508856,36,16,"primarch, legion, angels, terra, caliban",0.5737696886062622
Moriana Mouhausen,0.00020017845047896638,0.00024260580488823976,22,1,"sisters, sororitas, canoness, sister, adepta",0.4771397113800049
Marco Lillo,0.0,4.8812633334746964e-05,5,4,"vervunhive, tanith, regiment, commissar, colonel",0.67725670337677
Lihua Sheradane,0.0,0.00014634296580085768,23,12,"cadian, regiment, general, legion, cadia",0.5845900177955627
Phratus Auguston,0.00026315706938345436,0.0002894004752798199,38,13,"ultramarines, calth, bearers, macragge, sergeant",0.5696166157722473
Narbo,0.00023034682279062435,0.00022483882326128859,30,22,"terra, lords, ecclesiarchy, admiral, indomitus",0.7230364084243774
Ursinus Echion,0.0,4.8812633334746964e-05,45,18,"warband, legion, scythes, tearers, sorcerer",0.5014488697052002
Genareas,0.0,0.000638695254215519,1,18,"warband, legion, scythes, tearers, sorcerer",0.8760273456573486
Gorgo Tsouras,0.00022783083219645296,0.00018443109126080513,20,29,"drinkers, soul, fort, star, archmagos",0.6736396551132202
Aphkar,0.0,8.250759408124018e-05,37,16,"primarch, legion, angels, terra, caliban",0.7492893934249878
Qan'karro,0.0,0.00010296044026200937,10,28,"scars, white, legion, brotherhood, garmon",0.5310301780700684
Harlen Morgan,0.0,4.8812633334746964e-05,9,24,"legion, regiment, general, colonel, worlds",0.3777480125427246
Tiberius Helmawr,0.0,0.00032511337787193326,35,14,"necromunda, dynasty, house, necron, bounty",0.7231631278991699
Ezekiel Sedayne,0.0008697061578132917,0.002248352893755873,38,8,"legion, primarch, terra, m30, angels",0.4763850271701813
Vulnor Habshept kal Geel,0.0,8.032387286437579e-05,5,11,"farsight, house, trader, rogue, knights",0.42017820477485657
Tsevosk,0.0,6.956273588508804e-05,40,24,"legion, regiment, general, colonel, worlds",0.557839035987854
Fasolt,0.0,4.8812633334746964e-05,21,13,"ultramarines, calth, bearers, macragge, sergeant",0.4622684419155121
Titus Prayto,0.0,9.64496602386328e-05,38,13,"ultramarines, calth, bearers, macragge, sergeant",0.5505523681640625
Guil Conort,0.0,6.870901343271781e-05,45,16,"primarch, legion, angels, terra, caliban",0.6018764972686768
Torian Kommodar,0.0,4.8812633334746964e-05,12,11,"farsight, house, trader, rogue, knights",0.5124486684799194
Lucius the Eternal,0.002829099535221625,0.000691102550396684,1,8,"legion, primarch, terra, m30, angels",0.5376860499382019
Corag Hai,0.0,0.00012435809765292712,49,21,"eldar, craftworld, iyanden, ynnari, commorragh",0.6483258008956909
Kraillach,0.0012863119599818072,0.00030526164070508656,49,21,"eldar, craftworld, iyanden, ynnari, commorragh",0.6947276592254639
Madox,0.0,0.0004941711610926411,40,23,"thousand, wolves, legion, prospero, sorcerer",0.49683260917663574
Hanri,0.0,0.00017179140840314466,7,24,"legion, regiment, general, colonel, worlds",0.4409191608428955
Ullas,0.0,4.8812633334746964e-05,0,10,"fists, legion, terra, fist, phalanx",0.7164492011070251
Kva,0.0004556616643929059,0.0004738029699888559,40,8,"legion, primarch, terra, m30, angels",0.5907449722290039
Bellathonis,0.0006066393815370636,0.00038779810982082893,49,21,"eldar, craftworld, iyanden, ynnari, commorragh",0.5736640095710754
Elthan,0.0,4.8812633334746964e-05,5,5,"tanith, regiment, trooper, colonel, commissar",0.5658268928527832
Bubonicus (Character),0.0,0.00043277698713585765,1,26,"tzeentch, nurgle, khorne, slaanesh, angels",0.5552034974098206
Uzkarel Ophite,3.96583666346713e-05,0.00023715860656375895,34,19,"custodes, terra, companions, shield, vengeful",0.534374475479126
Tangata Manu,0.0,7.968640273250604e-05,49,21,"eldar, craftworld, iyanden, ynnari, commorragh",0.4687918424606323
Shenko,0.0,0.00016647132495461233,5,24,"legion, regiment, general, colonel, worlds",0.7728947997093201
Diomat,0.0,4.8812633334746964e-05,1,18,"warband, legion, scythes, tearers, sorcerer",0.43639692664146423
Aun'ui Hoo'nan,0.0,0.00011276716446336603,10,18,"warband, legion, scythes, tearers, sorcerer",0.7405965328216553
Iqbraesil,0.0,9.511782314387652e-05,38,21,"eldar, craftworld, iyanden, ynnari, commorragh",0.5379377007484436
Firaeveus Carron,0.0012535300971950143,0.00015658471040994062,26,18,"warband, legion, scythes, tearers, sorcerer",0.3107263445854187
Plienus,0.0,8.451496005643726e-05,1,16,"primarch, legion, angels, terra, caliban",0.7326236367225647
Blue Scribes,0.0,0.00010557964530229051,40,26,"tzeentch, nurgle, khorne, slaanesh, angels",
Gnoph-Keh,0.0,4.8812633334746964e-05,22,23,"thousand, wolves, legion, prospero, sorcerer",0.4650590419769287
Nyos Yllithian,0.001664847658026376,0.0003470869270865069,49,21,"eldar, craftworld, iyanden, ynnari, commorragh",0.6094551682472229
Erika Luminas,0.0,4.8812633334746964e-05,33,1,"sisters, sororitas, canoness, sister, adepta",0.4862023591995239
Stolas,0.0,4.8812633334746964e-05,21,15,"angels, legion, caliban, chaplain, sergeant",0.6317304968833923
Sarabdal,0.0,4.8812633334746964e-05,38,25,"templars, marshal, armageddon, orks, dreadnought",0.6551341414451599
Drakan Vangorich,0.0003359441351315302,0.001541537589821868,36,7,"ordo, retinue, xenos, malleus, inquisition",0.5235070586204529
Tharador Yheng,0.005089923665753607,0.0004081075892404722,38,18,"warband, legion, scythes, tearers, sorcerer",0.5111392736434937
Oltyx,0.0021268758526603007,0.0005975628247735817,32,14,"necromunda, dynasty, house, necron, bounty",0.544230580329895
Athanazius Calvino,0.0,4.8812633334746964e-05,7,15,"angels, legion, caliban, chaplain, sergeant",0.6832088828086853
Mago,7.958162801273306e-07,0.00043156027947801765,42,9,"legion, eaters, warband, khorne, dreadnought",0.5998272895812988
Aminus,0.0021186903137789905,7.647315486453553e-05,21,15,"angels, legion, caliban, chaplain, sergeant",0.5666450262069702
Hull (Inquisitor Lord),0.0,0.00021084913988951223,38,7,"ordo, retinue, xenos, malleus, inquisition",0.5813523530960083
Grarken Furith,0.0,5.1253821870081206e-05,23,18,"warband, legion, scythes, tearers, sorcerer",0.386350154876709
Kolja Ravenblade,0.0,0.0004273555994429657,40,6,"wolves, fenris, pack, priest, prospero",0.8350262641906738
Draech,0.0,0.00012014954435559675,49,21,"eldar, craftworld, iyanden, ynnari, commorragh",0.616741418838501
Ahzek Ahriman,0.025339575452330742,0.001929976590875043,22,8,"legion, primarch, terra, m30, angels",0.49832162261009216
Keritraeus,0.0,0.00015966883735358953,46,16,"primarch, legion, angels, terra, caliban",0.7684804797172546
Athenys,0.0,4.8812633334746964e-05,30,21,"eldar, craftworld, iyanden, ynnari, commorragh",0.5720348358154297
Perren-Dhos,0.0,4.8812633334746964e-05,40,24,"legion, regiment, general, colonel, worlds",0.4249594509601593
Selena Agna,0.0,0.00010302562971702788,38,1,"sisters, sororitas, canoness, sister, adepta",0.5782190561294556
Aldrik Voldus,0.0011814079482571544,0.00019991293154652122,7,27,"knights, grey, brotherhood, armageddon, primarch",0.5810132622718811
Zygmunt Molotch,0.0001143167493034507,0.0002743860957861408,25,7,"ordo, retinue, xenos, malleus, inquisition",0.5164194107055664
Calen Oberas,0.0,4.8812633334746964e-05,1,9,"legion, eaters, warband, khorne, dreadnought",0.5008803009986877
Numitor (Blood Angels),0.0,6.265870673665543e-05,42,18,"warband, legion, scythes, tearers, sorcerer",0.4455694854259491
Octavius (Legion of the Damned),0.0,0.00012425624408200566,41,13,"ultramarines, calth, bearers, macragge, sergeant",
AsanethAyu,0.0,9.814597218568125e-05,38,7,"ordo, retinue, xenos, malleus, inquisition",0.3211002051830292
Lucian Trajan,0.0,0.0001830762074754254,9,13,"ultramarines, calth, bearers, macragge, sergeant",0.7221249341964722
Gideon (Ultramarines),0.0004556616643929059,0.00034390755539261315,10,13,"ultramarines, calth, bearers, macragge, sergeant",0.7251478433609009
Barthol Van Voytz,0.0012423209810584908,0.00017995441919683257,5,12,"cadian, regiment, general, legion, cadia",0.5920863151550293
Tobar Helmawr,0.002188267394270123,0.00016287270699792184,35,14,"necromunda, dynasty, house, necron, bounty",0.6771196126937866
Athellenas,0.00022919508867667122,0.001857502620726861,17,25,"templars, marshal, armageddon, orks, dreadnought",0.5469027161598206
Arrian,0.0,0.00014237079607189813,40,22,"terra, lords, ecclesiarchy, admiral, indomitus",0.5465027093887329
Jarrok Skreel,0.0,8.491117128625524e-05,42,6,"wolves, fenris, pack, priest, prospero",0.5793303847312927
Ozostium Aranthus,0.0,0.0003622750910101656,35,14,"necromunda, dynasty, house, necron, bounty",0.6912816762924194
Votheer Tark,0.0,0.000137839852103422,9,3,"mechanicum, mars, mechanicus, fabricator, tech",0.5014960765838623
Kahu,0.0,7.241244768746907e-05,8,20,"deathwatch, team, watch, sergeant, xenos",0.6176186800003052
Korr,0.0,0.00018137406386589162,42,18,"warband, legion, scythes, tearers, sorcerer",0.8588714599609375
Ulrik Grimfang,0.0038937854607534687,0.00036307869940976125,40,6,"wolves, fenris, pack, priest, prospero",0.5094713568687439
Menx,0.0,8.491117128625524e-05,5,4,"vervunhive, tanith, regiment, commissar, colonel",0.8141094446182251
Bequa Kynska,0.0,0.0004304601161354297,1,1,"sisters, sororitas, canoness, sister, adepta",0.5410910248756409
Artekus Bardane,0.0,4.8812633334746964e-05,42,18,"warband, legion, scythes, tearers, sorcerer",0.4145970344543457
Crull (Flesh Tearers),0.0017242191770540148,0.00023279019730703621,26,20,"deathwatch, team, watch, sergeant, xenos",0.5028642416000366
Lazlo Tiberius,0.0,0.00011410035448946195,9,13,"ultramarines, calth, bearers, macragge, sergeant",0.5633912086486816
Grevius,0.0,9.303726781078142e-05,41,10,"fists, legion, terra, fist, phalanx",0.5412894487380981
Lukas Chrom,0.00279479271173637,0.000429325939132297,46,3,"mechanicum, mars, mechanicus, fabricator, tech",0.5397793650627136
Annovuldi,0.0,0.0003353332436703317,45,16,"primarch, legion, angels, terra, caliban",0.8152231574058533
Maheldaron,0.0,4.8812633334746964e-05,21,15,"angels, legion, caliban, chaplain, sergeant",0.40245872735977173
Loell,0.0,8.491117128625524e-05,5,5,"tanith, regiment, trooper, colonel, commissar",0.8516976237297058
Vannadan,0.0,0.00016346051854115076,40,18,"warband, legion, scythes, tearers, sorcerer",
Mkteeg,0.0,0.0001246255318463955,5,5,"tanith, regiment, trooper, colonel, commissar",0.8138983845710754
Clement Brohn,0.0,0.0002325389615693701,45,24,"legion, regiment, general, colonel, worlds",0.45053455233573914
Aldred,0.0,0.00017408265942001348,13,27,"knights, grey, brotherhood, armageddon, primarch",0.5163698792457581
Broken Knife,0.0,0.00012197477213191034,7,28,"scars, white, legion, brotherhood, garmon",0.5610095858573914
Retius Daceus,0.0,4.8812633334746964e-05,9,13,"ultramarines, calth, bearers, macragge, sergeant",0.3878626823425293
Arhra,7.384272743060383e-05,0.00116108305027098,49,21,"eldar, craftworld, iyanden, ynnari, commorragh",0.6229321956634521
Ferrus Manus,0.004395789745082683,0.006435925971422783,1,8,"legion, primarch, terra, m30, angels",0.6491160988807678
Francesi Castigon,0.0,0.00018211593296505303,21,15,"angels, legion, caliban, chaplain, sergeant",0.4396757185459137
Caelos,0.0,0.0001651355583035816,27,18,"warband, legion, scythes, tearers, sorcerer",0.5126240849494934
Baal (Chaos Sorcerer),0.0,0.0031983522965126393,21,20,"deathwatch, team, watch, sergeant, xenos",
Krysander,0.0,4.8812633334746964e-05,1,16,"primarch, legion, angels, terra, caliban",0.3996312618255615
Orrin Grimjarl,5.4570259208731245e-06,0.00036621850855809936,35,14,"necromunda, dynasty, house, necron, bounty",0.7094535827636719
Carenz Sarkaana,0.0,4.8812633334746964e-05,9,12,"cadian, regiment, general, legion, cadia",0.63157057762146
Palaliah,0.0,6.811730941704556e-05,7,15,"angels, legion, caliban, chaplain, sergeant",0.7692619562149048
Graucis Telomane,0.0010828456975796677,0.0009883602774912379,42,27,"knights, grey, brotherhood, armageddon, primarch",0.5125250220298767
Volquan Sark,0.0,7.402118417573615e-05,36,11,"farsight, house, trader, rogue, knights",0.6214882135391235
Calistis Merovin,0.0,8.491117128625524e-05,23,1,"sisters, sororitas, canoness, sister, adepta",0.585839033126831
Kasati Nuon,0.0,0.0003353332436703317,45,16,"primarch, legion, angels, terra, caliban",0.8152231574058533
Bray'arth Ashmantle,0.0,4.8812633334746964e-05,22,2,"salamanders, legion, primarch, chaplain, massacre",0.5031351447105408
Megresh,0.0,8.575276108220224e-05,8,16,"primarch, legion, angels, terra, caliban",0.6359217166900635
Alactus,0.0,4.8812633334746964e-05,21,15,"angels, legion, caliban, chaplain, sergeant",0.5363945364952087
Barek Zytos,0.0005689467612789322,0.000621361991907648,22,2,"salamanders, legion, primarch, chaplain, massacre",0.6303169131278992
Seraphus (Deathwatch),0.0,0.0002580858461013264,19,20,"deathwatch, team, watch, sergeant, xenos",
Pharaa'gueotla,0.0,6.811730941704556e-05,12,26,"tzeentch, nurgle, khorne, slaanesh, angels",0.6770185828208923
Freki and Geri,0.0,0.000536246852051352,40,6,"wolves, fenris, pack, priest, prospero",0.58882737159729
Durun Atticus,0.00022783083219645296,0.0005064767810240094,1,0,"legion, council, massacre, 220px, isstvan",0.45604002475738525
Trincus Abconcis,8.496023707483462e-06,0.00027971140619481214,42,22,"terra, lords, ecclesiarchy, admiral, indomitus",0.4467862546443939
Lucan Herodas,0.0,5.9187684609917504e-05,5,24,"legion, regiment, general, colonel, worlds",0.6078934073448181
Udin Macht Udo,0.0001621722775219293,0.0008208710589782029,36,22,"terra, lords, ecclesiarchy, admiral, indomitus",0.6381981372833252
Jai'tana,0.0,4.8812633334746964e-05,37,23,"thousand, wolves, legion, prospero, sorcerer",0.6651099920272827
Sabinus,0.0,8.451496005643726e-05,1,16,"primarch, legion, angels, terra, caliban",0.7372638583183289
Xavier,0.0,4.8812633334746964e-05,22,2,"salamanders, legion, primarch, chaplain, massacre",0.5352433919906616
Argento Corian,0.0004556616643929059,0.0010164107553486401,1,18,"warband, legion, scythes, tearers, sorcerer",0.575714111328125
Ordus,0.0,4.8812633334746964e-05,0,10,"fists, legion, terra, fist, phalanx",0.683108925819397
Yvetta Helmawr,0.0,0.00028615999597795166,35,14,"necromunda, dynasty, house, necron, bounty",0.9267637729644775
Danidel,0.0,4.8812633334746964e-05,37,16,"primarch, legion, angels, terra, caliban",0.705649197101593
Pietor Gearhart,0.0,0.00022790748673344916,5,3,"mechanicum, mars, mechanicus, fabricator, tech",
Daceus (Captain),0.0,0.00016466606319773144,9,11,"farsight, house, trader, rogue, knights",
Vex Machinator,0.0,0.00010911045001897253,45,18,"warband, legion, scythes, tearers, sorcerer",0.582500696182251
Thaliar,0.0,5.9187684609917504e-05,6,25,"templars, marshal, armageddon, orks, dreadnought",0.5788411498069763
Fonetta,0.0,4.8812633334746964e-05,5,5,"tanith, regiment, trooper, colonel, commissar",0.592077374458313
Morrigan,0.0,0.0001172451240740863,38,0,"legion, council, massacre, 220px, isstvan",0.6390986442565918
Auramagma,0.0,6.710065477574914e-05,40,8,"legion, primarch, terra, m30, angels",0.5630514025688171
Jarran Kell,0.0,0.00022122706237954058,13,12,"cadian, regiment, general, legion, cadia",0.7252914905548096
Enok Innokenti,8.618804707012684e-05,0.00047057642795712964,5,18,"warband, legion, scythes, tearers, sorcerer",0.6172744035720825
Mathias Herzog,0.0,0.00026160695421459824,45,8,"legion, primarch, terra, m30, angels",0.7917988300323486
Kel'nir,0.0,4.8812633334746964e-05,22,2,"salamanders, legion, primarch, chaplain, massacre",0.45379430055618286
Tauro Nicodemus,5.360592402556382e-06,0.00012124189385086722,38,13,"ultramarines, calth, bearers, macragge, sergeant",0.5434255003929138
Honorius Luciel,0.0,7.422610559116422e-05,38,13,"ultramarines, calth, bearers, macragge, sergeant",0.6151530146598816
Devram Korda,3.9107432244212445e-06,0.0001044747202093501,45,8,"legion, primarch, terra, m30, angels",0.519449770450592
Kyre,0.0,0.00012204516975991315,26,21,"eldar, craftworld, iyanden, ynnari, commorragh",0.3914097249507904
Goge Vandire,0.0066602138368679975,0.0021890288387326983,33,22,"terra, lords, ecclesiarchy, admiral, indomitus",0.49746909737586975
Butcher King,3.394400051971676e-06,0.000131465680282143,38,18,"warband, legion, scythes, tearers, sorcerer",0.44242221117019653
Festus (Chaos Champion),0.0,0.0001151824618119053,1,26,"tzeentch, nurgle, khorne, slaanesh, angels",0.7328304052352905
Barutai Khan,0.0,9.654841439416515e-05,23,28,"scars, white, legion, brotherhood, garmon",0.5885703563690186
Angelus (Blood Angels),0.0009113233287858119,0.00036269205226925963,25,13,"ultramarines, calth, bearers, macragge, sergeant",0.854387104511261
Larrus Torgan,0.0,0.0001700649365994319,0,10,"fists, legion, terra, fist, phalanx",
Carus Brom,0.0,4.8812633334746964e-05,26,17,"ravens, eldar, seed, tau, legion",0.6320294141769409
Vared,0.0,0.00019949734266398972,38,13,"ultramarines, calth, bearers, macragge, sergeant",0.5456047058105469
Octavian (Chapter Ancient),0.0,0.00017957160333076518,13,13,"ultramarines, calth, bearers, macragge, sergeant",0.6764491200447083
Valerian (Black Templars),0.00045839017735334244,0.00047053092994663547,17,25,"templars, marshal, armageddon, orks, dreadnought",0.8456034660339355
The Masque,0.004328763736844015,0.0003435356646607294,7,26,"tzeentch, nurgle, khorne, slaanesh, angels",0.445843905210495
Petros,0.0,0.0001796739432934459,1,18,"warband, legion, scythes, tearers, sorcerer",0.46143388748168945
Ulvurul Heoroth,0.0,6.313080303622457e-05,40,6,"wolves, fenris, pack, priest, prospero",0.5737066864967346
Ge'oph Robhyson,0.0,4.8812633334746964e-05,1,19,"custodes, terra, companions, shield, vengeful",0.4842059016227722
Kalus Ekaddon,3.372268331144646e-06,0.0002195446660297041,45,8,"legion, primarch, terra, m30, angels",0.6401905417442322
Sebastian Yarrick,0.004134388538123036,0.0005005913663942566,6,9,"legion, eaters, warband, khorne, dreadnought",0.4849580228328705
Caractacus Mott,0.0,0.00013945199996294287,16,7,"ordo, retinue, xenos, malleus, inquisition",0.22229719161987305
Krieger Thrax,7.958162801273306e-07,0.00015809499248981815,35,21,"eldar, craftworld, iyanden, ynnari, commorragh",0.38754644989967346
Cyrius,0.0,7.548778713140002e-05,1,16,"primarch, legion, angels, terra, caliban",0.5501588582992554
Mordachi,0.0,0.0003707909914744702,37,15,"angels, legion, caliban, chaplain, sergeant",0.5338146090507507
Methkar,0.0,4.8812633334746964e-05,38,24,"legion, regiment, general, colonel, worlds",0.5934121012687683
Argus Brond,0.0,8.23838498009169e-05,42,9,"legion, eaters, warband, khorne, dreadnought",
Jajjo,6.1635158838433065e-06,8.171923688629669e-05,5,5,"tanith, regiment, trooper, colonel, commissar",0.7191543579101562
Ferren Areios,0.0011137577460872165,0.0003589184023008673,38,8,"legion, primarch, terra, m30, angels",0.573967456817627
Aleckto Kirhane,0.0,4.8812633334746964e-05,22,2,"salamanders, legion, primarch, chaplain, massacre",0.44127020239830017
Qin Xa,5.741514683262228e-05,0.0008344167232424726,23,28,"scars, white, legion, brotherhood, garmon",0.5997123718261719
Carminus,0.0,4.8812633334746964e-05,38,15,"angels, legion, caliban, chaplain, sergeant",0.48450902104377747
Ar'baal,0.0,4.8812633334746964e-05,12,24,"legion, regiment, general, colonel, worlds",0.4668816328048706
Idris (Inquisitor),0.0,0.00016228991103958866,12,7,"ordo, retinue, xenos, malleus, inquisition",0.6610086560249329
Yason Annellus,0.0,9.073438853961403e-05,21,0,"legion, council, massacre, 220px, isstvan",
Samus,0.030961104575579643,0.0017767294175495157,45,26,"tzeentch, nurgle, khorne, slaanesh, angels",0.46252331137657166
Kheron Ophion,0.0,6.58855950982505e-05,37,8,"legion, primarch, terra, m30, angels",0.6820852756500244
Ajak Khan,0.00022783083219645296,0.00019747277080194085,23,28,"scars, white, legion, brotherhood, garmon",0.5062515139579773
T'kell,0.00029232472329693553,0.0003708781973587737,22,2,"salamanders, legion, primarch, chaplain, massacre",0.5972856879234314
Calleb Decima,0.0,0.0001313416433877729,23,18,"warband, legion, scythes, tearers, sorcerer",0.4187847971916199
Julius (Black Templars),0.0,4.8812633334746964e-05,6,25,"templars, marshal, armageddon, orks, dreadnought",0.6653627157211304
Lady Credo,3.152948309837805e-05,0.0006433903341389964,35,14,"necromunda, dynasty, house, necron, bounty",0.60528165102005
Thorild,0.0,0.00011588157597677806,36,18,"warband, legion, scythes, tearers, sorcerer",0.6916815638542175
Kalendela Tol,0.0,4.8812633334746964e-05,12,22,"terra, lords, ecclesiarchy, admiral, indomitus",0.4202156066894531
Quesadra,0.0,0.0001705347213400143,36,10,"fists, legion, terra, fist, phalanx",
Varskjold,0.0,0.00010911045001897253,23,20,"deathwatch, team, watch, sergeant, xenos",0.5619534254074097
Dimitar Shiban,0.0,4.8812633334746964e-05,47,18,"warband, legion, scythes, tearers, sorcerer",0.6450198292732239
Valgarn,0.0,4.8812633334746964e-05,40,6,"wolves, fenris, pack, priest, prospero",0.6165703535079956
Kasimir De Valtos,0.0,0.0001299732881983983,9,21,"eldar, craftworld, iyanden, ynnari, commorragh",0.43607255816459656
Gelentian,0.0,0.0004565937331343607,20,3,"mechanicum, mars, mechanicus, fabricator, tech",0.7974777221679688
Teng Namatjira,0.0,0.0001300795544091434,47,24,"legion, regiment, general, colonel, worlds",0.4840796887874603
Gir Kucher,0.0,4.8812633334746964e-05,45,19,"custodes, terra, companions, shield, vengeful",0.5642999410629272
Zephon (Dark Angels),1.3642564802182811e-06,0.0008413572422793926,10,15,"angels, legion, caliban, chaplain, sergeant",0.6094372272491455
Trayvar Thrice-Burned,0.0,6.811730941704556e-05,18,12,"cadian, regiment, general, legion, cadia",0.8267486095428467
Ramiel (Disciples of Caliban),0.0,0.0001827354126046268,37,24,"legion, regiment, general, colonel, worlds",
Oud Oudia Raskian,0.0054805928209450735,0.0003683288540519448,17,22,"terra, lords, ecclesiarchy, admiral, indomitus",0.6273723244667053
Mathieu,0.001211531640937986,0.0014030439484448377,38,25,"templars, marshal, armageddon, orks, dreadnought",0.5203559994697571
Zogat,0.0,6.437800025709851e-05,5,5,"tanith, regiment, trooper, colonel, commissar",0.6808220148086548
Ingo Pech,3.2832281844990976e-06,0.0002944383663059584,45,8,"legion, primarch, terra, m30, angels",0.7613869309425354
Vitrian Messinius,0.002077641577422552,0.0005016966429921158,38,22,"terra, lords, ecclesiarchy, admiral, indomitus",0.5429254174232483
Subas,0.0,8.491117128625524e-05,10,28,"scars, white, legion, brotherhood, garmon",0.8132535815238953
Foebreaker,0.0,0.00016415770915796432,48,3,"mechanicum, mars, mechanicus, fabricator, tech",0.8790780305862427
Ekran Davaar,0.0,4.8812633334746964e-05,23,16,"primarch, legion, angels, terra, caliban",0.7089383006095886
Wulfric,0.0,6.198826402571399e-05,40,6,"wolves, fenris, pack, priest, prospero",0.8148786425590515
Mandragora (Daemon),0.0,0.00020342240443159404,32,26,"tzeentch, nurgle, khorne, slaanesh, angels",
Telluk,0.0,0.000124482836456763,10,28,"scars, white, legion, brotherhood, garmon",0.8255434632301331
Asmodeus,0.0,0.00011086310534112429,37,18,"warband, legion, scythes, tearers, sorcerer",0.4228987693786621
Jovian (Genesis Chapter),0.0,8.3440340043873e-05,38,18,"warband, legion, scythes, tearers, sorcerer",0.7214053273200989
Dumah (Chaplain),0.00022783083219645296,0.00010583082120875876,21,18,"warband, legion, scythes, tearers, sorcerer",0.5482608675956726
Honourable Company,0.0,0.0003300469575916461,9,9,"legion, eaters, warband, khorne, dreadnought",0.5983399748802185
Marcha,0.0,4.8812633334746964e-05,10,28,"scars, white, legion, brotherhood, garmon",0.6298867464065552
Nasturi Ephrenia,0.0,0.00019273116375208694,8,16,"primarch, legion, angels, terra, caliban",0.653029203414917
Nimur Ennat,0.0,4.8812633334746964e-05,38,9,"legion, eaters, warband, khorne, dreadnought",0.5386395454406738
Zyvan,0.0,0.00022373370899284893,16,24,"legion, regiment, general, colonel, worlds",0.4578995406627655
Sebastian Thor,0.0023327136350840307,0.0009497148245949725,33,22,"terra, lords, ecclesiarchy, admiral, indomitus",0.6046622395515442
Erebus,0.012642349300753844,0.005228767946375185,45,8,"legion, primarch, terra, m30, angels",0.5794567465782166
Agapito Nev,0.0,0.00022705289251623965,42,24,"legion, regiment, general, colonel, worlds",0.6492800712585449
Ohrmuzd Ahriman,0.0,0.00010845417591660121,40,8,"legion, primarch, terra, m30, angels",0.46064847707748413
Rinas Dol,0.0,5.881321279118773e-05,21,12,"cadian, regiment, general, legion, cadia",0.5848310589790344
Halbrecht,0.0,5.881321279118773e-05,45,10,"fists, legion, terra, fist, phalanx",0.6045383214950562
Soltarn Vull Bronn,0.0,4.8812633334746964e-05,9,9,"legion, eaters, warband, khorne, dreadnought",0.44338297843933105
Toren Divas,0.0,6.264603503497435e-05,16,24,"legion, regiment, general, colonel, worlds",0.5495854616165161
Fifth Fellowship,0.0,8.814054194550332e-05,40,12,"cadian, regiment, general, legion, cadia",0.5263981223106384
Marduk Tamaris,2.3811349463383795e-05,0.0002967613404771813,1,16,"primarch, legion, angels, terra, caliban",0.6168631315231323
Hester Aspertia Sigma-Sigma,0.0,0.0007626376739520073,38,3,"mechanicum, mars, mechanicus, fabricator, tech",0.5001906156539917
Gades,0.0,7.420115473996257e-05,5,5,"tanith, regiment, trooper, colonel, commissar",0.6662846207618713
Grimnir Blackblood,0.00022783083219645296,0.0004446436432503355,40,6,"wolves, fenris, pack, priest, prospero",0.6074364185333252
Adallus,1.3138984572825902e-05,9.031625406028939e-05,37,24,"legion, regiment, general, colonel, worlds",0.6457421779632568
Branne Nev,0.0002043461146562824,0.0003557063165179639,42,8,"legion, primarch, terra, m30, angels",0.6181913018226624
Balthiel,0.0,0.0003341919144832569,21,11,"farsight, house, trader, rogue, knights",0.8461921215057373
Devere,0.0,6.506724632560625e-05,13,24,"legion, regiment, general, colonel, worlds",0.7238010168075562
Jan van Yastobaal,0.0,4.8812633334746964e-05,38,11,"farsight, house, trader, rogue, knights",0.47344130277633667
Vortigern (Fallen Angel),0.0,7.568582105216165e-05,45,9,"legion, eaters, warband, khorne, dreadnought",0.6007091403007507
Trajus Boniface,0.0,4.8812633334746964e-05,21,16,"primarch, legion, angels, terra, caliban",0.5858777761459351
Donatos Aphael,0.0,6.956273588508804e-05,21,15,"angels, legion, caliban, chaplain, sergeant",0.39925459027290344
Orestinio,0.0,0.0001400725662939792,42,13,"ultramarines, calth, bearers, macragge, sergeant",0.759418785572052
Khiron,0.0,0.0001557104108304326,5,26,"tzeentch, nurgle, khorne, slaanesh, angels",0.4911833107471466
Zuehlke,0.0,0.00010911045001897253,7,24,"legion, regiment, general, colonel, worlds",0.7432942390441895
Terrek,0.0,0.00012187002294683966,38,24,"legion, regiment, general, colonel, worlds",0.27872395515441895
Mulvarius,0.0,4.8812633334746964e-05,27,13,"ultramarines, calth, bearers, macragge, sergeant",0.5466095209121704
Sul Kontep,0.0,8.454592101625978e-05,40,16,"primarch, legion, angels, terra, caliban",0.49777951836586
Goseph Kersherin,0.00026058985683733175,0.0002504459338842941,5,5,"tanith, regiment, trooper, colonel, commissar",0.7991729378700256
Luciver Anckor,0.00011323328785811734,0.0001945973981135108,13,18,"warband, legion, scythes, tearers, sorcerer",0.3066517412662506
Dugan,0.0,8.491117128625524e-05,30,11,"farsight, house, trader, rogue, knights",0.7004144191741943
Kristos,0.00022783083219645296,0.00014070635642894158,1,18,"warband, legion, scythes, tearers, sorcerer",0.6337893009185791
Amallyn Shadowguide,0.0,6.956273588508804e-05,30,21,"eldar, craftworld, iyanden, ynnari, commorragh",0.41892415285110474
Heth,0.0,0.0001849334357912541,36,10,"fists, legion, terra, fist, phalanx",0.643042802810669
Morvenn Vahl,0.0,0.0005865088689136313,38,1,"sisters, sororitas, canoness, sister, adepta",0.4746212363243103
Sharn,0.0,0.00011591091401645238,28,20,"deathwatch, team, watch, sergeant, xenos",0.3865211009979248
Apollo Diomedes,0.002092097214749066,0.00036146419176750187,26,17,"ravens, eldar, seed, tau, legion",0.539099931716919
Qin Fai,0.0,5.7112674354883395e-05,23,28,"scars, white, legion, brotherhood, garmon",0.5888047814369202
Zuthis Abarim,0.0,0.00015859380786696468,12,13,"ultramarines, calth, bearers, macragge, sergeant",0.8893758654594421
Steloc Aethon,7.953783425555355e-05,7.826439413349259e-05,38,13,"ultramarines, calth, bearers, macragge, sergeant",0.53129643201828
Evander Garrius,0.0,0.00012814464482327286,40,10,"fists, legion, terra, fist, phalanx",0.6707481145858765
Taryn Honan,0.0,7.864243317908601e-05,9,22,"terra, lords, ecclesiarchy, admiral, indomitus",0.5259107351303101
Silas Hand,0.0,0.00015851793436817235,32,7,"ordo, retinue, xenos, malleus, inquisition",0.46800678968429565
Zerberyn,0.0004542974079126876,0.00021545899255917187,36,18,"warband, legion, scythes, tearers, sorcerer",0.5497126579284668
Lustig,0.0,4.8812633334746964e-05,16,5,"tanith, regiment, trooper, colonel, commissar",0.6003751158714294
Hierax,0.0,0.00011041373325353988,38,13,"ultramarines, calth, bearers, macragge, sergeant",0.6515614986419678
Nullus,0.0024085454045176123,0.0001708398823784679,10,28,"scars, white, legion, brotherhood, garmon",0.5498077273368835
Malcador the Sigillite,0.02264706590219101,0.004608021970847789,45,8,"legion, primarch, terra, m30, angels",0.5218127369880676
Sarpedon,0.005977937981517654,0.0008918154508429476,20,29,"drinkers, soul, fort, star, archmagos",0.6579657793045044
Ignis,0.00010106290855375366,0.00043358280053181636,22,8,"legion, primarch, terra, m30, angels",0.44692477583885193
Sandrine Icaro,0.0,9.892455117081258e-05,45,24,"legion, regiment, general, colonel, worlds",0.6374836564064026
Maximus Epathus,0.0013107301581964513,0.00025743085166273025,38,13,"ultramarines, calth, bearers, macragge, sergeant",0.4876351058483124
Uriel Ventris,0.008150826166870781,0.001716856455292097,9,13,"ultramarines, calth, bearers, macragge, sergeant",0.5261089205741882
Amity Hope,0.0,5.7105286955213046e-05,21,1,"sisters, sororitas, canoness, sister, adepta",0.4416901171207428
Apollos,0.0,0.00030407066913843323,6,25,"templars, marshal, armageddon, orks, dreadnought",0.5846731066703796
Maggot (Bouncer),0.0,8.491117128625524e-05,30,11,"farsight, house, trader, rogue, knights",0.6688339710235596
Noches Sturm,0.00022783083219645296,0.0004724580606251639,5,5,"tanith, regiment, trooper, colonel, commissar",0.48197683691978455
Marchese,0.0,4.8812633334746964e-05,5,24,"legion, regiment, general, colonel, worlds",0.4310910701751709
Viktor Hark,0.0005540399381001734,0.0004395966846885386,5,12,"cadian, regiment, general, legion, cadia",0.543839693069458
Atesh Tarsa,0.0,8.086775733928957e-05,22,2,"salamanders, legion, primarch, chaplain, massacre",0.46760571002960205
Caraeus,0.0,0.000141596554719493,21,15,"angels, legion, caliban, chaplain, sergeant",0.4764823317527771
Asmodai,0.003066979038404515,0.0005871745444403814,7,15,"angels, legion, caliban, chaplain, sergeant",0.5254420638084412
Korosan Myrlath,0.0,4.8812633334746964e-05,45,18,"warband, legion, scythes, tearers, sorcerer",0.6291017532348633
Laria,0.0,9.639961016190253e-05,5,1,"sisters, sororitas, canoness, sister, adepta",0.39338377118110657
Heartslayer,3.3658156304813875e-05,7.94278039062232e-05,7,21,"eldar, craftworld, iyanden, ynnari, commorragh",0.6002335548400879
Keltru,0.0,8.829457148949358e-05,3,13,"ultramarines, calth, bearers, macragge, sergeant",0.7028622627258301
Rath Sturm,0.0,9.202398807523686e-05,13,12,"cadian, regiment, general, legion, cadia",0.6071913242340088
Travix,0.0,9.588626189811704e-05,17,10,"fists, legion, terra, fist, phalanx",0.7228493690490723
Mazik,0.000755342208664278,8.263764180681501e-05,10,0,"legion, council, massacre, 220px, isstvan",0.3036922216415405
Deacis VI,0.0,0.00020109149159559713,33,1,"sisters, sororitas, canoness, sister, adepta",0.5217630863189697
Adrix,0.0,0.0001533232633503175,9,2,"salamanders, legion, primarch, chaplain, massacre",0.6415075063705444
Heironymo Sondar,0.0006649001390169981,0.0003491668258264543,5,4,"vervunhive, tanith, regiment, commissar, colonel",0.5496688485145569
Alice Hallowette,0.0,9.009089651584656e-05,15,11,"farsight, house, trader, rogue, knights",0.5515307188034058
Maelik Toir,0.0,0.00010747782611133669,31,21,"eldar, craftworld, iyanden, ynnari, commorragh",0.7010765075683594
Gideon Ravenor,0.009603916193987485,0.0010948169174021128,25,7,"ordo, retinue, xenos, malleus, inquisition",0.5139457583427429
Vult,0.0,9.23225804492243e-05,12,7,"ordo, retinue, xenos, malleus, inquisition",0.540751039981842
Kaldor Draigo,0.0012968535347185528,0.0006831805751199593,7,27,"knights, grey, brotherhood, armageddon, primarch",0.5259342789649963
Oneius Prayd,0.0,5.1253821870081206e-05,18,11,"farsight, house, trader, rogue, knights",0.42423200607299805
Durek,0.0,4.8812633334746964e-05,33,22,"terra, lords, ecclesiarchy, admiral, indomitus",0.624686062335968
Drach'nyen,4.3197540648120254e-05,0.000874832091564214,45,26,"tzeentch, nurgle, khorne, slaanesh, angels",0.26430973410606384
Zadakiel,0.0006513592130872877,0.0002329612950893791,7,15,"angels, legion, caliban, chaplain, sergeant",0.5531567931175232
Bella Trebek,0.0,6.811730941704556e-05,16,12,"cadian, regiment, general, legion, cadia",0.6262031197547913
Korus,0.0007363550805191595,0.00022266099284525356,19,18,"warband, legion, scythes, tearers, sorcerer",0.5309823155403137
Rykehuss,0.0,0.0006378661982971909,33,7,"ordo, retinue, xenos, malleus, inquisition",0.7048947215080261
Culcis,0.0,0.00011024025989851595,5,4,"vervunhive, tanith, regiment, commissar, colonel",0.6059759259223938
Mathias Vlain,0.0,0.0001720483328495019,6,25,"templars, marshal, armageddon, orks, dreadnought",0.7153852581977844
Isak Actte,0.0,7.035480237867104e-05,25,11,"farsight, house, trader, rogue, knights",0.45283252000808716
Cazadris,0.0,8.491117128625524e-05,34,19,"custodes, terra, companions, shield, vengeful",0.8631024360656738
Marcella DeQuervain,0.0,6.956273588508804e-05,13,24,"legion, regiment, general, colonel, worlds",0.3432365655899048
Svane Vulfbad,0.0,0.00019997888087548688,40,6,"wolves, fenris, pack, priest, prospero",0.48651978373527527
Marus Porelska,0.00022646657571623468,0.0004173872417253838,13,12,"cadian, regiment, general, legion, cadia",0.6570976972579956
Scarlax,0.0,0.0001538772747687579,42,26,"tzeentch, nurgle, khorne, slaanesh, angels",0.5241391658782959
Argan Kallorax,0.0,5.1253821870081206e-05,49,21,"eldar, craftworld, iyanden, ynnari, commorragh",0.6148384809494019
Kardozia,0.0,4.8812633334746964e-05,8,16,"primarch, legion, angels, terra, caliban",0.516821026802063
Baharroth,0.0008448194526138799,0.0003714002217103261,49,21,"eldar, craftworld, iyanden, ynnari, commorragh",0.6101912260055542
Francis,0.0,0.00018462748208785147,26,17,"ravens, eldar, seed, tau, legion",0.8146953582763672
Rudrec,0.0,6.641407818552026e-05,5,4,"vervunhive, tanith, regiment, commissar, colonel",0.6181915402412415
Halenna Terryn,0.0,0.00023307528622906724,48,11,"farsight, house, trader, rogue, knights",0.6795116662979126
Justina,0.0,0.001246612733825383,30,1,"sisters, sororitas, canoness, sister, adepta",0.8289433717727661
Midas Betancore,0.0,0.0004452731302618953,25,7,"ordo, retinue, xenos, malleus, inquisition",0.5107563138008118
Horlun Helmawr,0.0,0.0002809597489626433,35,14,"necromunda, dynasty, house, necron, bounty",0.912593424320221
Surgit,0.0,0.00011591091401645238,28,20,"deathwatch, team, watch, sergeant, xenos",0.39186519384384155
Dathan Tychor,0.0,4.8812633334746964e-05,36,10,"fists, legion, terra, fist, phalanx",0.684604287147522
Heliosa-54,1.3642564802182811e-06,0.00010042959771822861,45,1,"sisters, sororitas, canoness, sister, adepta",0.7297435998916626
Aldana Agathe,0.00039643271558158585,0.00022962239244282955,45,18,"warband, legion, scythes, tearers, sorcerer",0.47045546770095825
Grendyl,0.0,0.0012582668086557147,15,7,"ordo, retinue, xenos, malleus, inquisition",0.5330909490585327
Olmenus,0.0,0.0004426243734780829,17,13,"ultramarines, calth, bearers, macragge, sergeant",0.9708791971206665
Tsar Quorel,0.0,9.141950288664507e-05,38,19,"custodes, terra, companions, shield, vengeful",0.7962431907653809
Derval Bossch,0.0,9.75153093037637e-05,38,7,"ordo, retinue, xenos, malleus, inquisition",0.729151725769043
Sumi'ahn Tantar,0.0,4.8812633334746964e-05,15,11,"farsight, house, trader, rogue, knights",0.5150884389877319
Ekodas,0.0,8.426884091893412e-05,38,25,"templars, marshal, armageddon, orks, dreadnought",0.4834519624710083
Rapal Staccata,0.0,7.816918602487339e-05,38,7,"ordo, retinue, xenos, malleus, inquisition",0.7488728165626526
Serghar Targost,7.062443349027302e-05,0.0004956744795180478,45,8,"legion, primarch, terra, m30, angels",0.5252742171287537
Drantar,0.0,0.00010911045001897253,10,18,"warband, legion, scythes, tearers, sorcerer",0.5132335424423218
Gravius,0.0,0.000141596554719493,22,2,"salamanders, legion, primarch, chaplain, massacre",0.6623747944831848
Yehzod,0.0,6.666174636085054e-05,37,18,"warband, legion, scythes, tearers, sorcerer",0.5082749128341675
Ilyaster Faylech,0.0,4.8812633334746964e-05,45,23,"thousand, wolves, legion, prospero, sorcerer",0.6509931087493896
Voldwyn,0.0,0.00018137406386589162,42,18,"warband, legion, scythes, tearers, sorcerer",0.8588714599609375
Bolothrax,0.0,0.000141596554719493,10,26,"tzeentch, nurgle, khorne, slaanesh, angels",0.5982324481010437
Okrark,0.0,4.8812633334746964e-05,45,9,"legion, eaters, warband, khorne, dreadnought",0.392522931098938
Gamigin,0.0,5.572933418486065e-05,21,15,"angels, legion, caliban, chaplain, sergeant",0.5507234334945679
Daryvitch Helstrab,0.0,9.397132519131333e-05,49,24,"legion, regiment, general, colonel, worlds",0.4286067485809326
Seneca,5.4570259208731245e-06,0.00042549588885229365,38,13,"ultramarines, calth, bearers, macragge, sergeant",0.6811917424201965
Vokksh,0.0,0.00010911045001897253,32,14,"necromunda, dynasty, house, necron, bounty",0.8409500122070312
Cassia (Ogryn),0.0,0.0001546744431723938,40,7,"ordo, retinue, xenos, malleus, inquisition",0.48995813727378845
Asmasael,0.0,4.8812633334746964e-05,21,18,"warband, legion, scythes, tearers, sorcerer",0.46865376830101013
Tar-Julsk,0.0,4.8812633334746964e-05,23,28,"scars, white, legion, brotherhood, garmon",0.7413127422332764
Xhofar Beruddin,0.0,0.00011071667206333509,45,16,"primarch, legion, angels, terra, caliban",0.5198881030082703
Iona,0.0,0.00016443139127242064,33,1,"sisters, sororitas, canoness, sister, adepta",0.5525460839271545
Mira,0.0,0.00020181552579194692,9,24,"legion, regiment, general, colonel, worlds",0.5021198391914368
Cynus Wolfenbüttel,0.0,0.00010911045001897253,30,7,"ordo, retinue, xenos, malleus, inquisition",0.6861422061920166
Zufur,0.0,0.00018626751097630597,13,18,"warband, legion, scythes, tearers, sorcerer",0.5031982660293579
Gilbarn Helmawr,0.0,0.00025333798394389545,35,14,"necromunda, dynasty, house, necron, bounty",0.9214876294136047
Grateion Artabane,0.0011391541609822647,0.00028314425975472477,6,25,"templars, marshal, armageddon, orks, dreadnought",0.651792049407959
Kovarny,0.0,0.00019083833077763624,45,16,"primarch, legion, angels, terra, caliban",0.5882353186607361
Macharius (Character),0.003551946673049941,0.0022990520956792057,40,8,"legion, primarch, terra, m30, angels",0.5172311663627625
Flaven,0.0,9.639961016190253e-05,5,5,"tanith, regiment, trooper, colonel, commissar",0.6211258172988892
Avaaris Koln,0.0,0.00015458762301881175,39,11,"farsight, house, trader, rogue, knights",0.5169294476509094
Torven Vakra,0.0,0.0001730402204656913,6,22,"terra, lords, ecclesiarchy, admiral, indomitus",0.5172238349914551
Hector Rex,0.002240069177449805,0.00030784376685560704,7,7,"ordo, retinue, xenos, malleus, inquisition",0.4424593448638916
Quintus (Tech Priest),0.0004556616643929059,0.0019028022023644944,10,3,"mechanicum, mars, mechanicus, fabricator, tech",0.8788608908653259
Sebastion,0.0,0.00023438047610423903,3,13,"ultramarines, calth, bearers, macragge, sergeant",0.545756995677948
Lazerian,0.0,0.00017408265942001346,33,10,"fists, legion, terra, fist, phalanx",0.5277625918388367
Zaraphiston,2.6815715186663953e-05,0.0002732996225839107,45,9,"legion, eaters, warband, khorne, dreadnought",0.4711693823337555
Philemon,0.0,4.8812633334746964e-05,23,0,"legion, council, massacre, 220px, isstvan",0.4528008997440338
Hekkarron,0.0,0.00013835894723906832,37,15,"angels, legion, caliban, chaplain, sergeant",0.58961021900177
Simon Belisarius,0.00022919508867667122,0.0003944034008834466,30,11,"farsight, house, trader, rogue, knights",0.4622056484222412
Shiban Khan,0.00030966810788141813,0.0008684064717301265,23,28,"scars, white, legion, brotherhood, garmon",0.6144788265228271
Orlah Y'Kamidar,0.000502660575944221,0.0002612652560822149,38,1,"sisters, sororitas, canoness, sister, adepta",0.6403185725212097
Saffor Sengir,0.0,9.580841497134478e-05,7,26,"tzeentch, nurgle, khorne, slaanesh, angels",0.5556793212890625
Ghesmei Kysnaros,0.0007778749927579771,0.0006608743090879769,42,16,"primarch, legion, angels, terra, caliban",0.43250298500061035
Vosok Dall,0.0,0.00011322015267642897,9,20,"deathwatch, team, watch, sergeant, xenos",0.5417759418487549
Gylon,0.0,9.363467597080123e-05,21,18,"warband, legion, scythes, tearers, sorcerer",0.6734321713447571
Niceg Vamberfeld,0.0007549546247719013,0.00020544939037714694,5,4,"vervunhive, tanith, regiment, commissar, colonel",0.5082919001579285
Commodus Voke,0.0004212273707322382,0.0005830123964006275,25,7,"ordo, retinue, xenos, malleus, inquisition",0.6325045228004456
Rafal Kulik,0.0,0.00039100027329043,36,13,"ultramarines, calth, bearers, macragge, sergeant",0.7410160303115845
Constant Gerrit,0.0,0.00035646006106111906,35,14,"necromunda, dynasty, house, necron, bounty",0.739497184753418
Zweil,0.0,6.416718639579575e-05,5,9,"legion, eaters, warband, khorne, dreadnought",0.5333141088485718
Hadariel (Primaris Chaplain),0.0,0.0002911543637389148,37,15,"angels, legion, caliban, chaplain, sergeant",0.8031215667724609
Vettius Telok,0.0,0.00010911045001897253,9,3,"mechanicum, mars, mechanicus, fabricator, tech",0.7467868328094482
Nyramar,0.0,4.8812633334746964e-05,42,26,"tzeentch, nurgle, khorne, slaanesh, angels",0.413114458322525
Redolphio,0.0,8.843583485961402e-05,36,18,"warband, legion, scythes, tearers, sorcerer",0.7110594511032104
Autilon Skorr,0.000907230559345157,0.00015530832003125426,22,8,"legion, primarch, terra, m30, angels",0.5240105390548706
Gottrand,0.0,0.00010847940449297896,31,20,"deathwatch, team, watch, sergeant, xenos",0.6935165524482727
Avery,0.0,4.8812633334746964e-05,13,24,"legion, regiment, general, colonel, worlds",0.4885200262069702
Alexian,0.0,4.8812633334746964e-05,26,17,"ravens, eldar, seed, tau, legion",0.5811288952827454
Elarique Swiftblade,0.0,0.00015275415700810835,45,21,"eldar, craftworld, iyanden, ynnari, commorragh",0.4006217122077942
Galen Czytel,0.0,4.8812633334746964e-05,5,12,"cadian, regiment, general, legion, cadia",0.5747085809707642
Duco,0.0,4.8812633334746964e-05,1,18,"warband, legion, scythes, tearers, sorcerer",0.2758699655532837
Helbrecht,0.0037428572695145618,0.0021870669815478284,6,25,"templars, marshal, armageddon, orks, dreadnought",0.5557241439819336
Innis Unterrio,0.0,0.00020632066946573062,5,5,"tanith, regiment, trooper, colonel, commissar",0.8665415644645691
Prince of City's Edge,0.0,6.1562901670665e-05,40,6,"wolves, fenris, pack, priest, prospero",0.5571404695510864
Faltornus,0.0002393792436864518,0.0010340410135610892,5,25,"templars, marshal, armageddon, orks, dreadnought",0.5480597019195557
Odaenathus,0.0,6.68020567867837e-05,9,13,"ultramarines, calth, bearers, macragge, sergeant",0.19485220313072205
Gideon (Black Templars),0.0,0.00014583942758898571,38,25,"templars, marshal, armageddon, orks, dreadnought",0.5731282830238342
Marius Reinhart,0.0,0.000498932498028442,6,25,"templars, marshal, armageddon, orks, dreadnought",0.6694748997688293
Ul-Buus,0.0,0.00010292028581969385,45,12,"cadian, regiment, general, legion, cadia",0.6640733480453491
Tyrell,0.0,0.0001796739432934459,1,18,"warband, legion, scythes, tearers, sorcerer",0.22231128811836243
Arook Serotid,8.460521591490214e-06,8.722377048205153e-05,38,13,"ultramarines, calth, bearers, macragge, sergeant",0.505545437335968
Castor (Lord General),0.0,9.163412059996412e-05,26,12,"cadian, regiment, general, legion, cadia",0.4853442311286926
Sanakht,0.00016308746145105225,0.00032241310577044884,22,23,"thousand, wolves, legion, prospero, sorcerer",0.6156474947929382
Helgrund,0.0,0.00011914645081203069,25,7,"ordo, retinue, xenos, malleus, inquisition",0.4467161297798157
Ezekiel,0.0,4.8812633334746964e-05,7,15,"angels, legion, caliban, chaplain, sergeant",0.49181243777275085
Ortiz,0.0,0.0001293203908285105,5,12,"cadian, regiment, general, legion, cadia",0.5783569812774658
Jun Racine,0.0,7.178895500802799e-05,5,4,"vervunhive, tanith, regiment, commissar, colonel",0.706301212310791
Jarulek,0.0,4.8812633334746964e-05,38,8,"legion, primarch, terra, m30, angels",0.4696083068847656
Orelius (Rogue Trader),0.0,0.00013945199996294287,16,7,"ordo, retinue, xenos, malleus, inquisition",0.6254861354827881
Mikelus,0.0004556616643929059,9.882903758535812e-05,26,17,"ravens, eldar, seed, tau, legion",0.5449642539024353
Belath (Infiltrator),0.0,0.00036069297559889813,37,0,"legion, council, massacre, 220px, isstvan",
Be'lakor,0.0014191833460156938,0.0012269365864082907,17,26,"tzeentch, nurgle, khorne, slaanesh, angels",0.5320514440536499
Gore-Drenched One,0.0,8.95297612726026e-05,4,18,"warband, legion, scythes, tearers, sorcerer",0.7159697413444519
Uclir,0.0,0.00012530538050978374,5,5,"tanith, regiment, trooper, colonel, commissar",0.6730521321296692
Koriel Zeth,0.0005098523804526533,0.00047184679958749576,46,3,"mechanicum, mars, mechanicus, fabricator, tech",0.4884047508239746
Severus (Dreadnought),0.00024257775941186082,0.0007563631456297434,27,13,"ultramarines, calth, bearers, macragge, sergeant",0.3609996438026428
Baffels,0.0013540503678927745,0.0001373719070203585,5,5,"tanith, regiment, trooper, colonel, commissar",0.6260778903961182
Alizebeth Bequin,0.004266342782145524,0.0006958278796264223,25,7,"ordo, retinue, xenos, malleus, inquisition",0.44755908846855164
Arvek Kjarlskar,0.0,0.000190024511393024,40,6,"wolves, fenris, pack, priest, prospero",0.5797736048698425
Ulnok,0.0,4.8812633334746964e-05,45,19,"custodes, terra, companions, shield, vengeful",0.4831252098083496
Eamon,2.7285129604365623e-06,0.00047344882187234515,23,22,"terra, lords, ecclesiarchy, admiral, indomitus",0.6331936717033386
Kauragar,0.0,5.092934143936653e-05,42,16,"primarch, legion, angels, terra, caliban",0.49566805362701416
Nozick Beta-12,1.1425933670169858e-06,0.000307358614846465,9,3,"mechanicum, mars, mechanicus, fabricator, tech",0.6639063954353333
Decima (Sister of Battle),0.0,7.909254973230028e-05,33,1,"sisters, sororitas, canoness, sister, adepta",0.5318983197212219
Callimachus,0.0,0.00014885188506842434,40,20,"deathwatch, team, watch, sergeant, xenos",0.8147880434989929
Dalin Larsekson,0.0,4.8812633334746964e-05,35,3,"mechanicum, mars, mechanicus, fabricator, tech",0.5021715760231018
Egnar,0.0,6.198826402571399e-05,40,6,"wolves, fenris, pack, priest, prospero",0.7652708888053894
Yvraine,0.02132037186087248,0.0017754941975092538,49,21,"eldar, craftworld, iyanden, ynnari, commorragh",0.48122408986091614
Ahmand,0.0,4.8812633334746964e-05,21,10,"fists, legion, terra, fist, phalanx",0.48799315094947815
Opara,0.0,0.00012425715205738688,17,10,"fists, legion, terra, fist, phalanx",0.8257718682289124
Racel Vought,0.0,4.8812633334746964e-05,45,24,"legion, regiment, general, colonel, worlds",0.6674959659576416
Kerenna,0.0,0.00011671866869832515,42,18,"warband, legion, scythes, tearers, sorcerer",0.7730312347412109
Hrothgar Ironblade,0.0,9.482144280686085e-05,40,6,"wolves, fenris, pack, priest, prospero",0.5440888404846191
Sethselameth,0.0,8.122906715184798e-05,21,26,"tzeentch, nurgle, khorne, slaanesh, angels",0.6976010799407959
Flavius Gort,0.0,0.0003050821671794179,4,18,"warband, legion, scythes, tearers, sorcerer",0.9942996501922607
Volusad Thassius,0.0,0.00014855040016296101,23,13,"ultramarines, calth, bearers, macragge, sergeant",0.7288686037063599
Sanguinor,0.0003054956734219138,0.0007546171769838292,21,15,"angels, legion, caliban, chaplain, sergeant",0.5163376927375793
Kania Dhanda,0.00022792491885026113,0.00016095452136585453,17,22,"terra, lords, ecclesiarchy, admiral, indomitus",0.582851767539978
M'Shen,0.0011800417779323689,0.0009193464262542321,37,16,"primarch, legion, angels, terra, caliban",0.6161766648292542
Morpal Cxir,4.427937526369843e-05,0.0002059396473046536,38,24,"legion, regiment, general, colonel, worlds",0.5260767936706543
Anuradha Daaz,0.0,0.00023410319114643184,6,1,"sisters, sororitas, canoness, sister, adepta",0.4684980809688568
Cadwalder,0.0,0.00010279046510845268,45,24,"legion, regiment, general, colonel, worlds",0.5399388074874878
Grumion,0.0,4.8812633334746964e-05,26,17,"ravens, eldar, seed, tau, legion",0.7982668876647949
Vardus Praal,0.0,0.00012498032597051877,1,22,"terra, lords, ecclesiarchy, admiral, indomitus",0.5010811686515808
Nisk Ran-Thawll,0.0,8.56457805960141e-05,6,0,"legion, council, massacre, 220px, isstvan",
Therajomas Kanze,0.0,4.8812633334746964e-05,36,16,"primarch, legion, angels, terra, caliban",0.3453410863876343
Erasmus Krag (Knight),0.0,0.00011452129141082703,10,11,"farsight, house, trader, rogue, knights",0.5264948606491089
Ramiel,0.0,4.8812633334746964e-05,37,15,"angels, legion, caliban, chaplain, sergeant",0.6268125176429749
Krage,0.0,4.8812633334746964e-05,38,7,"ordo, retinue, xenos, malleus, inquisition",0.43014979362487793
Krovaan,0.0,8.491117128625524e-05,1,11,"farsight, house, trader, rogue, knights",0.597129762172699
Ishigu Khan,0.0,4.8812633334746964e-05,23,28,"scars, white, legion, brotherhood, garmon",0.5614160299301147
Hekastis Nul,5.4570259208731245e-06,6.793848242693488e-05,40,26,"tzeentch, nurgle, khorne, slaanesh, angels",0.5339764952659607
Bronislaw Czevak,0.002290509338445044,0.0003813731568714111,38,7,"ordo, retinue, xenos, malleus, inquisition",0.37412723898887634
Mefridus,0.0,4.8812633334746964e-05,6,25,"templars, marshal, armageddon, orks, dreadnought",0.5814802646636963
Arrian Zorzi,0.0,4.8812633334746964e-05,1,9,"legion, eaters, warband, khorne, dreadnought",0.37995070219039917
Sael Karros,0.0,8.124256945684475e-05,23,9,"legion, eaters, warband, khorne, dreadnought",0.5753819942474365
Heraslk Gilt,0.0,4.8812633334746964e-05,1,25,"templars, marshal, armageddon, orks, dreadnought",0.307852566242218
Malcharion,0.0009463214465163982,0.00029602743679463294,37,9,"legion, eaters, warband, khorne, dreadnought",0.3903381824493408
Ubaldo,0.0,0.00036573605335143034,44,13,"ultramarines, calth, bearers, macragge, sergeant",0.8036105036735535
Kith (Succubus),0.0,0.00034826907022211486,5,21,"eldar, craftworld, iyanden, ynnari, commorragh",
Diocletian Coros,0.0,0.000688910946920155,45,19,"custodes, terra, companions, shield, vengeful",0.47755417227745056
Katarin Elg,0.00022783083219645296,0.00011796327400462481,45,24,"legion, regiment, general, colonel, worlds",0.5835092663764954
Atarine Hestia,0.0,5.724678168410784e-05,17,1,"sisters, sororitas, canoness, sister, adepta",0.8485745191574097
Hasdrubal (Storm Lords),0.0,0.00010236560829121898,7,20,"deathwatch, team, watch, sergeant, xenos",0.785308301448822
Taremar Aurellian,0.0012584291202046916,0.0004584667174790681,42,27,"knights, grey, brotherhood, armageddon, primarch",0.3767390847206116
Tellos,0.0,5.746155030672032e-05,20,29,"drinkers, soul, fort, star, archmagos",0.7524123787879944
Draker Flense,1.5737672968232313e-05,0.0004744822212865065,5,5,"tanith, regiment, trooper, colonel, commissar",0.6893084049224854
Jangsai Khan,0.0005091743108189879,0.0004214340081642407,23,9,"legion, eaters, warband, khorne, dreadnought",0.43789324164390564
Yorac,0.0,0.0003669019710250807,10,0,"legion, council, massacre, 220px, isstvan",0.403964638710022
Cassian Talasadian,0.0,4.8812633334746964e-05,46,16,"primarch, legion, angels, terra, caliban",0.7901251912117004
Alicia Dominica,0.0018860464304529794,0.0012832205986094733,33,1,"sisters, sororitas, canoness, sister, adepta",0.4977412521839142
Vilius,2.1297219903605494e-05,8.587510716956466e-05,1,18,"warband, legion, scythes, tearers, sorcerer",0.5129469037055969
Urran Gauk,0.0,4.8812633334746964e-05,45,16,"primarch, legion, angels, terra, caliban",0.4764041304588318
Chaiya Parvati,0.0,0.00014807197390473138,22,1,"sisters, sororitas, canoness, sister, adepta",0.5357846021652222
Eikos Lamiad,0.00014405070965813654,0.00044626419031614287,38,8,"legion, primarch, terra, m30, angels",0.5938198566436768
Dracos (Character),0.0,4.8812633334746964e-05,40,22,"terra, lords, ecclesiarchy, admiral, indomitus",0.40425848960876465
Vianco Locard,0.0005372655309830805,0.0002925077795739618,9,3,"mechanicum, mars, mechanicus, fabricator, tech",0.4920741617679596
Sasia Koraloth,0.0005318326512050923,0.001009267097285258,20,3,"mechanicum, mars, mechanicus, fabricator, tech",0.6952033638954163
Deinos Agamemnus,0.0,0.00010911045001897253,40,11,"farsight, house, trader, rogue, knights",0.703497052192688
Xavyer Jubal,2.193980127532811e-05,0.0002564120493649127,45,18,"warband, legion, scythes, tearers, sorcerer",0.5749764442443848
Eloise Athagey,0.0,6.077229001405703e-05,38,13,"ultramarines, calth, bearers, macragge, sergeant",0.4952263832092285
Threxos Hellbreed,0.0,9.461374403405869e-05,38,0,"legion, council, massacre, 220px, isstvan",0.5510486960411072
Moloch (Sons of Malice),0.0004556616643929059,6.569959635856185e-05,1,20,"deathwatch, team, watch, sergeant, xenos",0.768558144569397
Joros,0.0,0.0003289396793124516,42,27,"knights, grey, brotherhood, armageddon, primarch",0.4944910705089569
Paulis III,0.0,0.0005156875698369362,33,22,"terra, lords, ecclesiarchy, admiral, indomitus",0.5634937882423401
Ullis Temeter,0.0,9.508394355717096e-05,23,16,"primarch, legion, angels, terra, caliban",0.6302817463874817
Marduk Sedras,0.0,0.00010911045001897253,37,9,"legion, eaters, warband, khorne, dreadnought",0.6688716411590576
Varran Gor,0.0,0.00011764362512556829,35,14,"necromunda, dynasty, house, necron, bounty",0.5370841026306152
Tabulatum Vrain,0.0,4.8812633334746964e-05,39,3,"mechanicum, mars, mechanicus, fabricator, tech",0.5776489973068237
Skraal,0.0,0.00011589715271768887,45,13,"ultramarines, calth, bearers, macragge, sergeant",0.751049280166626
Lukas (Space Wolves),0.0,4.8812633334746964e-05,40,6,"wolves, fenris, pack, priest, prospero",0.5896863341331482
Zhara'shan,0.0,8.083078096530203e-05,37,24,"legion, regiment, general, colonel, worlds",0.7698217630386353
Brutius Parthon,0.0,0.0003282373167703162,41,3,"mechanicum, mars, mechanicus, fabricator, tech",0.7660129070281982
Anval Thawn,0.0002294431353094382,0.0003411075075773663,38,27,"knights, grey, brotherhood, armageddon, primarch",0.4665715992450714
Octavia,0.0002449864281381312,0.00015727747684533746,37,21,"eldar, craftworld, iyanden, ynnari, commorragh",0.4864978790283203
Shaidan,0.0,0.0002222143707974292,41,18,"warband, legion, scythes, tearers, sorcerer",0.6130784749984741
Gauvian,0.0,6.264603503497435e-05,47,10,"fists, legion, terra, fist, phalanx",0.5714501142501831
Eyva Phalomor,0.0,6.956273588508804e-05,6,21,"eldar, craftworld, iyanden, ynnari, commorragh",0.2099309265613556
Castius (Librarian),0.0,6.956273588508804e-05,22,18,"warband, legion, scythes, tearers, sorcerer",0.42880332469940186
Janus (Chaos Champion),0.00024365498886182367,0.0004499805871118706,22,20,"deathwatch, team, watch, sergeant, xenos",0.4656088352203369
Alicia Kar Manticos,0.0,4.8812633334746964e-05,24,11,"farsight, house, trader, rogue, knights",0.5879104733467102
Illiyan Nastase,0.0,7.396848954479939e-05,9,8,"legion, primarch, terra, m30, angels",0.5040457844734192
Tolin Dorden,0.002053303541571053,0.0011323936464585503,5,5,"tanith, regiment, trooper, colonel, commissar",0.5543179512023926
Emelina Lichtenhart,0.0,8.848639635951306e-05,2,7,"ordo, retinue, xenos, malleus, inquisition",0.41471004486083984
Xettus Qeele,0.0,9.462855062950806e-05,18,9,"legion, eaters, warband, khorne, dreadnought",0.5523630380630493
Edmarius,0.0,4.8812633334746964e-05,26,7,"ordo, retinue, xenos, malleus, inquisition",0.5842710733413696
Bylar,0.0,0.00013148449308858148,42,20,"deathwatch, team, watch, sergeant, xenos",0.6941237449645996
Khalon,0.0,4.8812633334746964e-05,1,9,"legion, eaters, warband, khorne, dreadnought",0.5295024514198303
Eleanor Blanche,0.0,0.0001072998624207064,38,1,"sisters, sororitas, canoness, sister, adepta",0.4407249391078949
Omin Lund,0.0,4.8812633334746964e-05,25,9,"legion, eaters, warband, khorne, dreadnought",0.5837321281433105
Tyrant of Blueflame,0.0,0.00023552506975873727,38,7,"ordo, retinue, xenos, malleus, inquisition",0.415442556142807
Linoleus Rakkan,0.0009113233287858119,0.0003620928462556275,39,11,"farsight, house, trader, rogue, knights",0.6320459246635437
Convolute,0.0,9.899599616512784e-05,17,19,"custodes, terra, companions, shield, vengeful",0.6555119156837463
Anarchia,0.0,9.568062062550282e-05,10,1,"sisters, sororitas, canoness, sister, adepta",0.507969081401825
Kruger (Wolf Lord),0.0,7.814001739615917e-05,40,9,"legion, eaters, warband, khorne, dreadnought",0.5413064956665039
Tynon,0.0004556616643929059,0.0004908921467809706,17,13,"ultramarines, calth, bearers, macragge, sergeant",0.9818071126937866
Lyrmund Thall,0.0,4.8812633334746964e-05,22,12,"cadian, regiment, general, legion, cadia",0.44722414016723633
Bertizon Smye,0.0,7.358858379911678e-05,12,24,"legion, regiment, general, colonel, worlds",0.6432256102561951
Xa'ven,7.991750428220012e-07,0.00020878775844050725,23,2,"salamanders, legion, primarch, chaplain, massacre",0.5494493246078491
Mekki,0.0,4.8812633334746964e-05,29,3,"mechanicum, mars, mechanicus, fabricator, tech",0.5574213266372681
Menes Kalliston,4.194367418066953e-06,0.00013435730911461497,42,8,"legion, primarch, terra, m30, angels",0.5277626514434814
Tanau Aleya,0.0004556616643929059,0.00013884792054770644,17,1,"sisters, sororitas, canoness, sister, adepta",0.4288080334663391
Meriant,0.0,4.8812633334746964e-05,37,16,"primarch, legion, angels, terra, caliban",0.7043327689170837
Drusus (Deathwatch),0.0,0.00012182766080349626,9,20,"deathwatch, team, watch, sergeant, xenos",0.7959170341491699
Amaranthine,0.0,8.927662229022653e-05,10,12,"cadian, regiment, general, legion, cadia",
Kuren,0.0,8.482326261884197e-05,5,5,"tanith, regiment, trooper, colonel, commissar",0.6762247085571289
Demeter (Captain),0.0,0.000478158296093106,41,24,"legion, regiment, general, colonel, worlds",0.7963875532150269
Rika,0.0,0.00012288105802304845,5,4,"vervunhive, tanith, regiment, commissar, colonel",0.3976467549800873
Stix (Caryatid),0.0,0.00010911045001897253,35,0,"legion, council, massacre, 220px, isstvan",0.641627848148346
Lonn,0.0,8.491117128625524e-05,6,12,"cadian, regiment, general, legion, cadia",0.7534887790679932
Iocanthos Gullyan Kraevik Chloure,0.00045793542519326967,0.0002873475165380416,20,29,"drinkers, soul, fort, star, archmagos",0.7350800037384033
Kestros,0.0003455128509828005,0.00010386306152600881,45,16,"primarch, legion, angels, terra, caliban",0.634010374546051
Haedo Emankon,0.0,0.00010374658053225061,45,19,"custodes, terra, companions, shield, vengeful",0.5733835697174072
Orson,0.0,6.873224535250592e-05,10,12,"cadian, regiment, general, legion, cadia",0.6012071371078491
Adelmo,0.0,4.8812633334746964e-05,9,13,"ultramarines, calth, bearers, macragge, sergeant",0.6249017119407654
Gahaki Khan,0.0,6.811730941704556e-05,23,16,"primarch, legion, angels, terra, caliban",0.6607542037963867
Ebba (Repentia Superior),0.0,4.8812633334746964e-05,38,1,"sisters, sororitas, canoness, sister, adepta",0.6642881035804749
Oleande,0.0,8.883538025816298e-05,33,1,"sisters, sororitas, canoness, sister, adepta",0.6506122350692749
Sammael,0.0074896212783114695,0.0004318893810028251,10,17,"ravens, eldar, seed, tau, legion",0.48323309421539307
Encorderius Brayne,0.0,0.00010911045001897253,45,14,"necromunda, dynasty, house, necron, bounty",0.3685802221298218
Iyanna Arienal,0.001708731241473397,0.0004187839910529592,49,21,"eldar, craftworld, iyanden, ynnari, commorragh",0.5389367341995239
Kled,0.0,0.00013805444898212842,17,7,"ordo, retinue, xenos, malleus, inquisition",0.659785270690918
Alef,0.0,8.491117128625524e-05,5,7,"ordo, retinue, xenos, malleus, inquisition",0.7126322388648987
Hastius Vychellan,0.0007144413196545851,8.260809050617468e-05,38,19,"custodes, terra, companions, shield, vengeful",0.4739507734775543
Tatraziel,0.0,0.00011559794238969289,37,15,"angels, legion, caliban, chaplain, sergeant",0.583166778087616
Jaghathra Vrax,0.0,4.8812633334746964e-05,49,18,"warband, legion, scythes, tearers, sorcerer",0.3116973042488098
Gzrel,8.309922071926762e-05,0.00016760641266841246,22,18,"warband, legion, scythes, tearers, sorcerer",0.5837336182594299
Odakai,0.0,8.491117128625524e-05,10,28,"scars, white, legion, brotherhood, garmon",0.8132535815238953
Daimon,0.0,4.8812633334746964e-05,1,16,"primarch, legion, angels, terra, caliban",0.37811678647994995
Lonomia Ruen,0.0,4.8812633334746964e-05,1,16,"primarch, legion, angels, terra, caliban",0.44448474049568176
Zarakynel,0.0,0.00017072194074232132,45,21,"eldar, craftworld, iyanden, ynnari, commorragh",0.4895550012588501
Refulgus Grue,0.0,0.00037839012807475153,1,14,"necromunda, dynasty, house, necron, bounty",0.7270156741142273
Aramus,0.0028003788706854496,0.0007333154982771342,26,17,"ravens, eldar, seed, tau, legion",0.5206434726715088
Antaro Chronus,0.0,4.8812633334746964e-05,38,13,"ultramarines, calth, bearers, macragge, sergeant",0.4980596899986267
Hashin Yonnad,0.0,4.8812633334746964e-05,45,10,"fists, legion, terra, fist, phalanx",0.7464038133621216
Pellas Mir'san,2.5920873124147343e-05,0.000148233892816907,22,2,"salamanders, legion, primarch, chaplain, massacre",0.5309613943099976
Eshra,0.0,4.8812633334746964e-05,38,24,"legion, regiment, general, colonel, worlds",0.6107955574989319
Martek Helm'ayr,0.0,0.00023680084539321074,35,14,"necromunda, dynasty, house, necron, bounty",0.673073410987854
Haxan the Defiler,0.0,0.00032985787039532675,9,22,"terra, lords, ecclesiarchy, admiral, indomitus",0.39532724022865295
Zaeroph,0.0,6.264603503497435e-05,27,15,"angels, legion, caliban, chaplain, sergeant",0.3358907401561737
Pious Vorne,0.0,0.00012629687296464276,30,0,"legion, council, massacre, 220px, isstvan",0.2752665579319
Klord Empion,0.0,4.8812633334746964e-05,38,13,"ultramarines, calth, bearers, macragge, sergeant",0.6339669823646545
Sapien,0.0,0.0001488086471386962,45,26,"tzeentch, nurgle, khorne, slaanesh, angels",0.22237125039100647
Gaius Rhacelus,0.00023482074937504957,0.00016272115584753673,21,18,"warband, legion, scythes, tearers, sorcerer",0.6287515759468079
Malix Hest,0.0,6.994925546359446e-05,45,16,"primarch, legion, angels, terra, caliban",0.6157540678977966
Anrek Barbatos,0.0,4.8812633334746964e-05,37,9,"legion, eaters, warband, khorne, dreadnought",0.4239426255226135
Umbragg,0.0,4.8812633334746964e-05,38,9,"legion, eaters, warband, khorne, dreadnought",0.4746120870113373
Mhotep,0.0001371752609153226,0.00011589715271768887,45,6,"wolves, fenris, pack, priest, prospero",0.45757001638412476
Sparker,0.0,6.49298868954357e-05,33,24,"legion, regiment, general, colonel, worlds",
Skintaker Algol,0.0,4.8812633334746964e-05,40,9,"legion, eaters, warband, khorne, dreadnought",0.4836101830005646
Malkaan Feirros,0.0,4.8812633334746964e-05,1,8,"legion, primarch, terra, m30, angels",0.6024997234344482
Kolo Vaien,0.0,0.0004565937331343607,20,3,"mechanicum, mars, mechanicus, fabricator, tech",0.8287349939346313
Orlando Furioso,0.0,0.000787829157675815,5,18,"warband, legion, scythes, tearers, sorcerer",0.5698282122612
Yolanda Catallus,3.410641200545703e-07,0.00038941666065995585,35,14,"necromunda, dynasty, house, necron, bounty",0.5584899187088013
Gerome Thrax,0.004034307708861206,0.00043904710027955796,9,7,"ordo, retinue, xenos, malleus, inquisition",0.4751482307910919
Ledo Atheus,0.0,0.0001802047756086577,38,13,"ultramarines, calth, bearers, macragge, sergeant",0.6705564856529236
Manskinner,0.0,0.0015877251970496302,17,9,"legion, eaters, warband, khorne, dreadnought",0.5469027161598206
Flavius Alkenex,5.339420294743554e-05,0.00028830038878102816,1,8,"legion, primarch, terra, m30, angels",0.6262498497962952
Joadar,0.0,8.131417686534512e-05,7,15,"angels, legion, caliban, chaplain, sergeant",0.3605737090110779
Urkrathos,0.0,0.0002686297260696922,38,18,"warband, legion, scythes, tearers, sorcerer",0.4768686294555664
Siphistus,0.0,8.491117128625524e-05,27,18,"warband, legion, scythes, tearers, sorcerer",0.711794376373291
Tarchese Malabreux,0.0,4.8812633334746964e-05,45,16,"primarch, legion, angels, terra, caliban",0.5360961556434631
Tzax’lan-tar,0.0,0.00024742675894301686,7,26,"tzeentch, nurgle, khorne, slaanesh, angels",0.5845540761947632
Thadus Valconet Horst,0.0,5.738376978935911e-05,40,7,"ordo, retinue, xenos, malleus, inquisition",0.35325202345848083
Naranbaatar,0.00010730015995317459,0.00035549266852220434,23,28,"scars, white, legion, brotherhood, garmon",0.5152493119239807
Tokar,0.0,9.639961016190253e-05,5,5,"tanith, regiment, trooper, colonel, commissar",0.6444839835166931
Maggard,0.00011869511850303577,0.0003837235468818179,45,9,"legion, eaters, warband, khorne, dreadnought",0.4758870601654053
Grogan,0.0,4.8812633334746964e-05,5,5,"tanith, regiment, trooper, colonel, commissar",0.5185165405273438
Esca,0.0,4.8812633334746964e-05,42,16,"primarch, legion, angels, terra, caliban",0.5594083070755005
Toc Derenoth,0.0,4.8812633334746964e-05,38,18,"warband, legion, scythes, tearers, sorcerer",0.47326141595840454
Daggan,0.0,4.8812633334746964e-05,21,20,"deathwatch, team, watch, sergeant, xenos",0.47313621640205383
Asavan Tortellius,0.0,8.491117128625524e-05,6,18,"warband, legion, scythes, tearers, sorcerer",0.7070270776748657
Merrat Gavallan,0.0,0.00010637951083478248,7,27,"knights, grey, brotherhood, armageddon, primarch",0.659869909286499
Brey Auerben,0.0,0.00024405472258377358,5,9,"legion, eaters, warband, khorne, dreadnought",0.6217707991600037
Rissin,0.0,6.811730941704556e-05,9,13,"ultramarines, calth, bearers, macragge, sergeant",0.739405632019043
Varek,0.0,0.0002515512103996205,40,6,"wolves, fenris, pack, priest, prospero",0.7971490621566772
Cerebus (Black Templars),0.0,9.729132164371077e-05,6,25,"templars, marshal, armageddon, orks, dreadnought",0.8016363978385925
Ekritus,0.00022783083219645296,0.00023123575340969156,38,24,"legion, regiment, general, colonel, worlds",0.7762262225151062
Korbol,0.0,4.8812633334746964e-05,30,12,"cadian, regiment, general, legion, cadia",0.7263321280479431
Solana Lorr,0.0,4.8812633334746964e-05,23,1,"sisters, sororitas, canoness, sister, adepta",0.5125895142555237
Argenta (Imperial Saint),0.0,0.00017917391200808998,2,1,"sisters, sororitas, canoness, sister, adepta",0.5459685921669006
Malsandar,0.0,4.8812633334746964e-05,45,25,"templars, marshal, armageddon, orks, dreadnought",0.5120090246200562
Solomon Akurra,0.0,0.0007205418684418251,18,18,"warband, legion, scythes, tearers, sorcerer",0.6294541358947754
Iktinos,0.0,5.746155030672032e-05,20,29,"drinkers, soul, fort, star, archmagos",0.7175732254981995
Montaig,0.0,0.00020633788004990636,7,15,"angels, legion, caliban, chaplain, sergeant",0.6854305863380432
Kuldoth Moar,0.0017695947461637011,8.083078096530203e-05,21,15,"angels, legion, caliban, chaplain, sergeant",0.5085170865058899
Sevastus Acheran,0.0009082922326502129,0.00024256742659798164,9,13,"ultramarines, calth, bearers, macragge, sergeant",0.7118030190467834
Noctus Kord,0.0,6.956273588508804e-05,36,19,"custodes, terra, companions, shield, vengeful",0.4870002567768097
Galedan,0.0,0.00016122810780741552,37,15,"angels, legion, caliban, chaplain, sergeant",0.42807239294052124
Telemachon Lyras,0.00011305734497026942,0.00023007169845585033,45,8,"legion, primarch, terra, m30, angels",0.6140607595443726
Ursarkar Creed (Retired General),7.958162801273307e-06,9.101916566824935e-05,13,24,"legion, regiment, general, colonel, worlds",0.6919052600860596
M'Kachan,0.0003501496684307053,0.00011338327652945254,7,26,"tzeentch, nurgle, khorne, slaanesh, angels",0.6176126003265381
Mkvenner,0.0028486857672809034,0.00033791085453576455,5,5,"tanith, regiment, trooper, colonel, commissar",0.6385401487350464
Orgustine Zola,0.0,0.00030617071885885496,15,7,"ordo, retinue, xenos, malleus, inquisition",0.5270877480506897
Kulok,0.0,6.506724632560625e-05,9,12,"cadian, regiment, general, legion, cadia",0.5732343196868896
Athene DuCade,0.0,9.102186079206842e-05,21,15,"angels, legion, caliban, chaplain, sergeant",0.5808078646659851
Erekart Mesring,0.0,4.8812633334746964e-05,36,22,"terra, lords, ecclesiarchy, admiral, indomitus",0.5692468881607056
Kydomor Forrix,0.00023693091403366313,8.473156864520728e-05,9,8,"legion, primarch, terra, m30, angels",0.6263048052787781
Khethos Vorsch,0.0,0.00020788325793096192,22,23,"thousand, wolves, legion, prospero, sorcerer",0.3437219262123108
Zhebdek Abaddas,1.4976553687331314e-05,0.00010773997288861518,37,15,"angels, legion, caliban, chaplain, sergeant",0.6627945899963379
Kunnar,0.0,4.8812633334746964e-05,42,16,"primarch, legion, angels, terra, caliban",0.5563592314720154
Orsani Rudvald,0.00011607007514238077,0.00018422234683834025,13,12,"cadian, regiment, general, legion, cadia",0.5214738845825195
Alphaeus (Terminator Sergeant),0.0,0.00014300822469325545,14,15,"angels, legion, caliban, chaplain, sergeant",0.40842604637145996
Kham Bell,0.0,4.8812633334746964e-05,30,24,"legion, regiment, general, colonel, worlds",0.5050968527793884
Ulf Schwarzbraur,0.0,0.00011599494275838402,40,6,"wolves, fenris, pack, priest, prospero",0.6170847415924072
Diamantis,0.0005276705739810627,0.00019371708226469935,45,16,"primarch, legion, angels, terra, caliban",0.4477231502532959
Luko,0.0,0.00013312038017926635,20,29,"drinkers, soul, fort, star, archmagos",0.6378120183944702
Soukhounou,0.0007974079126875853,0.00012077189854341696,8,12,"cadian, regiment, general, legion, cadia",0.6127386093139648
Hodir,0.0,0.0001911619464352661,23,21,"eldar, craftworld, iyanden, ynnari, commorragh",0.6131537556648254
Ecturo,0.0,9.924452247847884e-05,45,10,"fists, legion, terra, fist, phalanx",0.6517269611358643
Miyamoto de Bergerac,0.0,0.00012562168015242312,16,11,"farsight, house, trader, rogue, knights",0.30355969071388245
Crius,0.0,4.8812633334746964e-05,45,0,"legion, council, massacre, 220px, isstvan",0.47099581360816956
Elai Jannus,0.0,5.7112674354883395e-05,21,16,"primarch, legion, angels, terra, caliban",0.5777210593223572
Iskavan,0.0,9.12668435110501e-05,21,9,"legion, eaters, warband, khorne, dreadnought",0.6158508062362671
Azkaellon,0.003709862090135694,0.001291197360912904,21,15,"angels, legion, caliban, chaplain, sergeant",0.5167906284332275
Abhani Lus Mohana,0.0,0.00018173529532127978,11,1,"sisters, sororitas, canoness, sister, adepta",0.7435054779052734
Otto von Horne,0.0,4.8812633334746964e-05,33,12,"cadian, regiment, general, legion, cadia",0.6302112340927124
Delane Oktar,0.0,0.00045421279112530357,5,5,"tanith, regiment, trooper, colonel, commissar",0.533404529094696
Midas (Ultramarines),0.0,4.8812633334746964e-05,9,13,"ultramarines, calth, bearers, macragge, sergeant",0.45832735300064087
Cadus,0.0,4.8812633334746964e-05,1,10,"fists, legion, terra, fist, phalanx",0.40802502632141113
Felbaine,0.0,8.618730251208645e-05,31,20,"deathwatch, team, watch, sergeant, xenos",0.6899530291557312
Morvax Haukspeer,0.0,6.968301520110553e-05,22,2,"salamanders, legion, primarch, chaplain, massacre",0.6313067078590393
Titus Cassar,0.0,0.0001072818034807052,45,18,"warband, legion, scythes, tearers, sorcerer",0.5644465088844299
Arguotha,0.0,0.00010911045001897253,20,26,"tzeentch, nurgle, khorne, slaanesh, angels",0.683487594127655
Kane (Assault Marine),0.0006834924965893589,0.0002158443378576544,43,13,"ultramarines, calth, bearers, macragge, sergeant",0.7014561295509338
Morbidius (Plaguelord),0.0,0.00010796335430768521,46,18,"warband, legion, scythes, tearers, sorcerer",0.5556812286376953
Vostigar Catacult Eres,0.0,0.00011900255159791247,42,9,"legion, eaters, warband, khorne, dreadnought",0.674964427947998
Vlokarion,0.00022646657571623468,9.605576185490467e-05,49,21,"eldar, craftworld, iyanden, ynnari, commorragh",0.5203218460083008
Ragged Knight,0.0,0.00012323667895014994,45,26,"tzeentch, nurgle, khorne, slaanesh, angels",0.4586397111415863
Baalbehk,0.0,0.00030329034224089714,32,14,"necromunda, dynasty, house, necron, bounty",0.5261719822883606
Fraziel Urth,0.0,0.00025199210896786553,4,18,"warband, legion, scythes, tearers, sorcerer",0.9894164204597473
Nassir Amit,0.0036353259014549983,0.0005198819393784188,21,8,"legion, primarch, terra, m30, angels",0.530617892742157
Lucienne Agamemnus IX,0.0,0.000141596554719493,40,11,"farsight, house, trader, rogue, knights",0.6024162769317627
Selenus,0.0002382503410641201,0.00011503040384399281,9,13,"ultramarines, calth, bearers, macragge, sergeant",0.6164408326148987
Zymeltros Frell,0.0,5.474123406341584e-05,40,6,"wolves, fenris, pack, priest, prospero",0.6735588312149048
Shadryss,0.0,0.00012868965498662977,17,10,"fists, legion, terra, fist, phalanx",0.5815608501434326
Guriel,0.0,9.782357894641236e-05,21,20,"deathwatch, team, watch, sergeant, xenos",0.48667529225349426
Belath,0.0,4.8812633334746964e-05,37,15,"angels, legion, caliban, chaplain, sergeant",0.5808379054069519
Trymon Stagler,0.0004556616643929059,0.000142000363140644,9,12,"cadian, regiment, general, legion, cadia",0.7413843274116516
Makir Dreadstone,0.0,6.956273588508804e-05,10,15,"angels, legion, caliban, chaplain, sergeant",0.6162683963775635
Torris Vaun,0.0,0.0005184486207396434,33,7,"ordo, retinue, xenos, malleus, inquisition",0.5547128319740295
Wheln,0.0,0.00018063246222942532,5,5,"tanith, regiment, trooper, colonel, commissar",0.651584267616272
Lwlyn,0.0,4.8812633334746964e-05,5,5,"tanith, regiment, trooper, colonel, commissar",0.5673527717590332
Cyras Vitalion,0.0,7.647943673520173e-05,21,15,"angels, legion, caliban, chaplain, sergeant",0.3097097873687744
Asger (Dreadnought),0.0,4.8812633334746964e-05,40,6,"wolves, fenris, pack, priest, prospero",0.49112755060195923
Peto Soneka,0.0,0.00046136453557794465,47,9,"legion, eaters, warband, khorne, dreadnought",0.6456531286239624
Solun Decius,3.9696436808610916e-05,0.0003415182020436677,45,8,"legion, primarch, terra, m30, angels",0.6245487928390503
Tanus Kreed,0.0,0.00013657932647890308,21,15,"angels, legion, caliban, chaplain, sergeant",0.5120410323143005
Agriote Helmawr,0.0,0.00013257839999885446,35,14,"necromunda, dynasty, house, necron, bounty",0.567624568939209
Athenys (Farseer),0.0,0.00021343293715854638,30,21,"eldar, craftworld, iyanden, ynnari, commorragh",
Sahtah the Enfleshed,0.0,4.8812633334746964e-05,9,20,"deathwatch, team, watch, sergeant, xenos",0.4766300618648529
Jeshua Thoru,0.00022783083219645296,0.00011135415923298283,5,4,"vervunhive, tanith, regiment, commissar, colonel",0.6782687902450562
Galatea Haas,0.00022783083219645296,0.00013033352428989283,36,22,"terra, lords, ecclesiarchy, admiral, indomitus",0.618765652179718
Pauk,0.0,4.8812633334746964e-05,5,24,"legion, regiment, general, colonel, worlds",0.48752713203430176
Telemarus Helmawr,0.0,0.0003050552740007827,35,14,"necromunda, dynasty, house, necron, bounty",0.9643261432647705
Khertykh,0.0,0.00020932980879058606,32,14,"necromunda, dynasty, house, necron, bounty",0.9625031352043152
Armand Wessaen,0.0,0.0003848456295315744,25,0,"legion, council, massacre, 220px, isstvan",0.7053303718566895
Pelleas,0.0,9.588626189811704e-05,17,10,"fists, legion, terra, fist, phalanx",0.7228493690490723
Khrel Kas Obarkon,0.0,4.8812633334746964e-05,5,24,"legion, regiment, general, colonel, worlds",0.5107485055923462
Orthos Ulatal,0.0,4.8812633334746964e-05,37,12,"cadian, regiment, general, legion, cadia",0.4664267897605896
Scarrix,0.0,0.0001303234505840932,8,18,"warband, legion, scythes, tearers, sorcerer",0.6385161876678467
Hadrius,0.0,4.8812633334746964e-05,38,24,"legion, regiment, general, colonel, worlds",0.7152414321899414
Heracleon,0.0,8.857544156933497e-05,17,19,"custodes, terra, companions, shield, vengeful",0.5335724949836731
Mkallun,0.0,9.639961016190253e-05,5,5,"tanith, regiment, trooper, colonel, commissar",0.5236687660217285
Dantalion (Blood Angels),0.00022646657571623468,0.000125112473166817,36,15,"angels, legion, caliban, chaplain, sergeant",0.5427426099777222
Vardan Kai,0.0,0.00015751925219014069,45,27,"knights, grey, brotherhood, armageddon, primarch",
Loc'tar,0.0,4.8812633334746964e-05,22,2,"salamanders, legion, primarch, chaplain, massacre",0.47968804836273193
Semyon,0.0005289862476216927,0.00018797388702745626,46,3,"mechanicum, mars, mechanicus, fabricator, tech",0.30603334307670593
Cyria Tyro,0.0,6.811730941704556e-05,6,12,"cadian, regiment, general, legion, cadia",0.6863489151000977
Sepa and Sata,0.0,0.00011304582704512685,10,14,"necromunda, dynasty, house, necron, bounty",0.49637365341186523
Luka,0.0,4.8812633334746964e-05,13,12,"cadian, regiment, general, legion, cadia",0.6036595702171326
Hakhroth,0.0,4.8812633334746964e-05,7,9,"legion, eaters, warband, khorne, dreadnought",0.7313427329063416
Vul Direz,0.0,0.0001400725662939792,42,13,"ultramarines, calth, bearers, macragge, sergeant",0.7593929171562195
Richter (Macharian Crusade),1.346470435953307e-05,0.00039862405044245255,40,9,"legion, eaters, warband, khorne, dreadnought",0.534909188747406
Vashtorr,0.0008228699098028941,0.0020155871054854686,7,26,"tzeentch, nurgle, khorne, slaanesh, angels",0.48217201232910156
Brimelow,0.0,0.0001070642192809754,3,24,"legion, regiment, general, colonel, worlds",
Cherubael,0.0009430902348347926,0.0014597967413973966,25,7,"ordo, retinue, xenos, malleus, inquisition",0.5365883708000183
Hesiod (Genesis Chapter),0.0,8.3440340043873e-05,38,18,"warband, legion, scythes, tearers, sorcerer",0.46441829204559326
Ivixia Dannica,0.0,0.00021677554861083116,12,7,"ordo, retinue, xenos, malleus, inquisition",0.5520951151847839
Tarkh'ax,0.0,0.0002822783976227124,27,18,"warband, legion, scythes, tearers, sorcerer",0.2708357572555542
Khorak,0.0,4.8812633334746964e-05,23,9,"legion, eaters, warband, khorne, dreadnought",0.6953762769699097
Iconoclast (Khorne Celestian),0.0,9.41351440517344e-05,33,18,"warband, legion, scythes, tearers, sorcerer",0.561600923538208
Beren,0.0,9.396976101860979e-05,9,18,"warband, legion, scythes, tearers, sorcerer",0.42315787076950073
Quirion Octavius,0.0,0.0005702014205684692,41,7,"ordo, retinue, xenos, malleus, inquisition",0.6447056531906128
Kyril Sindermann,0.0043609640085878545,0.001597876084322298,36,8,"legion, primarch, terra, m30, angels",0.502466082572937
Bodrek Blackhammer,0.0,4.8812633334746964e-05,40,6,"wolves, fenris, pack, priest, prospero",0.5644512176513672
Eris Bellona,0.0,0.0001617539689284493,33,22,"terra, lords, ecclesiarchy, admiral, indomitus",0.6289287209510803
Pereduz,0.0,8.491117128625524e-05,27,18,"warband, legion, scythes, tearers, sorcerer",0.6685543060302734
Servalen,5.4570259208731245e-06,0.0008081856193736072,35,26,"tzeentch, nurgle, khorne, slaanesh, angels",0.5788260102272034
Gideon Amesaris,0.0,7.122810319502e-05,6,25,"templars, marshal, armageddon, orks, dreadnought",0.7013256549835205
Besh Varia,0.0,4.8812633334746964e-05,45,19,"custodes, terra, companions, shield, vengeful",0.48270949721336365
Trigaine,0.0,7.672196926637892e-05,37,15,"angels, legion, caliban, chaplain, sergeant",0.7160179615020752
Geigor Fell-Hand,0.0,7.909254973230028e-05,40,6,"wolves, fenris, pack, priest, prospero",0.6608393788337708
Mito,0.0,0.0001264113763869374,27,22,"terra, lords, ecclesiarchy, admiral, indomitus",
Naberius,6.271674303264216e-05,0.0004503804496912909,7,15,"angels, legion, caliban, chaplain, sergeant",0.4467790722846985
Korlandril,0.0,0.00016215775591853188,49,21,"eldar, craftworld, iyanden, ynnari, commorragh",0.5878311395645142
Gangrus (Chaos Lord),0.0,8.491117128625524e-05,23,16,"primarch, legion, angels, terra, caliban",0.57928466796875
Victarian,0.0,4.8812633334746964e-05,0,10,"fists, legion, terra, fist, phalanx",0.6370089054107666
Mycelite,0.0,0.00014540550246972564,40,6,"wolves, fenris, pack, priest, prospero",0.3681333363056183
Sevastus Kranon,0.0005202949652876489,0.0002874299815131844,7,18,"warband, legion, scythes, tearers, sorcerer",0.5057346224784851
Sargon Eregesh,0.0,4.8812633334746964e-05,45,25,"templars, marshal, armageddon, orks, dreadnought",0.42833465337753296
Manex,0.0,0.00011591091401645238,28,20,"deathwatch, team, watch, sergeant, xenos",0.390333354473114
Flowerdew,0.0,4.8812633334746964e-05,13,12,"cadian, regiment, general, legion, cadia",0.6760665774345398
Sven Bloodhowl,4.092769440654843e-06,0.0009004768623665147,40,6,"wolves, fenris, pack, priest, prospero",0.5011233687400818
Fai'sho,0.0,4.8812633334746964e-05,22,2,"salamanders, legion, primarch, chaplain, massacre",0.5874034762382507
Armond Montfort,0.0,4.8812633334746964e-05,38,25,"templars, marshal, armageddon, orks, dreadnought",0.3911236524581909
Herolus,0.0,0.00010911045001897253,49,11,"farsight, house, trader, rogue, knights",0.685364842414856
Saqqara Ur-Damak Thresh,0.0,0.0001796739432934459,1,9,"legion, eaters, warband, khorne, dreadnought",0.49941471219062805
Andus Hakur,0.0,5.092934143936653e-05,45,24,"legion, regiment, general, colonel, worlds",0.6394465565681458
Hibou Khan,1.9642341516074805e-05,0.00039263452345694174,23,28,"scars, white, legion, brotherhood, garmon",0.5659164786338806
Anupharis,0.0,9.270886210092634e-05,26,18,"warband, legion, scythes, tearers, sorcerer",0.4476594924926758
Vallera Dresis,0.0,8.122906715184798e-05,12,18,"warband, legion, scythes, tearers, sorcerer",0.7108519077301025
Garantine,0.0,4.8812633334746964e-05,45,20,"deathwatch, team, watch, sergeant, xenos",0.4678443670272827
Bulwar,0.0006834924965893589,0.00010802546073583913,5,4,"vervunhive, tanith, regiment, commissar, colonel",0.7050295472145081
Lortex,0.0,0.000141596554719493,1,0,"legion, council, massacre, 220px, isstvan",0.5451061725616455
Doriam Narathem,0.0,6.29985765579892e-05,7,27,"knights, grey, brotherhood, armageddon, primarch",0.7153446078300476
Orven Highfell,0.002134336829130107,0.0004940049341425187,40,6,"wolves, fenris, pack, priest, prospero",0.6478047370910645
Karaashi Bombastus,0.0005240558131209312,0.00011808247170593103,9,9,"legion, eaters, warband, khorne, dreadnought",0.5375241041183472
Ardim Protos,0.0,8.003458374105175e-05,11,18,"warband, legion, scythes, tearers, sorcerer",0.49258142709732056
Arcuda,0.0,4.8812633334746964e-05,5,5,"tanith, regiment, trooper, colonel, commissar",0.5785002708435059
Iulus Fennion,0.0,0.00010088638050432527,9,13,"ultramarines, calth, bearers, macragge, sergeant",0.5831254124641418
Kessel,0.0,0.0002554410688257992,12,7,"ordo, retinue, xenos, malleus, inquisition",0.5185658931732178
Idilane Fasple,0.0,0.00010541330980736492,25,21,"eldar, craftworld, iyanden, ynnari, commorragh",0.6329376697540283
Tattleslug,0.0,4.8812633334746964e-05,38,26,"tzeentch, nurgle, khorne, slaanesh, angels",0.5056823492050171
Khalys Dzhar,0.0,9.061355689066246e-05,37,21,"eldar, craftworld, iyanden, ynnari, commorragh",0.7323430776596069
Sachiel,0.0004556616643929059,9.413826899095085e-05,21,15,"angels, legion, caliban, chaplain, sergeant",0.4920109510421753
Zaranchek Xanthus,0.0016379322047687874,0.000501986321569772,45,8,"legion, primarch, terra, m30, angels",0.5585139989852905
Kalluin,0.0,8.210682658064714e-05,17,19,"custodes, terra, companions, shield, vengeful",0.5493899583816528
Breunan,0.0,9.437988499076723e-05,37,16,"primarch, legion, angels, terra, caliban",0.7120131850242615
Tagas,3.199801562693787e-06,0.00016276574459362132,21,15,"angels, legion, caliban, chaplain, sergeant",0.31646397709846497
Mendikoff,0.0,4.8812633334746964e-05,45,7,"ordo, retinue, xenos, malleus, inquisition",0.4430636465549469
Kol Rakhul,0.0,0.00011821921063399462,38,1,"sisters, sororitas, canoness, sister, adepta",0.5315964221954346
Khârn,0.005215229291514087,0.0010172155807895323,42,8,"legion, primarch, terra, m30, angels",0.5924387574195862
Zadkiel (Word Bearers),0.0,0.00020169655821278702,45,20,"deathwatch, team, watch, sergeant, xenos",0.7322587966918945
Zadkiel (Daemon Prince),3.6908010134476714e-06,0.00011291248463324324,40,26,"tzeentch, nurgle, khorne, slaanesh, angels",0.3520047068595886
Asun'ghar,5.4570259208731245e-06,0.0004053010803441835,35,21,"eldar, craftworld, iyanden, ynnari, commorragh",0.4656810462474823
Malig Laestygon,0.0,4.8812633334746964e-05,22,16,"primarch, legion, angels, terra, caliban",0.527171790599823
Andechs,0.00022783083219645296,9.538217034021856e-05,6,12,"cadian, regiment, general, legion, cadia",0.5983527898788452
Azkarion,0.0,4.8812633334746964e-05,22,20,"deathwatch, team, watch, sergeant, xenos",0.3241293430328369
Kord (disambiguation),0.0,4.8812633334746964e-05,36,24,"legion, regiment, general, colonel, worlds",0.4354914724826813
Castagar Murella,0.0,0.00014460236645031792,33,22,"terra, lords, ecclesiarchy, admiral, indomitus",0.7154964804649353
Odovocar,0.0,4.8812633334746964e-05,1,0,"legion, council, massacre, 220px, isstvan",0.4936009645462036
Sl'eth'kryphyr,0.0,4.8812633334746964e-05,38,26,"tzeentch, nurgle, khorne, slaanesh, angels",0.39267146587371826
Janus Draik,0.0025211459754433834,0.0007798688070289983,30,22,"terra, lords, ecclesiarchy, admiral, indomitus",0.44333919882774353
Aveline Aboyé,0.002133450334894116,0.0002583184726435706,33,1,"sisters, sororitas, canoness, sister, adepta",0.5184476375579834
Xaphan (Flesh Tearers),2.5930667028893495e-05,0.00020243791132892137,7,20,"deathwatch, team, watch, sergeant, xenos",0.6227222681045532
Moriana,0.002081066306085148,0.0006177417594228646,45,8,"legion, primarch, terra, m30, angels",0.5281318426132202
Jenniker Soalm,0.0,4.8812633334746964e-05,45,1,"sisters, sororitas, canoness, sister, adepta",0.43744412064552307
Vintillius,0.0,4.8812633334746964e-05,38,3,"mechanicum, mars, mechanicus, fabricator, tech",0.47553250193595886
Varius (Inquisitor),0.002125511596180082,0.00028441962941671265,7,7,"ordo, retinue, xenos, malleus, inquisition",0.5634751319885254
'Hero' Green,0.0,7.22466269801249e-05,6,0,"legion, council, massacre, 220px, isstvan",0.5696229934692383
Belarius,0.0,6.264603503497435e-05,21,15,"angels, legion, caliban, chaplain, sergeant",0.596123456954956
Morcant,0.0,4.8812633334746964e-05,6,20,"deathwatch, team, watch, sergeant, xenos",0.423912912607193
Aeska Brokenlip,0.0,0.0002485867891059163,40,6,"wolves, fenris, pack, priest, prospero",0.8175287246704102
Val Tarchos,0.0,5.8317093142680076e-05,21,10,"fists, legion, terra, fist, phalanx",0.6097503900527954
Bujir Khan,0.0,4.8812633334746964e-05,37,28,"scars, white, legion, brotherhood, garmon",0.5168658494949341
Dane (Grand Master),0.0,4.8812633334746964e-05,7,15,"angels, legion, caliban, chaplain, sergeant",0.43657922744750977
Chengrel,0.0,0.00037956449353390606,23,18,"warband, legion, scythes, tearers, sorcerer",0.6766489744186401
Scion of Plagues,1.631058373778419e-05,0.00017202346403276403,38,18,"warband, legion, scythes, tearers, sorcerer",0.5787617564201355
Jarndyce Frain,0.0,4.8812633334746964e-05,7,7,"ordo, retinue, xenos, malleus, inquisition",0.46233072876930237
Svingar Eyestrike,0.0,6.811730941704556e-05,40,6,"wolves, fenris, pack, priest, prospero",0.7319994568824768
Monteryn,0.0,4.8812633334746964e-05,10,11,"farsight, house, trader, rogue, knights",0.5464900732040405
Zahariel El'Zurias,0.0003279188543248584,0.0002210297845474829,37,8,"legion, primarch, terra, m30, angels",0.5805966258049011
Nadael,0.0,6.264603503497435e-05,7,15,"angels, legion, caliban, chaplain, sergeant",0.48542892932891846
Elim Rawne,0.0036610854184286187,0.0015658597647830327,5,5,"tanith, regiment, trooper, colonel, commissar",0.5179171562194824
Erikon Gaius,0.0,4.8812633334746964e-05,45,13,"ultramarines, calth, bearers, macragge, sergeant",0.4286890923976898
Astraeos,0.00022783083219645296,0.00012070806668295321,22,7,"ordo, retinue, xenos, malleus, inquisition",0.5125419497489929
Andrej Valatok,0.0,0.00012100970923776352,6,12,"cadian, regiment, general, legion, cadia",0.5756061673164368
Valefor,1.7744931285176852e-05,8.836464073493132e-05,36,15,"angels, legion, caliban, chaplain, sergeant",0.5516202449798584
Asubha,0.0,7.973982580210927e-05,45,9,"legion, eaters, warband, khorne, dreadnought",0.6671364307403564
Arilla,0.0,8.491117128625524e-05,5,4,"vervunhive, tanith, regiment, commissar, colonel",0.8484307527542114
Alloken,0.0,0.00021566667007144803,37,15,"angels, legion, caliban, chaplain, sergeant",0.6887373924255371
Silberman,0.0,0.00021965547019990136,43,12,"cadian, regiment, general, legion, cadia",0.7369576692581177
Jorek the Giant,0.0,0.0001667527861019455,40,6,"wolves, fenris, pack, priest, prospero",0.5713638067245483
Mordred (Reclusiarch),0.0,0.00011575551107353137,6,25,"templars, marshal, armageddon, orks, dreadnought",0.511695384979248
Credo 425,0.0,6.496766963401277e-05,12,7,"ordo, retinue, xenos, malleus, inquisition",0.5578587651252747
Ix'thar'ganix,0.0,8.956207475363574e-05,7,26,"tzeentch, nurgle, khorne, slaanesh, angels",0.43482041358947754
Gauthard,0.0,0.0001688968486907051,17,13,"ultramarines, calth, bearers, macragge, sergeant",0.5646251440048218
Appollus,0.00034382820749447133,0.00036045486661184003,21,18,"warband, legion, scythes, tearers, sorcerer",0.4893602430820465
Ranek Icewalker,0.00010757998687577417,7.814001739615917e-05,40,6,"wolves, fenris, pack, priest, prospero",0.672664999961853
Sabik Wayland,1.4621632526062771e-05,0.0001561487203910246,1,2,"salamanders, legion, primarch, chaplain, massacre",0.42059165239334106
Varan,0.000157182903499411,0.00015328540166317025,16,18,"warband, legion, scythes, tearers, sorcerer",0.4274066686630249
Kuziel,0.0,4.8812633334746964e-05,37,16,"primarch, legion, angels, terra, caliban",0.6882774233818054
Tarik Torgaddon,0.0007755046701058153,0.001012358758632667,45,8,"legion, primarch, terra, m30, angels",0.662738025188446
Zarina Helmawr,4.623313627406397e-06,0.00014651480109961773,35,14,"necromunda, dynasty, house, necron, bounty",0.7074718475341797
Shabran Darr,0.0,9.294013155649052e-05,42,9,"legion, eaters, warband, khorne, dreadnought",0.542033851146698
Lycus,0.0,7.647315486453553e-05,9,22,"terra, lords, ecclesiarchy, admiral, indomitus",0.5318162441253662
Eskeen Hansaard,0.0,0.00014620217846121088,25,7,"ordo, retinue, xenos, malleus, inquisition",0.5402519702911377
Konvak Lann,0.0,0.0004225291450190375,10,9,"legion, eaters, warband, khorne, dreadnought",0.7980099320411682
Kadeus,0.0,0.00015240454510121056,21,15,"angels, legion, caliban, chaplain, sergeant",0.5698056221008301
H'raxor,0.0,0.00022574149012556593,28,18,"warband, legion, scythes, tearers, sorcerer",0.6737914085388184
Schuto,0.0,0.0001628598397390627,12,12,"cadian, regiment, general, legion, cadia",0.8351292610168457
Ulaf Speargyde,0.0,6.811730941704556e-05,40,6,"wolves, fenris, pack, priest, prospero",0.734614372253418
Griffayn,0.0005996820882218861,0.00024722043695584876,37,15,"angels, legion, caliban, chaplain, sergeant",0.4560008943080902
Jernay,0.0,0.00010911045001897253,7,3,"mechanicum, mars, mechanicus, fabricator, tech",0.601374626159668
Faragut,0.0,4.8812633334746964e-05,5,25,"templars, marshal, armageddon, orks, dreadnought",0.3841513395309448
Gerontius Helmawr,0.008708958617553435,0.002356182471504104,35,14,"necromunda, dynasty, house, necron, bounty",0.691349983215332
Emperor of Mankind,0.06407226607290727,0.012226791503305806,45,8,"legion, primarch, terra, m30, angels",0.5499148368835449
LeGuin,0.0,4.8812633334746964e-05,5,24,"legion, regiment, general, colonel, worlds",0.39724892377853394
Durante Osch,0.0,9.41351440517344e-05,1,9,"legion, eaters, warband, khorne, dreadnought",0.5461457967758179
Raglon,0.0,0.00010843312827513087,5,5,"tanith, regiment, trooper, colonel, commissar",0.6603193283081055
Agamorr,0.0,4.8812633334746964e-05,33,20,"deathwatch, team, watch, sergeant, xenos",0.44224199652671814
Ario Barzano,0.0009113233287858119,0.00014161988693299002,9,7,"ordo, retinue, xenos, malleus, inquisition",0.5288327932357788
Barban Falk,0.0008747538705723127,0.0004614813206826408,9,8,"legion, primarch, terra, m30, angels",0.7153797149658203
Zephon (Heresy),0.0,8.54012521090645e-05,21,15,"angels, legion, caliban, chaplain, sergeant",0.4461084306240082
Orfeo Cassandar,0.0,4.8812633334746964e-05,42,24,"legion, regiment, general, colonel, worlds",0.5230159759521484
Dolomen,0.0,8.491117128625524e-05,21,15,"angels, legion, caliban, chaplain, sergeant",0.7716572284698486
Mesophet,0.0,0.00043107407102184714,32,14,"necromunda, dynasty, house, necron, bounty",0.7807807922363281
Varrek,0.0,4.8812633334746964e-05,9,10,"fists, legion, terra, fist, phalanx",0.6397623419761658
Isulf Bladegaze,0.0,9.03128384354291e-05,40,6,"wolves, fenris, pack, priest, prospero",0.43704545497894287
Quirin Prisca,0.0,0.00014678144021428242,12,22,"terra, lords, ecclesiarchy, admiral, indomitus",0.4275053143501282
Casella,0.0,8.131697759221283e-05,42,20,"deathwatch, team, watch, sergeant, xenos",0.78522789478302
Atreus (Chapter Ancient),0.0,0.0001061118616878345,13,13,"ultramarines, calth, bearers, macragge, sergeant",0.7835612893104553
Talos Valcoran,0.007329023579412597,0.0009105278875957421,37,8,"legion, primarch, terra, m30, angels",0.5298532247543335
Shaha Gaathon,0.00022919508867667122,0.001345466153774608,30,26,"tzeentch, nurgle, khorne, slaanesh, angels",0.8289433717727661
Vinya Terrigo,0.0,4.8812633334746964e-05,5,4,"vervunhive, tanith, regiment, commissar, colonel",0.5154787302017212
Josef Khoriv,0.0,0.00015166842280094008,12,7,"ordo, retinue, xenos, malleus, inquisition",0.5091676712036133
Nârik Dreygur,0.00011243118731447141,0.00015246952174385663,22,8,"legion, primarch, terra, m30, angels",0.5736046433448792
Izzakar Orr,4.5475216007276036e-07,0.00010113429423090633,40,23,"thousand, wolves, legion, prospero, sorcerer",0.43742966651916504
Edermo,0.0,0.00010031545097888219,42,24,"legion, regiment, general, colonel, worlds",0.48062220215797424
Gherran,0.0,7.909254973230028e-05,5,5,"tanith, regiment, trooper, colonel, commissar",0.5512685775756836
Tjejren,0.0,0.00017627005644893433,42,7,"ordo, retinue, xenos, malleus, inquisition",0.9541069269180298
Salvador Sondar,0.00015782842628933656,0.0005759206225446505,5,4,"vervunhive, tanith, regiment, commissar, colonel",0.5290969014167786
Dagon (Cryptek),5.7867212369258755e-05,0.00021457555485568627,32,14,"necromunda, dynasty, house, necron, bounty",0.8546967506408691
Yael (Tanith),0.00045520919741956717,0.0003136372152612343,5,5,"tanith, regiment, trooper, colonel, commissar",0.5881230235099792
Maehekta,0.0,7.863340462567409e-05,22,18,"warband, legion, scythes, tearers, sorcerer",0.3733570873737335
Caudeus,0.0,0.0004426243734780829,17,13,"ultramarines, calth, bearers, macragge, sergeant",0.9757567048072815
El'uriaq,1.0914051841746249e-05,0.0004101711321947133,49,21,"eldar, craftworld, iyanden, ynnari, commorragh",0.5990316271781921
Garand,0.0001886775839564643,0.00023889642827298473,21,9,"legion, eaters, warband, khorne, dreadnought",0.5509325861930847
Rewa Medusi,0.0,0.00017835206698347557,1,12,"cadian, regiment, general, legion, cadia",0.720421552658081
K'Shuk,0.0,0.00012731869675050025,20,29,"drinkers, soul, fort, star, archmagos",0.6706454157829285
Herika Ajon,0.0,4.8812633334746964e-05,6,22,"terra, lords, ecclesiarchy, admiral, indomitus",0.4184301495552063
Aurelia Malys,0.0,0.00010911045001897253,49,21,"eldar, craftworld, iyanden, ynnari, commorragh",0.6403983235359192
Amadeus DuCaine,0.0,0.0001428775226429623,1,8,"legion, primarch, terra, m30, angels",0.6030795574188232
Sagittar Slaith,3.0421644928634418e-05,0.00023435443718941015,5,12,"cadian, regiment, general, legion, cadia",0.4622553586959839
Kapek,0.0,0.0001017103467852406,30,12,"cadian, regiment, general, legion, cadia",0.6869825124740601
Silvanus,0.0,4.8812633334746964e-05,22,20,"deathwatch, team, watch, sergeant, xenos",0.4965752065181732
Kzorgoth,0.0,8.491117128625524e-05,17,26,"tzeentch, nurgle, khorne, slaanesh, angels",0.5090726017951965
Myrath,0.0,4.8812633334746964e-05,7,23,"thousand, wolves, legion, prospero, sorcerer",0.4475533664226532
Romuald,0.0,4.8812633334746964e-05,45,0,"legion, council, massacre, 220px, isstvan",0.47973158955574036
Ujoma,0.0,5.8842943418749457e-05,17,19,"custodes, terra, companions, shield, vengeful",0.5183677077293396
Rhaxor,0.0,0.00011002672484056759,47,26,"tzeentch, nurgle, khorne, slaanesh, angels",
Zistrion,0.0,0.00010131105884486044,45,24,"legion, regiment, general, colonel, worlds",0.5308970212936401
Strang,0.0,4.8812633334746964e-05,13,12,"cadian, regiment, general, legion, cadia",0.41588151454925537
Lachrymosa,0.0,0.00014911772737191556,17,16,"primarch, legion, angels, terra, caliban",0.5543872117996216
Syreniel,0.0010318716648134434,0.00015905495729488588,38,1,"sisters, sororitas, canoness, sister, adepta",0.5075197219848633
Arenos Karlaen,0.0,4.8812633334746964e-05,21,15,"angels, legion, caliban, chaplain, sergeant",0.5122044086456299
Artemis,0.0025574297039407078,0.0003318743982879453,22,20,"deathwatch, team, watch, sergeant, xenos",0.4866412580013275
Scabbs,0.0,0.0004057895482437286,35,21,"eldar, craftworld, iyanden, ynnari, commorragh",0.5461804866790771
Tytonida Nebaszinar Falx,0.0,0.00019547311448280303,40,7,"ordo, retinue, xenos, malleus, inquisition",0.6194317936897278
Volkus Goraddin,4.092769440654843e-06,0.00026707441666179676,23,16,"primarch, legion, angels, terra, caliban",0.815700888633728
Taenar Leotharan,0.0,0.00010911045001897253,32,11,"farsight, house, trader, rogue, knights",0.7379141449928284
Septimon,0.0,4.8812633334746964e-05,1,20,"deathwatch, team, watch, sergeant, xenos",0.7648719549179077
Rama Karayan,9.610565217126662e-05,0.00023445911946551212,45,25,"templars, marshal, armageddon, orks, dreadnought",0.6346291303634644
Durian Raevor,0.0,0.00013290721561293786,27,12,"cadian, regiment, general, legion, cadia",0.5793368816375732
Thucyid,0.0,0.00010467038176629685,31,20,"deathwatch, team, watch, sergeant, xenos",0.7523143887519836
Varrigan,0.0,0.00010356760655045462,38,7,"ordo, retinue, xenos, malleus, inquisition",0.7639997601509094
Idaeus (Captain),0.0011391541609822647,0.0001030256466956748,9,13,"ultramarines, calth, bearers, macragge, sergeant",0.5591561794281006
Inzar Taerus,0.0,5.837339864662392e-05,42,9,"legion, eaters, warband, khorne, dreadnought",0.5002521872520447
Dymos,0.0,4.8812633334746964e-05,45,25,"templars, marshal, armageddon, orks, dreadnought",0.5120090246200562
Voice of the Emperor,0.000884412575924275,0.0002996291566792945,13,22,"terra, lords, ecclesiarchy, admiral, indomitus",0.46834230422973633
De Marche,0.0,4.8812633334746964e-05,42,18,"warband, legion, scythes, tearers, sorcerer",0.6048592925071716
Dogbit Karg,1.3642564802182811e-06,0.00026829408314530426,35,14,"necromunda, dynasty, house, necron, bounty",0.688106894493103
Arkos,0.0,4.8812633334746964e-05,7,18,"warband, legion, scythes, tearers, sorcerer",0.4108773171901703
Makaal,0.0007974079126875853,0.0001450248632696566,10,26,"tzeentch, nurgle, khorne, slaanesh, angels",0.6764677166938782
Skulane,8.358064616467348e-05,9.577308787102711e-05,5,5,"tanith, regiment, trooper, colonel, commissar",0.5916071534156799
Urlon (Venerable Dreadnought),0.0,8.491117128625524e-05,1,0,"legion, council, massacre, 220px, isstvan",0.6076878309249878
Terent Harrtek,0.0004556616643929059,0.00014684765095494422,11,9,"legion, eaters, warband, khorne, dreadnought",0.6932598352432251
Soldevan,0.0,6.264603503497435e-05,33,7,"ordo, retinue, xenos, malleus, inquisition",0.6071900129318237
Zapherael,0.0,7.341602937689892e-05,37,15,"angels, legion, caliban, chaplain, sergeant",0.5316876173019409
Scarbek,0.0,8.491117128625524e-05,38,20,"deathwatch, team, watch, sergeant, xenos",0.7295817136764526
Corvus (Blood Angel),0.0,4.8812633334746964e-05,21,15,"angels, legion, caliban, chaplain, sergeant",0.5274474620819092
Orias (Dark Angel),0.0,5.9187684609917504e-05,37,25,"templars, marshal, armageddon, orks, dreadnought",0.46598365902900696
Amchanduste Worlin,1.515840533575868e-07,0.0002014766597233725,5,4,"vervunhive, tanith, regiment, commissar, colonel",0.36338186264038086
Toravan,0.0,5.9187684609917504e-05,6,25,"templars, marshal, armageddon, orks, dreadnought",0.5788411498069763
Logris,0.0,7.620805529491306e-05,5,5,"tanith, regiment, trooper, colonel, commissar",0.6513141393661499
Malos Vrykan,0.0,0.000141596554719493,45,22,"terra, lords, ecclesiarchy, admiral, indomitus",0.6854100823402405
Moullu,0.0,8.027002627549624e-05,5,5,"tanith, regiment, trooper, colonel, commissar",0.7231176495552063
Wilfret Fletz,0.0,0.00017066308826467933,13,12,"cadian, regiment, general, legion, cadia",0.5479937791824341
Arcanakt,0.0,4.8812633334746964e-05,22,23,"thousand, wolves, legion, prospero, sorcerer",0.5444768071174622
Vishani,0.0,0.000184729120490426,32,14,"necromunda, dynasty, house, necron, bounty",0.8992273807525635
Mardaine,0.0,0.0005045270728860865,33,7,"ordo, retinue, xenos, malleus, inquisition",0.7729172706604004
Rennin Tri'el,0.0,8.261678189261314e-05,1,20,"deathwatch, team, watch, sergeant, xenos",0.3689955472946167
Lytheus,0.0,4.8812633334746964e-05,21,11,"farsight, house, trader, rogue, knights",0.470374196767807
Baris,0.0,4.8812633334746964e-05,42,27,"knights, grey, brotherhood, armageddon, primarch",0.6989749073982239
Iacton Qruze,0.0008582645938786956,0.0009547970910344435,45,8,"legion, primarch, terra, m30, angels",0.6053504347801208
Drang,6.821282401091406e-06,8.332205124281513e-05,37,22,"terra, lords, ecclesiarchy, admiral, indomitus",0.5602967739105225
Dolus,0.0,9.607187676107101e-05,6,25,"templars, marshal, armageddon, orks, dreadnought",0.5358130931854248
Caill,6.214735361499971e-06,9.639961016190253e-05,5,5,"tanith, regiment, trooper, colonel, commissar",0.6693553924560547
Tarkus (Imperial Commander),0.0,0.00020455183656509308,26,12,"cadian, regiment, general, legion, cadia",
Jonah Aruken,0.0,0.0001046830072239356,45,9,"legion, eaters, warband, khorne, dreadnought",0.5628200769424438
Aleph,0.0,0.00022574149012556593,28,9,"legion, eaters, warband, khorne, dreadnought",0.7408625483512878
Fioros Loth,0.0,7.993778716025857e-05,1,11,"farsight, house, trader, rogue, knights",0.3813439905643463
Vorlyss Qai,0.0,0.00013257839999885446,35,14,"necromunda, dynasty, house, necron, bounty",0.5702616572380066
N'Kari,0.00258104722165134,0.0010900820640523637,1,26,"tzeentch, nurgle, khorne, slaanesh, angels",0.5223684310913086
Vasiliki,1.3642564802182811e-06,8.019798464579455e-05,33,1,"sisters, sororitas, canoness, sister, adepta",0.6656360030174255
Ashok,0.0,9.303726781078142e-05,41,18,"warband, legion, scythes, tearers, sorcerer",0.6036930680274963
Spire,0.000271358525193881,0.0003489642312371025,40,22,"terra, lords, ecclesiarchy, admiral, indomitus",0.5636439323425293
Konrad Curze,0.012903327395014874,0.006302313784339364,37,8,"legion, primarch, terra, m30, angels",0.575374960899353
Tomas Beije,0.0,0.0001250243555348862,16,12,"cadian, regiment, general, legion, cadia",0.5293947458267212
Gorley,1.2324694102789126e-05,0.00030849190316839666,5,5,"tanith, regiment, trooper, colonel, commissar",0.4487043619155884
Aurum (Ordo Sinister),0.0,4.8812633334746964e-05,45,7,"ordo, retinue, xenos, malleus, inquisition",0.4060068726539612
Idaeus (Dreadnought),0.0,0.00018907619837219328,9,13,"ultramarines, calth, bearers, macragge, sergeant",
Eredor,0.0,4.8812633334746964e-05,1,25,"templars, marshal, armageddon, orks, dreadnought",0.4438471794128418
Diego Van Skorvold,0.0,0.00041934190562098445,20,11,"farsight, house, trader, rogue, knights",0.43649059534072876
Boreas (Imperial Fists),0.0,0.00017498196290729434,45,10,"fists, legion, terra, fist, phalanx",0.5478930473327637
Kroeger,0.002647735591597884,0.0007406712788000378,9,8,"legion, primarch, terra, m30, angels",0.6617770195007324
Abraxes,0.0007585266030013635,0.0007320241777081459,20,26,"tzeentch, nurgle, khorne, slaanesh, angels",0.5984484553337097
Jaikhos,0.0,6.956273588508804e-05,10,28,"scars, white, legion, brotherhood, garmon",0.5032792687416077
Hasik Noyan-Khan,0.00029781951916481585,0.0009138637236066919,23,28,"scars, white, legion, brotherhood, garmon",0.6636452078819275
Onti Flyte,0.0,0.00018058209627549237,5,11,"farsight, house, trader, rogue, knights",0.3887835741043091
Roek Ghulclaw,0.0,4.8812633334746964e-05,18,18,"warband, legion, scythes, tearers, sorcerer",0.4923180043697357
Helios (Ultramarines),1.227830832196453e-05,0.0002853751307230608,38,13,"ultramarines, calth, bearers, macragge, sergeant",0.6465947031974792
Vrokhorn,0.0,0.00010797086769418283,23,16,"primarch, legion, angels, terra, caliban",0.7027100324630737
Harr Rantal,0.0,4.8812633334746964e-05,45,22,"terra, lords, ecclesiarchy, admiral, indomitus",0.6912196278572083
Cytha,0.0,9.68257367341193e-05,10,26,"tzeentch, nurgle, khorne, slaanesh, angels",0.7227482795715332
Galenius,0.0,4.8812633334746964e-05,21,16,"primarch, legion, angels, terra, caliban",0.435729056596756
Botchulaz,0.0004556616643929059,0.0005736998468805785,40,21,"eldar, craftworld, iyanden, ynnari, commorragh",0.6592967510223389
Ulbenid,0.0,0.0004111915286949526,5,24,"legion, regiment, general, colonel, worlds",0.6922999620437622
Hexachires,0.0008010639159995728,0.0004417544351336864,1,21,"eldar, craftworld, iyanden, ynnari, commorragh",0.4914146959781647
Yafrir,0.0,8.310449580372777e-05,7,15,"angels, legion, caliban, chaplain, sergeant",0.5399182438850403
Shas'ui T'au Kais,0.0,4.8812633334746964e-05,27,21,"eldar, craftworld, iyanden, ynnari, commorragh",0.4214232861995697
Jakel Varonius,0.0,0.0002068366417080529,7,0,"legion, council, massacre, 220px, isstvan",
Lev Goshen,0.0,4.8812633334746964e-05,45,16,"primarch, legion, angels, terra, caliban",0.3708065152168274
Sa'kan,0.0,0.000141596554719493,32,2,"salamanders, legion, primarch, chaplain, massacre",0.4659438729286194
Beniah,0.0,4.8812633334746964e-05,38,20,"deathwatch, team, watch, sergeant, xenos",0.6394902467727661
Lorenz,0.0,6.956273588508804e-05,21,15,"angels, legion, caliban, chaplain, sergeant",0.40651023387908936
Henghast,0.0,0.00011900345172441392,9,20,"deathwatch, team, watch, sergeant, xenos",0.5900312066078186
Kor Megron,0.0,8.273046655803528e-05,9,9,"legion, eaters, warband, khorne, dreadnought",0.4426666796207428
Aquillon,0.0,0.00040820890130419774,38,19,"custodes, terra, companions, shield, vengeful",0.5238959193229675
Sor Talgron,0.001838561210512702,0.00039139156990219634,38,8,"legion, primarch, terra, m30, angels",0.6096391081809998
Koyne,0.0002686133414247643,0.0004214693992755524,45,3,"mechanicum, mars, mechanicus, fabricator, tech",0.6551008820533752
Jurgen (Interrogator),0.0,0.0002865630277167528,16,0,"legion, council, massacre, 220px, isstvan",
Gregorius Skekkir,0.0,0.00020490418591101613,45,10,"fists, legion, terra, fist, phalanx",0.7376092076301575
Avra,0.0,4.8812633334746964e-05,33,1,"sisters, sororitas, canoness, sister, adepta",0.6085909008979797
Maelon Dhrost,0.0,5.852278833244879e-05,21,12,"cadian, regiment, general, legion, cadia",0.44316163659095764
Solomon Demeter,6.653949355177187e-07,0.00011046719335331109,1,8,"legion, primarch, terra, m30, angels",0.6060835719108582
Aphrael (Dark Angels),0.0,4.8812633334746964e-05,19,15,"angels, legion, caliban, chaplain, sergeant",0.4117962121963501
Viola von Castellan,0.0,0.0001240272176010274,12,7,"ordo, retinue, xenos, malleus, inquisition",0.6296654939651489
Noum Retraiva,0.0,0.0001159072095454787,45,22,"terra, lords, ecclesiarchy, admiral, indomitus",
Askarid Sha,0.0,0.00012821864492651875,45,22,"terra, lords, ecclesiarchy, admiral, indomitus",0.7306629419326782
Nakrid Thole,0.0,0.000141596554719493,37,9,"legion, eaters, warband, khorne, dreadnought",0.6003710031509399
Kaye,0.0,9.84672759095138e-05,37,15,"angels, legion, caliban, chaplain, sergeant",0.6713321805000305
Subha,0.0,7.973982580210927e-05,45,9,"legion, eaters, warband, khorne, dreadnought",0.5758731365203857
Fallon (Chaplain),0.0,4.8812633334746964e-05,21,15,"angels, legion, caliban, chaplain, sergeant",0.4104323387145996
Rutial Glinthar,0.0,0.00047616948196371,4,18,"warband, legion, scythes, tearers, sorcerer",0.9912437200546265
Torvann Lokk,0.0,0.00015878262878165375,38,18,"warband, legion, scythes, tearers, sorcerer",0.6108712553977966
Te Kahurangi,0.0,0.00021728430976107875,8,18,"warband, legion, scythes, tearers, sorcerer",0.6555750966072083
Hierek Mon,0.0,4.8812633334746964e-05,42,16,"primarch, legion, angels, terra, caliban",0.5589656829833984
Furneaux,0.0009065297461237509,0.00040670508288924987,38,7,"ordo, retinue, xenos, malleus, inquisition",0.4701671898365021
Anakwanar Sek,0.00027582768777926147,0.0019374685207981647,5,9,"legion, eaters, warband, khorne, dreadnought",0.578485369682312
Mordren,0.0,0.00010315148496904247,10,12,"cadian, regiment, general, legion, cadia",0.4483942985534668
Heyd Calder,0.0,0.0001525045844293487,23,10,"fists, legion, terra, fist, phalanx",0.5723090767860413
Marduk (Tallarn),0.0,0.0003738647358944748,38,12,"cadian, regiment, general, legion, cadia",
Hebet Zybes,0.0,7.484136677689986e-05,45,8,"legion, primarch, terra, m30, angels",0.7157745361328125
Imurah,3.242028945137216e-05,0.0002818255405527934,9,23,"thousand, wolves, legion, prospero, sorcerer",0.4206487238407135
Anhur Hekras,0.0,7.122810319502e-05,40,6,"wolves, fenris, pack, priest, prospero",0.6452419757843018
Shas'O T'au Shi'ur,0.0,5.7112674354883395e-05,27,24,"legion, regiment, general, colonel, worlds",0.4906176030635834
Iocles,0.0,4.8812633334746964e-05,47,9,"legion, eaters, warband, khorne, dreadnought",0.6449649930000305
Merity Chass,0.0010315267642295892,0.0002934391938776433,5,4,"vervunhive, tanith, regiment, commissar, colonel",0.577237069606781
Shadrak Meduson,0.0033003469257569117,0.0016721343091127105,1,8,"legion, primarch, terra, m30, angels",0.49833548069000244
Varro Tigurius,0.001458287077770096,0.00028934883865006116,9,13,"ultramarines, calth, bearers, macragge, sergeant",0.48633983731269836
Brasswhisper,0.0,7.122810319502e-05,2,7,"ordo, retinue, xenos, malleus, inquisition",0.49880337715148926
Givrillian,0.0,4.8812633334746964e-05,20,29,"drinkers, soul, fort, star, archmagos",0.5769607424736023
Vorth Mordrak,0.0,0.0001538772747687579,42,27,"knights, grey, brotherhood, armageddon, primarch",0.44315922260284424
Arkrist Vane,0.0,0.00010911045001897253,45,22,"terra, lords, ecclesiarchy, admiral, indomitus",0.9382578730583191
Kellendvar,1.3138984572825902e-05,9.031625406028939e-05,37,9,"legion, eaters, warband, khorne, dreadnought",0.6845865845680237
Jocelyn,0.0,0.00014885188506842434,40,20,"deathwatch, team, watch, sergeant, xenos",0.8252391815185547
Leyden Krugmal,0.0,8.491117128625524e-05,5,24,"legion, regiment, general, colonel, worlds",0.7943050265312195
Ghrastak,0.0,5.092934143936653e-05,45,9,"legion, eaters, warband, khorne, dreadnought",0.4189783036708832
Alberein,0.0,5.881321279118773e-05,37,18,"warband, legion, scythes, tearers, sorcerer",0.6226666569709778
Ban Daur,0.000985480922451066,0.00017383137075267492,5,4,"vervunhive, tanith, regiment, commissar, colonel",0.5527887940406799
Ceris Gonn,0.0,5.2634132212459965e-05,36,22,"terra, lords, ecclesiarchy, admiral, indomitus",0.41273412108421326
Alexei Lev Tieron,0.0011641959755112894,0.00019937766274005097,45,22,"terra, lords, ecclesiarchy, admiral, indomitus",0.5698766708374023
Igen Gargo,0.000156206818169526,0.00041281104405444544,22,2,"salamanders, legion, primarch, chaplain, massacre",0.6399430632591248
Bail Sharr,0.0,0.00022145509723127743,8,3,"mechanicum, mars, mechanicus, fabricator, tech",0.6039195656776428
Bale Rane,0.00022783083219645296,0.0005552031811009333,25,9,"legion, eaters, warband, khorne, dreadnought",0.7118532657623291
Vermanus Cybus,0.0,4.8812633334746964e-05,9,0,"legion, council, massacre, 220px, isstvan",0.4074241518974304
Galad,0.0004868121873578906,0.00010502296286449256,37,16,"primarch, legion, angels, terra, caliban",0.7296373248100281
Seth (Thousand Sons),0.0,4.8812633334746964e-05,40,23,"thousand, wolves, legion, prospero, sorcerer",0.4105750024318695
Argust,0.0,4.8812633334746964e-05,45,10,"fists, legion, terra, fist, phalanx",0.6138656139373779
Xylo Wolfenbüttel,0.0,0.000141596554719493,30,7,"ordo, retinue, xenos, malleus, inquisition",0.5517165660858154
Markov (Inquisitor),0.0,7.22466269801249e-05,16,7,"ordo, retinue, xenos, malleus, inquisition",0.7011733055114746
Kal Jerico,2.63756252842201e-05,0.0010849106760964181,35,14,"necromunda, dynasty, house, necron, bounty",0.5220891237258911
Cassius (Marshal),0.0,0.00020806773057689988,41,25,"templars, marshal, armageddon, orks, dreadnought",
Tragan,0.0,4.8812633334746964e-05,37,16,"primarch, legion, angels, terra, caliban",0.4788777828216553
Darokh'Var,0.0,6.956273588508804e-05,7,18,"warband, legion, scythes, tearers, sorcerer",0.33897829055786133
Khorag Sinj,0.0,6.264603503497435e-05,1,11,"farsight, house, trader, rogue, knights",0.3421461880207062
Sigenandus,0.0,4.8812633334746964e-05,33,25,"templars, marshal, armageddon, orks, dreadnought",0.4978131949901581
Taymon Verticorda,0.0,7.283427952171201e-05,46,11,"farsight, house, trader, rogue, knights",
Mita Ashyn,0.0,6.133101594644599e-05,37,7,"ordo, retinue, xenos, malleus, inquisition",0.4185521602630615
Zara Nox,0.0,4.8812633334746964e-05,1,11,"farsight, house, trader, rogue, knights",0.566715657711029
Janus Darke,0.003440654843110505,0.0007334154340701926,30,22,"terra, lords, ecclesiarchy, admiral, indomitus",0.418157160282135
Antaka Cyvaan,4.516264772062862e-05,0.0001757961104124451,8,27,"knights, grey, brotherhood, armageddon, primarch",0.4850560426712036
Turcio,0.0,7.907762686899874e-05,21,15,"angels, legion, caliban, chaplain, sergeant",0.4336205720901489
Garazhk,0.0,4.8812633334746964e-05,23,28,"scars, white, legion, brotherhood, garmon",0.7033321261405945
Gunnar Thorolfsson,0.0,7.498328288223295e-05,40,6,"wolves, fenris, pack, priest, prospero",0.5665595531463623
Jessi Banda,0.000340553409635112,0.00022315887934522087,5,4,"vervunhive, tanith, regiment, commissar, colonel",0.5493490099906921
Lucian Ventris,2.0643763376984853e-05,0.00021145167341753048,9,13,"ultramarines, calth, bearers, macragge, sergeant",0.6088069081306458
Senavael,0.0,6.5267134855037e-05,40,6,"wolves, fenris, pack, priest, prospero",0.6543601155281067
Lael Gustus,0.0,4.8812633334746964e-05,45,19,"custodes, terra, companions, shield, vengeful",0.49331018328666687
Victoria Aldrich,0.0,0.000141596554719493,45,7,"ordo, retinue, xenos, malleus, inquisition",0.61140376329422
Coron Grizmund,0.0,6.641407818552026e-05,5,4,"vervunhive, tanith, regiment, commissar, colonel",0.6556686162948608
Drystann Cromm,0.0003104810757409476,0.00039281315695350287,42,27,"knights, grey, brotherhood, armageddon, primarch",0.5111868381500244
Kline,0.0,4.8812633334746964e-05,10,12,"cadian, regiment, general, legion, cadia",0.5943583846092224
Tchorr'Kan,0.0,0.00021001173063744724,12,26,"tzeentch, nurgle, khorne, slaanesh, angels",0.4635609984397888
Uila Lamma,0.0,8.491117128625524e-05,38,22,"terra, lords, ecclesiarchy, admiral, indomitus",0.5553724765777588
Proximo Tarchon,0.00022783083219645296,0.00017441407925023784,45,18,"warband, legion, scythes, tearers, sorcerer",0.5163108706474304
Caecaltus Dusk,0.004724978030576045,0.0008860691443944399,34,19,"custodes, terra, companions, shield, vengeful",0.6274541020393372
Vellian Tersus,0.0,0.000100775608795949,23,12,"cadian, regiment, general, legion, cadia",0.665359616279602
Doomrider,0.002808589943480803,0.00014258708152723284,10,26,"tzeentch, nurgle, khorne, slaanesh, angels",0.29739832878112793
Kurtz (Princeps),0.0,6.298166793919846e-05,43,13,"ultramarines, calth, bearers, macragge, sergeant",0.7219063639640808
Xenothan,0.0,0.00015181433388154584,40,6,"wolves, fenris, pack, priest, prospero",0.538753867149353
Machaon,0.0,4.8812633334746964e-05,3,18,"warband, legion, scythes, tearers, sorcerer",0.7349693775177002
Tahril,0.0010408636031627601,0.00025747219921997446,26,21,"eldar, craftworld, iyanden, ynnari, commorragh",0.557033121585846
Vaniel,0.0,0.0001091091148501849,36,18,"warband, legion, scythes, tearers, sorcerer",0.8164392709732056
Sholto Unwerth,0.0015948158253751706,0.00010338540100562823,25,7,"ordo, retinue, xenos, malleus, inquisition",0.4124336838722229
Theodora von Valancius,0.0,0.00046153560233548645,2,11,"farsight, house, trader, rogue, knights",0.5244265198707581
Gremus Kalgaro,0.00022783083219645296,0.00012058016191343921,23,24,"legion, regiment, general, colonel, worlds",0.6007473468780518
Elenduil,0.0,0.00018690730254376382,40,6,"wolves, fenris, pack, priest, prospero",0.5462852716445923
Dalin Criid,1.2736308711752098e-05,0.00023868259026553278,5,4,"vervunhive, tanith, regiment, commissar, colonel",0.4857618510723114
Fereyd,0.0004476638150695112,0.00027981984024744524,5,9,"legion, eaters, warband, khorne, dreadnought",0.5348758697509766
Ottmar Kord,0.0,9.725361456653668e-05,36,22,"terra, lords, ecclesiarchy, admiral, indomitus",0.8013348579406738
Haera Astaria Vorterra Helmawr,0.008524253448537213,0.0002786056462729411,35,14,"necromunda, dynasty, house, necron, bounty",0.5497604608535767
Geryon,0.0,4.8812633334746964e-05,17,9,"legion, eaters, warband, khorne, dreadnought",0.5560687780380249
Occam,0.0,0.00012282581767586069,45,18,"warband, legion, scythes, tearers, sorcerer",0.49423301219940186
Razyl,0.0,0.00014126929647239762,37,15,"angels, legion, caliban, chaplain, sergeant",0.4874798655509949
Agustius,0.0,0.00027267041909369283,41,7,"ordo, retinue, xenos, malleus, inquisition",0.8011687994003296
Vorkogun,0.0,8.29475783470083e-05,36,22,"terra, lords, ecclesiarchy, admiral, indomitus",0.6996910572052002
Bevedan,0.0,7.857830019444586e-05,37,16,"primarch, legion, angels, terra, caliban",0.7149364352226257
Ultak'h,0.0,4.8812633334746964e-05,40,23,"thousand, wolves, legion, prospero, sorcerer",0.430288702249527
Lesp,0.0,0.00018657770863679426,5,5,"tanith, regiment, trooper, colonel, commissar",0.532551109790802
Parjita,0.0,0.00014967229315036737,16,24,"legion, regiment, general, colonel, worlds",
Larsus (Black Legion),0.0,0.00011591091401645238,28,20,"deathwatch, team, watch, sergeant, xenos",0.5555184483528137
Volupus,0.0,4.8812633334746964e-05,1,26,"tzeentch, nurgle, khorne, slaanesh, angels",0.44807150959968567
Abraham Vinculus,1.3642564802182811e-06,0.0001901709592929345,6,7,"ordo, retinue, xenos, malleus, inquisition",0.6024401187896729
Vernor Zeck,0.00045932647251823957,0.000331181252778671,36,22,"terra, lords, ecclesiarchy, admiral, indomitus",0.6158685684204102
Astura,0.0,6.264603503497435e-05,38,27,"knights, grey, brotherhood, armageddon, primarch",0.41854891180992126
Horus Aximand,0.0016356497121991118,0.0016788152992496157,45,8,"legion, primarch, terra, m30, angels",0.5647560358047485
Alna Klaren,0.0,8.19045999713509e-05,6,12,"cadian, regiment, general, legion, cadia",0.7677042484283447
Muril,0.0007042194503995324,0.00010737919640466413,5,5,"tanith, regiment, trooper, colonel, commissar",0.5968830585479736
Forgotten Company,0.0,0.0009774369528512824,48,3,"mechanicum, mars, mechanicus, fabricator, tech",0.6728847622871399
Von Valancius heir,0.0,4.8812633334746964e-05,2,11,"farsight, house, trader, rogue, knights",0.47061875462532043
Otun Rindol,0.0,4.8812633334746964e-05,45,19,"custodes, terra, companions, shield, vengeful",0.5643630027770996
Baeron,0.0,7.07962092762413e-05,45,15,"angels, legion, caliban, chaplain, sergeant",0.47004860639572144
Artarix,0.0,7.238072022570128e-05,10,12,"cadian, regiment, general, legion, cadia",0.4647231996059418
Oenomaus,0.0,0.000293194812707234,42,9,"legion, eaters, warband, khorne, dreadnought",0.4746319055557251
Undying Martyr,0.0,0.0002565130818541914,7,15,"angels, legion, caliban, chaplain, sergeant",0.6802409887313843
Uzas,0.0,0.00010474922860557517,37,18,"warband, legion, scythes, tearers, sorcerer",0.62220299243927
Magda Kesh,0.0019110218180993222,0.000454908230197803,38,18,"warband, legion, scythes, tearers, sorcerer",0.5139104723930359
N'nkono Emba,0.0,0.00010958174638565826,1,12,"cadian, regiment, general, legion, cadia",0.7533109784126282
Ogen,0.0008613322523514957,0.00018819528656445074,8,27,"knights, grey, brotherhood, armageddon, primarch",0.49938535690307617
Vendare Taloun,0.0004556616643929059,0.0002104017250652759,9,22,"terra, lords, ecclesiarchy, admiral, indomitus",0.5847355723381042
Xavier Calcazar,0.0,0.00013998204739944817,2,7,"ordo, retinue, xenos, malleus, inquisition",0.4856339991092682
Fyodor Stromgren,0.0,0.00014017102711702648,45,6,"wolves, fenris, pack, priest, prospero",0.44281938672065735
Garvael,0.0,0.00039100027329043,12,25,"templars, marshal, armageddon, orks, dreadnought",0.6190600395202637
Brin Milo,0.004927775957519107,0.0005189029425980948,5,5,"tanith, regiment, trooper, colonel, commissar",0.5553874373435974
Baldr Svelok,0.0,0.00021499264532904154,40,6,"wolves, fenris, pack, priest, prospero",0.7310972213745117
Namira Suzaku,0.0,8.639721414564866e-05,9,7,"ordo, retinue, xenos, malleus, inquisition",0.42381012439727783
Tagore,9.135907791384618e-05,0.00015360467813470806,45,9,"legion, eaters, warband, khorne, dreadnought",0.5127252340316772
Shâhka Bloodless,0.0,0.0002019907706972257,42,9,"legion, eaters, warband, khorne, dreadnought",0.6032870411872864
Adnachiel,0.0,0.000141596554719493,22,15,"angels, legion, caliban, chaplain, sergeant",0.6482972502708435
Corpulax,0.0021000219453360942,0.000496645646736446,7,26,"tzeentch, nurgle, khorne, slaanesh, angels",0.5842053890228271
Haarken Worldclaimer,0.00032905414987822567,0.0006606025194040976,12,9,"legion, eaters, warband, khorne, dreadnought",0.5458652973175049
Clara,0.0,0.00020635754943867243,5,11,"farsight, house, trader, rogue, knights",0.49640193581581116
Klaarc Kalag,0.0,4.8812633334746964e-05,1,0,"legion, council, massacre, 220px, isstvan",0.4397965371608734
Sind Grolvoch,0.0,0.0005010575594376847,1,14,"necromunda, dynasty, house, necron, bounty",0.40454116463661194
Alsmo 3/66 Charis,0.0,0.0004428860907750506,40,21,"eldar, craftworld, iyanden, ynnari, commorragh",0.7923235297203064
Vaynom Blenner,0.002223468767718543,0.0001638662585872232,45,11,"farsight, house, trader, rogue, knights",0.32198071479797363
Fen,0.0003504598240955076,6.666174636085054e-05,21,15,"angels, legion, caliban, chaplain, sergeant",0.5541496872901917
Phyllia Torunda,0.0,4.8812633334746964e-05,38,1,"sisters, sororitas, canoness, sister, adepta",0.423932820558548
Travis,0.0,4.8812633334746964e-05,13,22,"terra, lords, ecclesiarchy, admiral, indomitus",0.4223576784133911
Bedwyr,0.0,5.881321279118773e-05,21,10,"fists, legion, terra, fist, phalanx",0.6434985399246216
Lucoryphus,0.0,5.572933418486065e-05,37,24,"legion, regiment, general, colonel, worlds",0.628390908241272
Rafelo,0.0,0.00037839012807475153,1,15,"angels, legion, caliban, chaplain, sergeant",0.6721153855323792
Kleopatra Arx,0.00031370621545497826,0.00010675057185951683,17,7,"ordo, retinue, xenos, malleus, inquisition",0.676093578338623
Urlock Gaur,2.0550466662335697e-06,0.0012633396780243103,5,18,"warband, legion, scythes, tearers, sorcerer",0.5860800743103027
Lemartes,6.821282401091406e-07,7.786277690522446e-05,21,15,"angels, legion, caliban, chaplain, sergeant",0.5461391806602478
Haller,0.0,0.00018446638102781514,5,4,"vervunhive, tanith, regiment, commissar, colonel",0.624180018901825
Volkhar Wreth,0.0,9.845512874054164e-05,38,26,"tzeentch, nurgle, khorne, slaanesh, angels",0.5299748778343201
Simon Van Gelder,0.0,7.671264198592902e-05,9,13,"ultramarines, calth, bearers, macragge, sergeant",0.47758913040161133
Bredek,0.0,9.286739766871231e-05,42,18,"warband, legion, scythes, tearers, sorcerer",0.4763438105583191
Etrus,0.0,0.0003446007616055313,25,10,"fists, legion, terra, fist, phalanx",0.8388058543205261
Phideark,0.0,4.8812633334746964e-05,23,28,"scars, white, legion, brotherhood, garmon",0.7237851619720459
Kage,0.0003219311232953798,0.0001324012256121209,6,12,"cadian, regiment, general, legion, cadia",0.6375114917755127
Maxillus,0.0,8.618730251208645e-05,31,20,"deathwatch, team, watch, sergeant, xenos",0.7045260071754456
Mephiston,0.008668066719947961,0.0012064889513236626,21,8,"legion, primarch, terra, m30, angels",0.4793899357318878
Orhu Gythua,0.0,7.122810319502e-05,45,9,"legion, eaters, warband, khorne, dreadnought",0.6228751540184021
Mont'ka (Commander),0.0,0.00016743036951566821,27,22,"terra, lords, ecclesiarchy, admiral, indomitus",
Vhigis,0.0,9.397132519131333e-05,49,21,"eldar, craftworld, iyanden, ynnari, commorragh",0.5189370512962341
Bray (Tanith),0.0,7.53103584361983e-05,5,5,"tanith, regiment, trooper, colonel, commissar",0.5162636637687683
Rhyloor,0.0010672725172075454,0.00016821407608462495,40,18,"warband, legion, scythes, tearers, sorcerer",0.8536762595176697
Tona Criid,0.00046489962970181257,0.000954496790253466,5,5,"tanith, regiment, trooper, colonel, commissar",0.49192577600479126
Tauros Hendron,0.0,0.000293194812707234,7,27,"knights, grey, brotherhood, armageddon, primarch",0.5136399269104004
Amarnat Collective,0.0,7.909254973230028e-05,2,3,"mechanicum, mars, mechanicus, fabricator, tech",0.39955222606658936
Gastaph Hediatrix,0.0,4.8812633334746964e-05,33,22,"terra, lords, ecclesiarchy, admiral, indomitus",0.5916343927383423
Amunteaph,0.0,4.8812633334746964e-05,17,19,"custodes, terra, companions, shield, vengeful",0.6055676937103271
Ob'lotai,0.0,0.00012545846085127696,27,13,"ultramarines, calth, bearers, macragge, sergeant",
Jena Orechiel,0.00218531150522965,0.0007912287992396904,35,7,"ordo, retinue, xenos, malleus, inquisition",0.4235389530658722
Drumon,0.0,4.8812633334746964e-05,16,13,"ultramarines, calth, bearers, macragge, sergeant",0.5028687119483948
Landa Meroc,0.0,0.0002450139594715833,5,11,"farsight, house, trader, rogue, knights",0.31400614976882935
Aelos,0.0,0.0001971689172831311,42,27,"knights, grey, brotherhood, armageddon, primarch",0.6398300528526306
Xadophus,0.0,0.0001244903788714867,34,19,"custodes, terra, companions, shield, vengeful",0.931969165802002
Priamus,0.0,4.8812633334746964e-05,6,25,"templars, marshal, armageddon, orks, dreadnought",0.6182000041007996
GiFellivo,0.0,0.000141596554719493,38,24,"legion, regiment, general, colonel, worlds",0.53572678565979
Zennet,0.0,0.00014218809481128178,5,18,"warband, legion, scythes, tearers, sorcerer",0.35695457458496094
Cadmur,0.0,0.00011575970440733585,12,24,"legion, regiment, general, colonel, worlds",
Roga,0.0,7.327936320218888e-05,45,27,"knights, grey, brotherhood, armageddon, primarch",0.5926060080528259
Decimus (Character),0.0023232196439212337,0.00032468917331424785,37,9,"legion, eaters, warband, khorne, dreadnought",0.5719468593597412
Araezon,0.0,0.00020367594510653595,21,15,"angels, legion, caliban, chaplain, sergeant",0.4990410804748535
Harik Morn,0.0,4.8812633334746964e-05,1,9,"legion, eaters, warband, khorne, dreadnought",0.6226169466972351
Orad,0.0,6.956273588508804e-05,9,13,"ultramarines, calth, bearers, macragge, sergeant",0.47113317251205444
Antor Delassio,0.0,0.00013179427130819061,42,20,"deathwatch, team, watch, sergeant, xenos",0.6082754731178284
Gaius Prabian,0.0,8.273046655803528e-05,9,13,"ultramarines, calth, bearers, macragge, sergeant",0.6715841889381409
Herrode,0.0,0.001740803650558765,10,3,"mechanicum, mars, mechanicus, fabricator, tech",0.7577217817306519
Jaya D'Arcus,0.0,8.619002589244177e-05,45,11,"farsight, house, trader, rogue, knights",0.4539846181869507
Ethratan,0.0,4.8812633334746964e-05,36,10,"fists, legion, terra, fist, phalanx",0.6223094463348389
Jenit Sulla,0.0,0.00016712188525310528,16,12,"cadian, regiment, general, legion, cadia",0.5427693724632263
Akeris,0.0,8.491117128625524e-05,6,25,"templars, marshal, armageddon, orks, dreadnought",0.780399739742279
Apollyon (Inquisitor),4.092769440654843e-06,0.0005650367138278468,6,7,"ordo, retinue, xenos, malleus, inquisition",0.8917781114578247
Phanta Claws,0.0,0.0002171135759255776,45,9,"legion, eaters, warband, khorne, dreadnought",0.4135078191757202
Tormageddon,0.0019549358942453445,0.0009528723804965893,45,8,"legion, primarch, terra, m30, angels",0.692449688911438
Tobris Ekharth,0.0,0.00023004754302192925,36,22,"terra, lords, ecclesiarchy, admiral, indomitus",0.5696094036102295
Amardes,0.0,4.8812633334746964e-05,6,25,"templars, marshal, armageddon, orks, dreadnought",0.8063338398933411
Ackenvol,0.0,6.873224535250592e-05,10,12,"cadian, regiment, general, legion, cadia",0.6026327013969421
Marneus Augustus Calgar,0.0031704590964725275,0.00021081456652877282,9,8,"legion, primarch, terra, m30, angels",0.5385355949401855
Artellus Numeon,9.495248585204538e-05,0.0006648128635611743,22,2,"salamanders, legion, primarch, chaplain, massacre",0.536244809627533
Holzhauer,0.0,0.0002276855928658119,33,22,"terra, lords, ecclesiarchy, admiral, indomitus",0.6492340564727783
Nemo Zhi-Meng,1.823355113829724e-05,0.00014614717319498104,45,8,"legion, primarch, terra, m30, angels",0.5261148810386658
Sycorax (Callidus Assassin),0.0022783083219645294,0.0005429532569314307,39,22,"terra, lords, ecclesiarchy, admiral, indomitus",0.514645516872406
Alexis Polux,0.00024064002085541443,0.0003664156784036776,9,10,"fists, legion, terra, fist, phalanx",0.5342791080474854
Victoria Linn,0.0,8.991513316394528e-05,7,22,"terra, lords, ecclesiarchy, admiral, indomitus",0.5931434631347656
Oberdeii,0.0005751259972620898,0.0004649038037997152,38,8,"legion, primarch, terra, m30, angels",0.64248126745224
Lorii,0.0005497619554918329,0.00014237079607189813,6,1,"sisters, sororitas, canoness, sister, adepta",0.410381019115448
Valicar Hyne,0.0,8.491117128625524e-05,45,9,"legion, eaters, warband, khorne, dreadnought",0.5353885889053345
Emora Brahms,0.0,0.0003888621505408377,15,11,"farsight, house, trader, rogue, knights",0.6198493242263794
Venakhar,0.0,0.0001868424090025987,1,18,"warband, legion, scythes, tearers, sorcerer",0.587258517742157
Lhurn Adare,0.0,4.8812633334746964e-05,5,5,"tanith, regiment, trooper, colonel, commissar",0.7033370137214661
Schaeffer,0.0,0.00019407269170662592,6,12,"cadian, regiment, general, legion, cadia",
Fon Tariel,0.0,8.322749761854847e-05,45,3,"mechanicum, mars, mechanicus, fabricator, tech",0.5275952219963074
Vorek Gnarlfist,0.0004556616643929059,0.00039459666099294483,40,6,"wolves, fenris, pack, priest, prospero",0.6503416895866394
Eliphas,0.006764912505119729,0.0002972985429982734,26,9,"legion, eaters, warband, khorne, dreadnought",0.4352770745754242
Nash,0.0,8.716418073586134e-05,5,4,"vervunhive, tanith, regiment, commissar, colonel",
Ku'Gath,0.0013215384112375108,0.0010108602493449294,38,26,"tzeentch, nurgle, khorne, slaanesh, angels",0.3516416847705841
Marcello,0.0,4.8812633334746964e-05,21,18,"warband, legion, scythes, tearers, sorcerer",0.512339174747467
Argos (Blood Ravens),0.0,0.0002512916346865459,22,17,"ravens, eldar, seed, tau, legion",
Grask,0.0,4.8812633334746964e-05,13,24,"legion, regiment, general, colonel, worlds",0.6009853482246399
Emilicis van Outrelech,0.0,7.122810319502e-05,38,21,"eldar, craftworld, iyanden, ynnari, commorragh",0.6196726560592651
Gahlan Surlak,0.0001300795776570767,0.0003665709554603273,42,9,"legion, eaters, warband, khorne, dreadnought",0.5963879227638245
Khalid Hassan,0.0008313769580418944,0.00041292221337315397,45,8,"legion, primarch, terra, m30, angels",0.5231262445449829
Leto Barbaden,0.00034342119935987437,9.40456437407261e-05,9,12,"cadian, regiment, general, legion, cadia",0.42501378059387207
Simen Bonin,0.0,9.286739766871231e-05,5,24,"legion, regiment, general, colonel, worlds",0.6560814380645752
Galan Machiavi,0.0,0.00010178002874935529,21,15,"angels, legion, caliban, chaplain, sergeant",0.6828965544700623
Zartath,0.0,9.362072397236929e-05,22,2,"salamanders, legion, primarch, chaplain, massacre",0.6097829937934875
Averamus,0.002733830908441649,0.00011493086207254349,7,9,"legion, eaters, warband, khorne, dreadnought",0.48385894298553467
Morion,0.0,6.264603503497435e-05,10,15,"angels, legion, caliban, chaplain, sergeant",0.5041389465332031
Sigurd Ironside,0.0,4.8812633334746964e-05,40,22,"terra, lords, ecclesiarchy, admiral, indomitus",0.5350648760795593
Dragan,0.0,5.9187684609917504e-05,23,20,"deathwatch, team, watch, sergeant, xenos",0.6177726984024048
Graevus,0.0,0.00013312038017926635,20,29,"drinkers, soul, fort, star, archmagos",0.6051742434501648
Ursan Graves,0.0,0.00038939303212171694,35,14,"necromunda, dynasty, house, necron, bounty",0.5951131582260132
Saint Damiane,0.0,4.8812633334746964e-05,32,14,"necromunda, dynasty, house, necron, bounty",0.4215881824493408
Tomaz Maghernus,0.0,8.491117128625524e-05,6,12,"cadian, regiment, general, legion, cadia",0.7340847849845886
Entascha Mereschel,0.0,8.491117128625524e-05,5,24,"legion, regiment, general, colonel, worlds",0.774584174156189
Rakishio,0.0,6.424829082717911e-05,45,16,"primarch, legion, angels, terra, caliban",0.5417055487632751
Quellkah,0.0,0.000269708210853099,32,14,"necromunda, dynasty, house, necron, bounty",0.6829636693000793
Ana Curth,0.00024215011152255357,0.00036287968843319037,5,4,"vervunhive, tanith, regiment, commissar, colonel",0.580826997756958
Krukesh,0.0002495673059561769,0.00027588625290309715,37,8,"legion, primarch, terra, m30, angels",0.7084682583808899
Zeb'du Varr,0.0,4.8812633334746964e-05,22,18,"warband, legion, scythes, tearers, sorcerer",0.4607909321784973
Thomar,0.0,4.8812633334746964e-05,10,15,"angels, legion, caliban, chaplain, sergeant",0.40469416975975037
Indrick Boreale,0.0,0.00011660482881600004,26,17,"ravens, eldar, seed, tau, legion",0.549607515335083
Crysos Morturg,0.0,0.00024686805282249076,23,8,"legion, primarch, terra, m30, angels",0.5535414218902588
Vaer Greyloc,0.0,0.0002009265338920329,40,6,"wolves, fenris, pack, priest, prospero",0.6019612550735474
Morderan,0.0,0.00036349555264575937,37,15,"angels, legion, caliban, chaplain, sergeant",0.5623406171798706
Drusus (Ultramarines),0.00021950776954882722,0.0005182309256448357,38,24,"legion, regiment, general, colonel, worlds",0.5215363502502441
Malachi Ypres,0.0,0.0001954405050976728,26,17,"ravens, eldar, seed, tau, legion",0.7027294635772705
Angel of Fire,0.0,4.8812633334746964e-05,40,26,"tzeentch, nurgle, khorne, slaanesh, angels",0.44349703192710876
Yngvar,0.0,4.8812633334746964e-05,40,6,"wolves, fenris, pack, priest, prospero",0.7410871982574463
Absolom Raithe,0.0,0.00033766423489786553,39,18,"warband, legion, scythes, tearers, sorcerer",0.3869437575340271
Mikael Fabian,0.0,4.8812633334746964e-05,27,13,"ultramarines, calth, bearers, macragge, sergeant",0.5034054517745972
Gwill,0.0,6.956273588508804e-05,5,24,"legion, regiment, general, colonel, worlds",0.7466437816619873
Gideon Argent,0.0,0.00018103813953984987,13,12,"cadian, regiment, general, legion, cadia",0.47026294469833374
Athera Sabine,0.0,0.000141596554719493,35,14,"necromunda, dynasty, house, necron, bounty",0.5947975516319275
Saul Niborran,0.0004859610354142975,0.00035196722580410633,45,22,"terra, lords, ecclesiarchy, admiral, indomitus",0.5469506978988647
Jhogai,0.0,0.00011013347928593312,10,28,"scars, white, legion, brotherhood, garmon",0.6474937200546265
Jubal Khan,0.0,4.8812633334746964e-05,23,28,"scars, white, legion, brotherhood, garmon",0.5928469896316528
Tybalt,0.0,0.00040606472861428407,10,11,"farsight, house, trader, rogue, knights",
Epimetheus,0.0023547488158884677,0.000253901767766123,45,27,"knights, grey, brotherhood, armageddon, primarch",0.45104464888572693
Forbin,0.0,8.491117128625524e-05,5,5,"tanith, regiment, trooper, colonel, commissar",0.7470250129699707
Anvirr Keltoc,0.0,4.8812633334746964e-05,40,21,"eldar, craftworld, iyanden, ynnari, commorragh",0.6060190796852112
Antonius (Epistolary),0.0,0.00012181354739808852,38,13,"ultramarines, calth, bearers, macragge, sergeant",0.7128305435180664
Bjorn,0.0037469439567025197,0.002503042600957299,40,6,"wolves, fenris, pack, priest, prospero",0.5190401077270508
Thera (Terran),0.0,0.00020010830076594264,45,1,"sisters, sororitas, canoness, sister, adepta",0.19443246722221375
Furrian,0.0,0.0001907476669328981,5,5,"tanith, regiment, trooper, colonel, commissar",0.7156647443771362
Zah'mat,0.0,4.8812633334746964e-05,40,23,"thousand, wolves, legion, prospero, sorcerer",0.4008173644542694
Konstantin (Horse),0.0,9.206582265340436e-05,17,0,"legion, council, massacre, 220px, isstvan",0.5658915042877197
Urtzi Malevolus,0.0,0.00018749402044367604,45,3,"mechanicum, mars, mechanicus, fabricator, tech",0.6743367910385132
Illios,0.0,4.8812633334746964e-05,1,9,"legion, eaters, warband, khorne, dreadnought",0.3936663269996643
Larenta,0.0,0.00011276716446336603,38,18,"warband, legion, scythes, tearers, sorcerer",0.8475332260131836
Rilke,0.0027987721691678045,0.00013042729765744239,5,5,"tanith, regiment, trooper, colonel, commissar",0.6749632954597473
Kasper Ansbach Hawser,0.0015495291639697998,0.0002455300262228416,40,6,"wolves, fenris, pack, priest, prospero",0.45242828130722046
Corswain,0.0018997122195997316,0.000977437318453742,37,8,"legion, primarch, terra, m30, angels",0.47797247767448425
Sapphon,0.001443682384207035,0.00017311390255261416,37,15,"angels, legion, caliban, chaplain, sergeant",0.516455888748169
Hectus Carmine,0.0,4.8812633334746964e-05,33,22,"terra, lords, ecclesiarchy, admiral, indomitus",0.5556937456130981
Asphor,0.0,4.8812633334746964e-05,0,10,"fists, legion, terra, fist, phalanx",0.6513891220092773
Bol'Groblort,0.0,0.00045350583599144224,45,27,"knights, grey, brotherhood, armageddon, primarch",0.5007340908050537
Launciel,0.0004868121873578906,0.00010502296286449256,37,15,"angels, legion, caliban, chaplain, sergeant",0.7374682426452637
Kadak Mir,0.0,8.491117128625524e-05,38,22,"terra, lords, ecclesiarchy, admiral, indomitus",0.5475776195526123
Malafael,0.0,0.00037707250385531543,21,15,"angels, legion, caliban, chaplain, sergeant",0.4134628176689148
Invocatus,0.0,0.0001751260281940117,42,9,"legion, eaters, warband, khorne, dreadnought",0.6029348373413086
Erya Nephthys,0.0,0.0003391014502470438,33,7,"ordo, retinue, xenos, malleus, inquisition",0.6002845168113708
Milonus,0.0,4.8812633334746964e-05,21,15,"angels, legion, caliban, chaplain, sergeant",0.43189722299575806
Ketron Bargaddon,0.0,4.8812633334746964e-05,45,19,"custodes, terra, companions, shield, vengeful",0.553460955619812
Flammel,0.0,0.00011063955736680535,25,7,"ordo, retinue, xenos, malleus, inquisition",0.5818025469779968
Drobekh,0.0,8.491117128625524e-05,17,24,"legion, regiment, general, colonel, worlds",0.585647702217102
Galatael,0.0,4.8812633334746964e-05,22,20,"deathwatch, team, watch, sergeant, xenos",0.4545617997646332
Veegum,0.0,4.8812633334746964e-05,5,25,"templars, marshal, armageddon, orks, dreadnought",0.6700979471206665
Cathal,0.0,0.0003374392427686865,1,18,"warband, legion, scythes, tearers, sorcerer",0.8345450162887573
Phaust,0.0,8.628229026169995e-05,9,7,"ordo, retinue, xenos, malleus, inquisition",0.621647298336029
Vandar (Sergeant),0.0,0.000141596554719493,9,13,"ultramarines, calth, bearers, macragge, sergeant",0.5922653675079346
Junith Eruita,0.0,0.000141596554719493,12,1,"sisters, sororitas, canoness, sister, adepta",0.6142274737358093
Crziel Acharya,0.0,4.8812633334746964e-05,36,22,"terra, lords, ecclesiarchy, admiral, indomitus",0.7264561653137207
Brach,0.0,0.0002438218529310666,17,22,"terra, lords, ecclesiarchy, admiral, indomitus",0.602034330368042
Saturnalia Princeps Carthagina,0.0,6.576184030755017e-05,45,19,"custodes, terra, companions, shield, vengeful",0.6046121120452881
Perziel,0.0,9.437988499076723e-05,37,16,"primarch, legion, angels, terra, caliban",0.7156033515930176
Sachael,0.0,0.00010911045001897253,22,15,"angels, legion, caliban, chaplain, sergeant",0.9530993700027466
Nadigrath,0.0,0.00011465558781274816,37,24,"legion, regiment, general, colonel, worlds",0.7540565729141235
Harald Deathwolf,0.0015948158253751706,0.000957294785241658,40,6,"wolves, fenris, pack, priest, prospero",0.564814567565918
Moriah,0.0,0.00027645813817858494,26,17,"ravens, eldar, seed, tau, legion",0.6693196296691895
Falkus Kibre,0.0005121213054842199,0.0008144651164104001,45,8,"legion, primarch, terra, m30, angels",0.66764235496521
Mallich,0.0,4.8812633334746964e-05,27,13,"ultramarines, calth, bearers, macragge, sergeant",0.561269998550415
Setheno,0.001459787839869695,0.00012966374406742895,6,1,"sisters, sororitas, canoness, sister, adepta",0.5502305626869202
Abel Zorael,0.00022783083219645296,0.00031365694579630406,21,15,"angels, legion, caliban, chaplain, sergeant",0.6388243436813354
Denil Greer,0.0,9.220886347695992e-05,5,12,"cadian, regiment, general, legion, cadia",0.5376321077346802
Hereon,0.0,8.729894769735164e-05,21,15,"angels, legion, caliban, chaplain, sergeant",0.49108853936195374
Zahndrekh,0.0005362096407457936,0.0006762517647090195,10,14,"necromunda, dynasty, house, necron, bounty",0.8158179521560669
Atal Tyvar,0.0,6.956273588508804e-05,1,19,"custodes, terra, companions, shield, vengeful",0.4334193468093872
Tatheya,0.0,0.0005190376105698539,49,21,"eldar, craftworld, iyanden, ynnari, commorragh",0.6112667322158813
Lukas Alexander,0.0011418826739427012,0.000352725359957985,26,12,"cadian, regiment, general, legion, cadia",0.5830268263816833
Gianos Raksis,0.0,7.136849259054419e-05,38,25,"templars, marshal, armageddon, orks, dreadnought",0.7095692157745361
Tibernus,0.0,4.8812633334746964e-05,45,10,"fists, legion, terra, fist, phalanx",0.6293168067932129
Jebez Aug,0.00022783083219645296,0.00023442715638664137,1,16,"primarch, legion, angels, terra, caliban",0.5693316459655762
Leeta Tang,0.0,4.8812633334746964e-05,23,18,"warband, legion, scythes, tearers, sorcerer",0.49120044708251953
Baelor,0.0,0.0002552900064175252,37,16,"primarch, legion, angels, terra, caliban",0.6450767517089844
Tarn,0.0,0.00017159168661153498,38,27,"knights, grey, brotherhood, armageddon, primarch",0.4632059335708618
Sa'ra'am,0.0,0.00036861864391211924,45,26,"tzeentch, nurgle, khorne, slaanesh, angels",0.5685796737670898
Leodrakk,0.0,7.909254973230028e-05,22,2,"salamanders, legion, primarch, chaplain, massacre",0.7017942070960999
Slaydo,0.0003640388371233474,0.003692629516546404,5,8,"legion, primarch, terra, m30, angels",0.5791425108909607
Sharden Nour,0.0,4.8812633334746964e-05,8,12,"cadian, regiment, general, legion, cadia",0.5114296674728394
Aun'Do,0.0,0.00011024025989851595,10,1,"sisters, sororitas, canoness, sister, adepta",0.4921046495437622
Kvelter,0.0,0.0007957447743801001,12,12,"cadian, regiment, general, legion, cadia",0.8884345889091492
Garond,0.0,4.8812633334746964e-05,5,5,"tanith, regiment, trooper, colonel, commissar",0.5493510961532593
Borok,0.0,4.8812633334746964e-05,42,9,"legion, eaters, warband, khorne, dreadnought",0.6431215405464172
Ennedreth,0.0,0.00011480794317669306,37,16,"primarch, legion, angels, terra, caliban",0.7715656757354736
Vultius,0.0,0.00021491033889761566,38,24,"legion, regiment, general, colonel, worlds",
Ezekyle Abaddon,0.019613735562265807,0.002407561015105585,45,8,"legion, primarch, terra, m30, angels",0.4856513440608978
Vassago,1.8807250048723447e-06,0.00019405227710294406,37,15,"angels, legion, caliban, chaplain, sergeant",0.5023432970046997
Rho-mu 31,0.0,4.8812633334746964e-05,46,0,"legion, council, massacre, 220px, isstvan",0.3502238094806671
Hail of Silence,0.0,4.8812633334746964e-05,7,23,"thousand, wolves, legion, prospero, sorcerer",0.4944085478782654
Severin Drask,0.0,0.0006608930064500649,36,18,"warband, legion, scythes, tearers, sorcerer",0.6494177579879761
Markos Lukion,0.0,0.00012426115440898898,38,25,"templars, marshal, armageddon, orks, dreadnought",
Hapshant,0.0,0.0003981479955106378,25,7,"ordo, retinue, xenos, malleus, inquisition",0.5643247365951538
Barthusa Narek,0.0004721482460032852,0.0007009453271140161,22,8,"legion, primarch, terra, m30, angels",0.5200908780097961
Obel,0.0,4.8812633334746964e-05,5,5,"tanith, regiment, trooper, colonel, commissar",0.6310604810714722
Heart of Blood,5.142197502361214e-07,0.0002741490421249163,9,26,"tzeentch, nurgle, khorne, slaanesh, angels",0.5177350640296936
Duremis,0.0,0.00019523753814400743,37,15,"angels, legion, caliban, chaplain, sergeant",1.0
Khantak Khan,0.0,0.00013375526598250633,10,28,"scars, white, legion, brotherhood, garmon",0.5162153244018555
Cown,0.0,8.491117128625524e-05,5,5,"tanith, regiment, trooper, colonel, commissar",0.6661165952682495
Bulle,0.0,4.8812633334746964e-05,1,13,"ultramarines, calth, bearers, macragge, sergeant",0.5024677515029907
Farant,0.0,4.8812633334746964e-05,5,24,"legion, regiment, general, colonel, worlds",0.4439536929130554
Vincius,0.0,0.0006745881062643123,10,13,"ultramarines, calth, bearers, macragge, sergeant",0.7990615367889404
Holgher,0.00022783083219645296,0.0003372443281968437,6,22,"terra, lords, ecclesiarchy, admiral, indomitus",0.5684604644775391
Ravasch Cario,2.0580826089803575e-06,0.00011707066229731492,23,18,"warband, legion, scythes, tearers, sorcerer",0.6192237734794617
Hieronyma,0.00022783083219645296,0.00017585066879142653,45,3,"mechanicum, mars, mechanicus, fabricator, tech",0.45656388998031616
Yx,0.0,0.00013805444898212842,17,7,"ordo, retinue, xenos, malleus, inquisition",0.5086936950683594
Peloris,0.0,4.8812633334746964e-05,21,15,"angels, legion, caliban, chaplain, sergeant",0.44632354378700256
Xin-Myang Khan,0.0,7.909254973230028e-05,42,28,"scars, white, legion, brotherhood, garmon",0.6018543839454651
Lief,0.0,7.274401626824753e-05,12,12,"cadian, regiment, general, legion, cadia",0.7566674947738647
Cyar Helmawr,0.0021869031377899045,0.00021752683805187573,35,14,"necromunda, dynasty, house, necron, bounty",0.556431233882904
Fayde Thuring,7.953620322952639e-06,0.000288934669870585,25,7,"ordo, retinue, xenos, malleus, inquisition",0.47714099287986755
Typhus,0.010826031905775265,0.0029773491928280493,23,8,"legion, primarch, terra, m30, angels",0.571778416633606
Cloud Runner,2.7285129604365623e-06,0.00025485291228716375,7,15,"angels, legion, caliban, chaplain, sergeant",0.46826791763305664
Meleriex,0.0,4.8812633334746964e-05,10,24,"legion, regiment, general, colonel, worlds",0.3921355605125427
Skaldir Ironfang,0.0,0.00015175578527917822,40,6,"wolves, fenris, pack, priest, prospero",0.6315454840660095
Aquila (Dark Angels),0.00040358294503164055,0.0008722761422521933,7,12,"cadian, regiment, general, legion, cadia",0.533715009689331
Obryk,0.0,4.8812633334746964e-05,9,24,"legion, regiment, general, colonel, worlds",0.5413370132446289
Vorsch (Word Bearers),0.0,4.8812633334746964e-05,38,24,"legion, regiment, general, colonel, worlds",0.5934121012687683
Ishcarion,0.0,8.491117128625524e-05,36,10,"fists, legion, terra, fist, phalanx",0.7787968516349792
Fel Zharost,0.0007158209924960429,0.00027393202687290435,37,8,"legion, primarch, terra, m30, angels",0.5923929810523987
Tarkus,0.0,4.8812633334746964e-05,26,13,"ultramarines, calth, bearers, macragge, sergeant",0.5285168886184692
Saleos,0.0,4.8812633334746964e-05,21,15,"angels, legion, caliban, chaplain, sergeant",0.5896188616752625
Gasto,0.0,0.0003482306072555974,38,12,"cadian, regiment, general, legion, cadia",0.6259110569953918
Saul Tarvitz,0.0004965182693314142,0.000715882720034427,1,8,"legion, primarch, terra, m30, angels",0.6289291381835938
Severus XIII,0.0,0.00010911045001897253,38,22,"terra, lords, ecclesiarchy, admiral, indomitus",0.4910656213760376
Nordas Vyre,0.0,8.254866599398554e-05,42,24,"legion, regiment, general, colonel, worlds",0.8298172950744629
Ashpharim Dhey,0.0,4.8812633334746964e-05,40,26,"tzeentch, nurgle, khorne, slaanesh, angels",0.4732148349285126
Colm Corbec,0.005473706085664139,0.0018428808550207912,5,5,"tanith, regiment, trooper, colonel, commissar",0.5140892863273621
Hazon Dak'ir,1.7053206002728515e-06,0.00033291322960737093,22,2,"salamanders, legion, primarch, chaplain, massacre",0.6692861318588257
Leman Russ (Primarch),0.014668790717027548,0.007463020728228917,40,8,"legion, primarch, terra, m30, angels",0.6352875232696533
Maldovar Colquan,0.0,0.00011900255159791247,32,19,"custodes, terra, companions, shield, vengeful",0.521389901638031
Eothrus,0.0,8.155764938780181e-05,40,16,"primarch, legion, angels, terra, caliban",0.5857840180397034
Holzer,0.0,6.956273588508804e-05,6,0,"legion, council, massacre, 220px, isstvan",0.579186201095581
Isaia Bendikt,0.0,0.000181239822663194,13,12,"cadian, regiment, general, legion, cadia",0.6582834124565125
Katarinya Greyfax,0.0,0.00015119358612168953,38,7,"ordo, retinue, xenos, malleus, inquisition",0.4833456575870514
Excoriator (Chaos Champion),0.0,0.00014157700102639407,42,18,"warband, legion, scythes, tearers, sorcerer",0.7076672315597534
Goran Vuke,0.0,4.8812633334746964e-05,9,16,"primarch, legion, angels, terra, caliban",0.6251340508460999
Banes,0.0,6.811730941704556e-05,30,24,"legion, regiment, general, colonel, worlds",0.6454344391822815
Dominus (Magos Biologis),0.00022783083219645296,0.0006208845247073968,38,7,"ordo, retinue, xenos, malleus, inquisition",0.8505656719207764
Itumade Grasticus,0.00022783083219645296,0.00042556862238996295,5,24,"legion, regiment, general, colonel, worlds",0.6922999620437622
Sagittarus Malacque,0.0,4.8812633334746964e-05,45,9,"legion, eaters, warband, khorne, dreadnought",0.35867881774902344
Jorundur Erak Kaerlborn,0.0,4.8812633334746964e-05,40,6,"wolves, fenris, pack, priest, prospero",0.5153602957725525
Galeo (Grey Knight),8.025038118931066e-08,0.0001238574105701623,42,27,"knights, grey, brotherhood, armageddon, primarch",0.4094966650009155
Artolun,0.0,4.8812633334746964e-05,45,10,"fists, legion, terra, fist, phalanx",0.5137780904769897
Yarron Thayl,0.0,4.8812633334746964e-05,23,18,"warband, legion, scythes, tearers, sorcerer",0.6449065208435059
Shalaxi Helbane,0.0005218786396516646,0.00039846047246957947,49,26,"tzeentch, nurgle, khorne, slaanesh, angels",0.5234780311584473
Timur Gantulga,0.0,0.0002620362169902972,22,28,"scars, white, legion, brotherhood, garmon",0.6723595857620239
Taurid,0.0,0.0001244903788714867,34,19,"custodes, terra, companions, shield, vengeful",0.9291074275970459
Gaius Aquilius,0.0,0.0001259717051132805,38,22,"terra, lords, ecclesiarchy, admiral, indomitus",0.47711673378944397
Bodvar Bjarki,0.0018962656667330198,0.0004112926630159901,22,6,"wolves, fenris, pack, priest, prospero",0.5783740282058716
Roj,0.0,0.00020499182956196143,30,11,"farsight, house, trader, rogue, knights",0.28525304794311523
Radfael,0.0,4.8812633334746964e-05,33,15,"angels, legion, caliban, chaplain, sergeant",0.6600034236907959
Jaurmag,0.0,8.302477300094042e-05,40,6,"wolves, fenris, pack, priest, prospero",0.4626353085041046
Vorain,0.0,0.00022846477304641068,40,6,"wolves, fenris, pack, priest, prospero",0.6082552671432495
Magnus,0.0,4.8812633334746964e-05,22,8,"legion, primarch, terra, m30, angels",0.5753180384635925
Aster Crohne,0.0010941909951166827,0.0001914993211553112,21,15,"angels, legion, caliban, chaplain, sergeant",0.5879554748535156
Guain,0.0006945985060868036,0.00016850279916268504,37,16,"primarch, legion, angels, terra, caliban",0.6137484908103943
Ta'lab Vita-37,0.0004570259208731242,0.00018231657914528495,1,3,"mechanicum, mars, mechanicus, fabricator, tech",0.6768208146095276
Aldrad,0.0,4.8812633334746964e-05,13,12,"cadian, regiment, general, legion, cadia",0.6519570350646973
Delvarus,0.0,7.72044771701036e-05,42,8,"legion, primarch, terra, m30, angels",0.5844298005104065
Rakel,0.0,0.00013945199996294287,16,7,"ordo, retinue, xenos, malleus, inquisition",0.43864011764526367
Sabrina,0.0,0.00015995898453278752,38,1,"sisters, sororitas, canoness, sister, adepta",0.585647463798523
Autarthix-Cent,0.0,4.8812633334746964e-05,1,3,"mechanicum, mars, mechanicus, fabricator, tech",0.2983124256134033
Thaddeus (Blood Ravens),0.0,0.00017665448619132263,26,13,"ultramarines, calth, bearers, macragge, sergeant",0.4257441461086273
Az'mekh,0.0,4.8812633334746964e-05,40,23,"thousand, wolves, legion, prospero, sorcerer",0.41323450207710266
Bale (Chaos Lord),0.0,0.0004900461487798162,26,17,"ravens, eldar, seed, tau, legion",0.6987826228141785
Rhodaan,0.0,8.742198549934415e-05,40,0,"legion, council, massacre, 220px, isstvan",0.49175119400024414
Anchise,0.0009113233287858119,0.00010049179130052616,38,24,"legion, regiment, general, colonel, worlds",0.8758827447891235
Odi Sartak,0.0013669849931787178,0.00022427303345901265,1,12,"cadian, regiment, general, legion, cadia",0.6476193070411682
Kurtiz Mannheim,1.1839797310465795e-05,0.0002112890048898958,6,13,"ultramarines, calth, bearers, macragge, sergeant",0.5029311180114746
Irillyth,0.0,0.000221585369758725,49,21,"eldar, craftworld, iyanden, ynnari, commorragh",0.5134321451187134
Orikan,0.0007295613511284756,0.0002238552922685332,32,14,"necromunda, dynasty, house, necron, bounty",0.5411024689674377
Kvalnir Silverclaw,0.0,0.00010950277585214788,40,6,"wolves, fenris, pack, priest, prospero",0.5702056884765625
Nemedeus,0.0,4.8812633334746964e-05,36,15,"angels, legion, caliban, chaplain, sergeant",0.6214590072631836
Hektor (Captain),0.0,4.8812633334746964e-05,45,13,"ultramarines, calth, bearers, macragge, sergeant",0.6387377381324768
Valossian Sythrac,0.0006828137961293507,0.00026480061448647704,49,22,"terra, lords, ecclesiarchy, admiral, indomitus",0.49327754974365234
Sefoni,0.0,0.00023218596850322487,15,7,"ordo, retinue, xenos, malleus, inquisition",0.5780437588691711
Emek,0.0,0.00010529769460097363,22,2,"salamanders, legion, primarch, chaplain, massacre",0.6453084349632263
Cranach,0.0009113233287858119,0.00044062088012778594,17,10,"fists, legion, terra, fist, phalanx",0.7182372808456421
Lyrion Vorn-Keats,0.0,8.742198549934415e-05,12,24,"legion, regiment, general, colonel, worlds",0.6371240615844727
Bran Redmaw,0.0,0.00041628917371251147,40,6,"wolves, fenris, pack, priest, prospero",0.4992902874946594
Judd Clausel,0.0,6.515350206272831e-05,9,13,"ultramarines, calth, bearers, macragge, sergeant",0.6112443208694458
Yehoel,0.0,6.811730941704556e-05,7,15,"angels, legion, caliban, chaplain, sergeant",0.7623435258865356
Bjarni Arvisson,0.0,6.628823892961456e-05,40,6,"wolves, fenris, pack, priest, prospero",0.6263783574104309
Vandred Anrathi,0.0026045041429543997,0.0002905782668380894,37,18,"warband, legion, scythes, tearers, sorcerer",0.43922218680381775
D'onne Ulanti,0.0,0.00011678187306697488,35,1,"sisters, sororitas, canoness, sister, adepta",
Camille Shivani,9.833679587747456e-06,0.00020891952419935998,22,8,"legion, primarch, terra, m30, angels",0.6073779463768005
Tallin,0.0,0.00015615354430413507,20,3,"mechanicum, mars, mechanicus, fabricator, tech",0.7306298613548279
Briseis Ligeia,0.0,0.00012415356255856148,48,7,"ordo, retinue, xenos, malleus, inquisition",0.6366159915924072
Akanabekh,0.0,6.264603503497435e-05,1,14,"necromunda, dynasty, house, necron, bounty",0.4508785307407379
Cambrius,0.0,7.122810319502e-05,40,22,"terra, lords, ecclesiarchy, admiral, indomitus",0.7145004272460938
Juljak Nul,0.0,5.092934143936653e-05,45,9,"legion, eaters, warband, khorne, dreadnought",0.4833762049674988
Karhedron,0.00022783083219645296,0.0005471640036458973,49,21,"eldar, craftworld, iyanden, ynnari, commorragh",0.6112667322158813
Derin,0.0,4.8812633334746964e-05,5,5,"tanith, regiment, trooper, colonel, commissar",0.5358926653862
Puriel (Supreme Grand Master),3.410641200545703e-06,0.00010362687037298386,37,15,"angels, legion, caliban, chaplain, sergeant",0.6286611557006836
Torghun Khan,0.0008076925217358679,0.0006769273779330621,23,28,"scars, white, legion, brotherhood, garmon",0.6221698522567749
Palmiro,0.0,4.8812633334746964e-05,33,1,"sisters, sororitas, canoness, sister, adepta",0.6696866154670715
Korlael,0.0,0.00017758578115993675,37,25,"templars, marshal, armageddon, orks, dreadnought",0.42846864461898804
Loriman,0.0,0.0003822461454719076,26,15,"angels, legion, caliban, chaplain, sergeant",0.7283563613891602
Liminon,0.0,4.8812633334746964e-05,42,27,"knights, grey, brotherhood, armageddon, primarch",0.6359890699386597
Vaddon,0.0,6.707218123508805e-05,45,16,"primarch, legion, angels, terra, caliban",0.4414585530757904
Aun'Vre,0.0,0.00013076785315265283,7,11,"farsight, house, trader, rogue, knights",0.5313799977302551
Sar Fareth,0.0,4.8812633334746964e-05,38,25,"templars, marshal, armageddon, orks, dreadnought",0.4612047076225281
Simeon Rasp,0.0,0.00012403956876589256,6,11,"farsight, house, trader, rogue, knights",0.4426344633102417
Decius Krassus,0.0,0.00015240454510121056,12,12,"cadian, regiment, general, legion, cadia",0.5976513624191284
Shas'O Kais (Dawn of War),0.0,0.0003157683588385475,27,17,"ravens, eldar, seed, tau, legion",0.6103948354721069
Kargir,0.0,8.410748232158464e-05,40,6,"wolves, fenris, pack, priest, prospero",0.5673014521598816
Helio Isidorus,0.0,0.00022547060525246343,22,23,"thousand, wolves, legion, prospero, sorcerer",0.6422421336174011
Xaphen,0.00010952998217270622,0.0006518488558656134,38,19,"custodes, terra, companions, shield, vengeful",0.5833858847618103
Paetrov Dysorian,0.0,0.000141596554719493,42,10,"fists, legion, terra, fist, phalanx",0.6084499955177307
Courlanth,0.0,0.0003068111809054968,31,20,"deathwatch, team, watch, sergeant, xenos",0.7719046473503113
Arjac Rockfist,0.0,7.498328288223295e-05,40,6,"wolves, fenris, pack, priest, prospero",0.6068785786628723
Khesya,0.0,4.8812633334746964e-05,1,22,"terra, lords, ecclesiarchy, admiral, indomitus",0.30593976378440857
Khanzing,0.0,4.8812633334746964e-05,17,10,"fists, legion, terra, fist, phalanx",0.39967042207717896
Pasan,0.0,0.00018450259931127616,3,20,"deathwatch, team, watch, sergeant, xenos",0.7521811127662659
Stalia von Dressen,0.0002881500520214889,9.755520623187588e-05,33,7,"ordo, retinue, xenos, malleus, inquisition",0.44382524490356445
Odrameyer,0.00022783083219645296,0.0013699137160527453,38,24,"legion, regiment, general, colonel, worlds",0.7751423716545105
Moerck,0.0,0.00011024025989851595,6,12,"cadian, regiment, general, legion, cadia",0.5222746729850769
Landry Scheer,0.0,4.8812633334746964e-05,13,22,"terra, lords, ecclesiarchy, admiral, indomitus",0.5869158506393433
Nergui,0.0,0.0002021280809897157,10,28,"scars, white, legion, brotherhood, garmon",0.6417745351791382
Lilean Chase,0.0009167653460643005,0.00010338540100562823,25,11,"farsight, house, trader, rogue, knights",0.4186246395111084
Saul,0.0,4.8812633334746964e-05,5,24,"legion, regiment, general, colonel, worlds",0.3490065336227417
Amberley Vail,0.0017210215432589236,0.0009561172070631826,16,7,"ordo, retinue, xenos, malleus, inquisition",0.47126176953315735
Vextrum,0.0,0.00010911045001897253,45,14,"necromunda, dynasty, house, necron, bounty",0.6234374046325684
Anchorite (Dreadnought),0.0,8.295735677424316e-05,23,13,"ultramarines, calth, bearers, macragge, sergeant",0.49311408400535583
Pomibius,0.0,8.434349383375852e-05,38,13,"ultramarines, calth, bearers, macragge, sergeant",0.7240376472473145
Grendl Grendlsen,0.0,0.0003556564404767625,35,14,"necromunda, dynasty, house, necron, bounty",0.739497184753418
Ares (Captain),0.0,4.8812633334746964e-05,21,15,"angels, legion, caliban, chaplain, sergeant",0.41804540157318115
Zykleiades,0.0,7.84171909101379e-05,49,11,"farsight, house, trader, rogue, knights",0.5107226967811584
Hengis Blackhand,0.0,6.1562901670665e-05,40,6,"wolves, fenris, pack, priest, prospero",0.42677992582321167
Larynz,0.0,8.491117128625524e-05,27,13,"ultramarines, calth, bearers, macragge, sergeant",0.6976033449172974
Constantin Valdor,0.01760391074860532,0.003960051477167176,45,19,"custodes, terra, companions, shield, vengeful",0.45597371459007263
Vorrjuk Kraal,0.0,9.705022371404406e-05,11,18,"warband, legion, scythes, tearers, sorcerer",
Arianhrod Esw Sweydyr,0.00011790244123770438,0.00026145066156543426,25,21,"eldar, craftworld, iyanden, ynnari, commorragh",0.4998852610588074
Skane (World Eaters),0.00023259045411160007,0.00026711879311812196,42,8,"legion, primarch, terra, m30, angels",0.6785990595817566
Cenric,0.0,0.00010659884051151645,1,25,"templars, marshal, armageddon, orks, dreadnought",0.7775522470474243
Sirae Karagon,0.0,0.00024085164130071608,7,9,"legion, eaters, warband, khorne, dreadnought",0.7510272264480591
Lycas Fyton,3.2516604399596735e-05,0.000191454827196326,45,16,"primarch, legion, angels, terra, caliban",0.6677126884460449
Myrin Stormdawn,0.0,0.000141596554719493,32,11,"farsight, house, trader, rogue, knights",0.5143720507621765
Kelkannis Evisser,0.0,4.8812633334746964e-05,48,26,"tzeentch, nurgle, khorne, slaanesh, angels",0.4405304789543152
Tolwyn Tan Draconis,4.092769440654843e-06,0.0010618470646630571,24,11,"farsight, house, trader, rogue, knights",0.7672598958015442
Srinika Ridhi,0.0,6.805040831323803e-05,45,16,"primarch, legion, angels, terra, caliban",0.4924221932888031
Lothar Ortan,0.0,8.491117128625524e-05,17,10,"fists, legion, terra, fist, phalanx",0.6174198389053345
Lucius Throde,0.0,8.419036333587006e-05,17,22,"terra, lords, ecclesiarchy, admiral, indomitus",0.5880346298217773
Navradaran,0.002256895554331903,0.0004483434798574474,17,7,"ordo, retinue, xenos, malleus, inquisition",0.5031551718711853
Tlewn Milloom,0.0,0.00011900255159791247,5,5,"tanith, regiment, trooper, colonel, commissar",0.6194313168525696
Shas'O Vior'la Shovah Kais Mont'yr,0.0,4.8812633334746964e-05,27,11,"farsight, house, trader, rogue, knights",0.5076139569282532
Ctesias,0.0008800776692360016,0.0005159918973351838,22,26,"tzeentch, nurgle, khorne, slaanesh, angels",0.5025044083595276
Alajos,0.0007089585601226987,0.00015707317439978078,37,16,"primarch, legion, angels, terra, caliban",0.5028518438339233
Jennika Tan Draconis,1.3642564802182811e-06,0.0006237204280994859,24,11,"farsight, house, trader, rogue, knights",0.647082507610321
Titus Endor,1.3642564802182811e-06,0.0003949889417797321,25,7,"ordo, retinue, xenos, malleus, inquisition",0.5224851369857788
Moefranc,0.0,7.568582105216165e-05,40,6,"wolves, fenris, pack, priest, prospero",0.5886335372924805
Zhinnon,0.0,0.00013333533946891565,9,16,"primarch, legion, angels, terra, caliban",0.6530801653862
Khemru,0.0,5.342376723482276e-05,10,18,"warband, legion, scythes, tearers, sorcerer",0.5974048972129822
Veit Morena,0.0,0.00010512212962195426,6,12,"cadian, regiment, general, legion, cadia",0.6503757238388062
Quixos,0.002798737565927205,0.0013291498555572888,25,7,"ordo, retinue, xenos, malleus, inquisition",0.5507710576057434
Zhyte,0.0,0.0004093831215014764,5,12,"cadian, regiment, general, legion, cadia",0.6645684838294983
Excrucias,0.0,0.00021138932627761984,38,18,"warband, legion, scythes, tearers, sorcerer",
Polixis,0.0,0.00017911548444918485,41,16,"primarch, legion, angels, terra, caliban",0.7465241551399231
Tenebrus,0.0034678766106783564,0.0007259574278070634,38,18,"warband, legion, scythes, tearers, sorcerer",0.5202839374542236
Kaarja Salombar,0.0011763193279210162,0.00017339234889475133,9,13,"ultramarines, calth, bearers, macragge, sergeant",0.43698710203170776
Burbethol,0.0,8.254866599398554e-05,5,24,"legion, regiment, general, colonel, worlds",0.667157769203186
Sol Ba'ken,9.890859481582539e-06,7.912184337846455e-05,22,2,"salamanders, legion, primarch, chaplain, massacre",0.5739477276802063
Morchan,0.0,0.00023140909642490088,21,20,"deathwatch, team, watch, sergeant, xenos",0.8548539280891418
Malicant (Salamanders),0.0,5.342376723482276e-05,12,2,"salamanders, legion, primarch, chaplain, massacre",0.5431676506996155
Karel Mach,0.0,4.8812633334746964e-05,1,0,"legion, council, massacre, 220px, isstvan",0.5288439989089966
Aethon Shaan,0.0032774556587603153,0.00033112893622165226,9,8,"legion, primarch, terra, m30, angels",0.518790602684021
Maximus Thane,0.0015809777877953213,0.001460545032768727,36,10,"fists, legion, terra, fist, phalanx",0.5395018458366394
Angelica,0.0,7.397498925117081e-05,38,1,"sisters, sororitas, canoness, sister, adepta",0.5291350483894348
Helenica,0.0,0.00010760280592614603,42,18,"warband, legion, scythes, tearers, sorcerer",0.7097223997116089
Danial Tan Draconis,5.4570259208731245e-06,0.0009703053870206138,24,11,"farsight, house, trader, rogue, knights",0.8398314118385315
Khoisan Neotera,0.0,9.618975122536953e-05,41,9,"legion, eaters, warband, khorne, dreadnought",0.35398954153060913
Caanok Var,0.0,0.00028823396484981646,1,0,"legion, council, massacre, 220px, isstvan",0.49460074305534363
Brannak,0.0,7.367030905791418e-05,40,6,"wolves, fenris, pack, priest, prospero",0.6157823801040649
Taec Silvereye,0.0,0.00012011147354918262,49,21,"eldar, craftworld, iyanden, ynnari, commorragh",0.5244810581207275
Hiskol,0.0,4.8812633334746964e-05,5,18,"warband, legion, scythes, tearers, sorcerer",0.6377098560333252
Holun,0.0,4.8812633334746964e-05,0,10,"fists, legion, terra, fist, phalanx",0.6370089054107666
Logun Kane,0.0,7.609915240904187e-05,35,0,"legion, council, massacre, 220px, isstvan",
Holguin,0.0005271699599831793,0.00013824852184172881,37,8,"legion, primarch, terra, m30, angels",0.6076765060424805
Geesan,0.0,0.0003471491875130172,38,25,"templars, marshal, armageddon, orks, dreadnought",0.6747900247573853
Julien,0.0,4.8812633334746964e-05,16,1,"sisters, sororitas, canoness, sister, adepta",0.5181609988212585
Yelsic,1.3642564802182811e-06,9.86987038931301e-05,46,3,"mechanicum, mars, mechanicus, fabricator, tech",0.7673358917236328
Elenritch,0.0,6.873224535250592e-05,10,12,"cadian, regiment, general, legion, cadia",0.6119418740272522
Goghur,0.0,7.64921084368828e-05,42,9,"legion, eaters, warband, khorne, dreadnought",0.5849587321281433
Emmesh-Aiye,0.0,0.0002885411111883127,23,18,"warband, legion, scythes, tearers, sorcerer",0.5465966463088989
Treganum March,0.00022783083219645296,0.00019130048380664456,38,1,"sisters, sororitas, canoness, sister, adepta",0.590915322303772
Anatolus Gdolkin,0.0,4.8812633334746964e-05,1,3,"mechanicum, mars, mechanicus, fabricator, tech",0.47794222831726074
Melias,0.0,4.8812633334746964e-05,23,28,"scars, white, legion, brotherhood, garmon",0.7025178670883179
Atanaxis,0.0011268682708459922,0.00016610446756450242,26,17,"ravens, eldar, seed, tau, legion",0.5715646147727966
Agentha,0.0,8.705968387191714e-05,7,1,"sisters, sororitas, canoness, sister, adepta",0.40145787596702576
Ur'zan Drakgaard,0.0,4.8812633334746964e-05,22,2,"salamanders, legion, primarch, chaplain, massacre",0.6187095642089844
Cyfan,0.0,0.00012037020233346053,37,23,"thousand, wolves, legion, prospero, sorcerer",0.5915449261665344
Puretide,0.0,0.00015925377905042816,27,24,"legion, regiment, general, colonel, worlds",
Jerval Sekara,0.0,4.8812633334746964e-05,16,11,"farsight, house, trader, rogue, knights",0.2561019957065582
Sylas Torq,0.0,0.00034688863037030506,36,11,"farsight, house, trader, rogue, knights",0.6386542320251465
Nicodaemus Quixos,0.0011540148119274995,0.00014361318067947264,45,27,"knights, grey, brotherhood, armageddon, primarch",0.5370267033576965
Khalia Su-Kassen Hon II,0.0,8.584282057207998e-05,37,16,"primarch, legion, angels, terra, caliban",0.6025307178497314
Michairas,0.0,6.560390698489831e-05,20,29,"drinkers, soul, fort, star, archmagos",0.6416372656822205
Haegr,0.0,6.198826402571399e-05,40,6,"wolves, fenris, pack, priest, prospero",0.47746741771698
Lemuel Gaumon,0.002153745035458759,0.0008036897705349833,22,8,"legion, primarch, terra, m30, angels",0.580263078212738
Laerthrys,0.0,4.8812633334746964e-05,40,6,"wolves, fenris, pack, priest, prospero",0.49329808354377747
Kaan,0.0,6.264603503497435e-05,21,15,"angels, legion, caliban, chaplain, sergeant",0.2221469283103943
Pella,0.0,0.00023592895880904932,40,11,"farsight, house, trader, rogue, knights",0.412591814994812
Juster,4.092769440654843e-06,0.00037780509157052204,42,20,"deathwatch, team, watch, sergeant, xenos",0.6934206485748291
Severus Agemman,0.0012957496299066146,0.0002481635613384635,9,13,"ultramarines, calth, bearers, macragge, sergeant",0.6739920377731323
Tamino Degarlos Vermelk Helmawr,1.5537365469152646e-05,0.00014651480109961773,35,14,"necromunda, dynasty, house, necron, bounty",0.5782294273376465
Szeras,0.00029604828303002046,0.00032334067564657155,32,14,"necromunda, dynasty, house, necron, bounty",0.5193109512329102
Raf Maven,1.3642564802182811e-06,8.258180414912451e-05,46,3,"mechanicum, mars, mechanicus, fabricator, tech",0.5315645933151245
Torazia Esganar,0.0,4.8812633334746964e-05,12,24,"legion, regiment, general, colonel, worlds",0.6071140170097351
Fyodor Karamazov,0.00012717389263974354,0.00017163123501915396,38,7,"ordo, retinue, xenos, malleus, inquisition",0.4583401381969452
Var Jahan,0.0,4.8812633334746964e-05,37,15,"angels, legion, caliban, chaplain, sergeant",0.6295708417892456
Sentor Jool,0.0,4.8812633334746964e-05,21,9,"legion, eaters, warband, khorne, dreadnought",0.3532562851905823
Vordkin,0.0,4.8812633334746964e-05,23,12,"cadian, regiment, general, legion, cadia",0.5824459791183472
Hellas Sycar,0.00046217109221338953,0.0005462052377794427,45,19,"custodes, terra, companions, shield, vengeful",0.4969788193702698
Kaminska,0.0,0.00011378044461306931,45,13,"ultramarines, calth, bearers, macragge, sergeant",0.6823452711105347
Szarekh,0.0037213928050355513,0.0014785711998017961,32,14,"necromunda, dynasty, house, necron, bounty",0.5321552157402039
Vykus Skayle,1.0914051841746249e-05,9.682070044854714e-05,40,18,"warband, legion, scythes, tearers, sorcerer",0.47481030225753784
Vranak,0.0,0.00014855040016296101,40,21,"eldar, craftworld, iyanden, ynnari, commorragh",0.3869732618331909
Ibram Gaunt,0.02137726088498546,0.005268998798588669,5,5,"tanith, regiment, trooper, colonel, commissar",0.5526509881019592
Eater of Lives,0.0,0.00015767158277685828,23,26,"tzeentch, nurgle, khorne, slaanesh, angels",0.5786053538322449
Atok Abidemi,0.00015647966946556963,0.00042390875392151,22,2,"salamanders, legion, primarch, chaplain, massacre",0.6806492805480957
Alentar,0.0,9.588626189811704e-05,17,10,"fists, legion, terra, fist, phalanx",0.7228493690490723
Antonus Antwark,0.0,7.122810319502e-05,38,13,"ultramarines, calth, bearers, macragge, sergeant",0.6002574563026428
Gillia Masozi,0.0,4.8812633334746964e-05,15,11,"farsight, house, trader, rogue, knights",0.4031311869621277
Hektor Varvarus,0.0,5.696000802777423e-05,45,12,"cadian, regiment, general, legion, cadia",0.5808507800102234
Seumas,0.0,0.0001356389933289148,9,20,"deathwatch, team, watch, sergeant, xenos",0.7571573853492737
Hester (House Cawdor),0.0,0.000141596554719493,45,14,"necromunda, dynasty, house, necron, bounty",0.60613614320755
Leonid Rostov,0.0005085111739102189,0.0001547113503025988,38,7,"ordo, retinue, xenos, malleus, inquisition",0.43102362751960754
Balthazar (Knight),0.0,0.000141596554719493,10,11,"farsight, house, trader, rogue, knights",0.5221881866455078
Gaumata,0.0,7.863340462567409e-05,22,23,"thousand, wolves, legion, prospero, sorcerer",0.5534231662750244
Talia Karsk,0.0,5.7112674354883395e-05,17,10,"fists, legion, terra, fist, phalanx",0.45287132263183594
Merek Grimaldus,0.00605965471562974,0.0007492408747242396,6,25,"templars, marshal, armageddon, orks, dreadnought",0.4678838849067688
Khoradal Furio,0.0,4.8812633334746964e-05,21,15,"angels, legion, caliban, chaplain, sergeant",0.5419234037399292
Erastus Lamertine,0.0004556616643929059,0.0005741317057206153,38,11,"farsight, house, trader, rogue, knights",0.6030574440956116
Haz'thur,0.0,6.298166793919846e-05,37,18,"warband, legion, scythes, tearers, sorcerer",0.5369563102722168
Massimo Ricci,0.0,0.00011914645081203069,25,7,"ordo, retinue, xenos, malleus, inquisition",0.6532065868377686
Khal'guruth,0.0,0.00014855040016296101,42,18,"warband, legion, scythes, tearers, sorcerer",0.6957082748413086
Notha Etassay,9.146330970533652e-05,0.00014312559980987394,9,18,"warband, legion, scythes, tearers, sorcerer",0.5794752836227417
Virgil Ortega,0.0,0.000141596554719493,9,24,"legion, regiment, general, colonel, worlds",0.6172651648521423
Hrafl Skarvjelsson,0.0,5.1253821870081206e-05,40,6,"wolves, fenris, pack, priest, prospero",0.537651002407074
Kergis,0.00022646657571623468,0.00014240839389193248,10,28,"scars, white, legion, brotherhood, garmon",0.6280622482299805
Drenn Redblade,0.0,0.000141596554719493,40,20,"deathwatch, team, watch, sergeant, xenos",0.5962822437286377
Mykola Shonai,1.7866581463943453e-06,0.00020565253886415755,9,22,"terra, lords, ecclesiarchy, admiral, indomitus",0.36502477526664734
Obax Zakayo,0.0,4.8812633334746964e-05,9,18,"warband, legion, scythes, tearers, sorcerer",0.5992330312728882
Mordant Hex,0.0,0.0001231751628374498,40,23,"thousand, wolves, legion, prospero, sorcerer",0.30443233251571655
Lucia,0.0,0.00020679481947745174,33,1,"sisters, sororitas, canoness, sister, adepta",0.622867226600647
Constantine (Dark Angels),0.0,0.00010176575033338562,37,15,"angels, legion, caliban, chaplain, sergeant",0.593776524066925
Kaliell,0.0,0.00010911045001897253,5,24,"legion, regiment, general, colonel, worlds",0.42422008514404297
Uzthizarr,0.0,6.206106244818009e-05,40,23,"thousand, wolves, legion, prospero, sorcerer",0.682213544845581
Herek,0.0,4.8812633334746964e-05,5,5,"tanith, regiment, trooper, colonel, commissar",0.6553170680999756
Friedisch Adum Silip Qvo,0.00684484930116335,0.00040861436589255726,38,3,"mechanicum, mars, mechanicus, fabricator, tech",0.4988473355770111
Vulkan He'stan,0.0009045020463847203,0.00019341344182313908,22,2,"salamanders, legion, primarch, chaplain, massacre",0.6168624758720398
Harrad,1.3642564802182811e-06,0.00010381472120629734,40,15,"angels, legion, caliban, chaplain, sergeant",0.5068546533584595
Martellus,0.0,0.00018120006679251126,26,17,"ravens, eldar, seed, tau, legion",0.5701211094856262
Bledheim,0.0,8.263764180681501e-05,10,7,"ordo, retinue, xenos, malleus, inquisition",
Phrastorex,0.0006834924965893589,0.00019992755290729924,38,24,"legion, regiment, general, colonel, worlds",0.7448524832725525
Belial,0.0007436471324345915,0.0007786539909571022,7,8,"legion, primarch, terra, m30, angels",0.44412532448768616
Harek Ironhelm,0.00022783083219645296,0.0004988515104148482,40,23,"thousand, wolves, legion, prospero, sorcerer",0.42930009961128235
Tobeld,0.0002575670641233895,0.0002619334997025917,45,22,"terra, lords, ecclesiarchy, admiral, indomitus",0.473469614982605
Khargiel,0.0,8.491117128625524e-05,49,21,"eldar, craftworld, iyanden, ynnari, commorragh",0.4805207848548889
Maloghurst,0.0017359823597929965,0.0012096352786119431,45,8,"legion, primarch, terra, m30, angels",0.5395129323005676
Lijah Cuu,0.0005816798735383352,0.00048445783431386234,5,5,"tanith, regiment, trooper, colonel, commissar",0.514857292175293
Illith,0.0,7.368728611353861e-05,10,21,"eldar, craftworld, iyanden, ynnari, commorragh",0.44896021485328674
Hajjin,0.0,4.8812633334746964e-05,21,15,"angels, legion, caliban, chaplain, sergeant",0.5202801823616028
Ingvar Orm Eversson,4.092769440654843e-06,0.00019993665549694265,40,6,"wolves, fenris, pack, priest, prospero",0.564903974533081
Grell,8.533807226337678e-06,8.060991556267392e-05,5,5,"tanith, regiment, trooper, colonel, commissar",0.6268212199211121
Uwoma Kandawire,0.0,0.0007195699771704214,45,22,"terra, lords, ecclesiarchy, admiral, indomitus",0.3635203242301941
Xi-Nu 73,0.0,6.956273588508804e-05,38,19,"custodes, terra, companions, shield, vengeful",0.4831376373767853
Livara,0.0,8.027002627549624e-05,5,5,"tanith, regiment, trooper, colonel, commissar",0.721057116985321
Cantus Maxim Gloria,0.0,0.00025896184812328855,6,25,"templars, marshal, armageddon, orks, dreadnought",0.6775892376899719
Tirian,0.0,7.859893128712589e-05,9,13,"ultramarines, calth, bearers, macragge, sergeant",0.6721434593200684
Pontius Glaw,0.0004895290698541679,0.000827435327199475,25,23,"thousand, wolves, legion, prospero, sorcerer",0.47582095861434937
Pengallia Helmawr,2.7285129604365623e-06,0.0003498656571860317,35,14,"necromunda, dynasty, house, necron, bounty",0.8931668400764465
Troor,0.0,8.491117128625524e-05,5,4,"vervunhive, tanith, regiment, commissar, colonel",0.8141094446182251
Jeza Helmawr,4.623313627406397e-06,0.00014651480109961773,35,14,"necromunda, dynasty, house, necron, bounty",0.7190795540809631
Oswyck,0.0,0.00011276716446336603,38,25,"templars, marshal, armageddon, orks, dreadnought",0.8586127161979675
Sha Aux'Phan,0.0,0.00010129730349540203,10,15,"angels, legion, caliban, chaplain, sergeant",0.5205461978912354
Egil Iron Wolf,0.0023778325471273207,0.0008098210993000294,40,6,"wolves, fenris, pack, priest, prospero",0.5519613027572632
Hellick Mauer,0.0006477543704884179,0.0004336942154881542,45,18,"warband, legion, scythes, tearers, sorcerer",0.4573568105697632
Abdemon,0.0,5.092934143936653e-05,1,24,"legion, regiment, general, colonel, worlds",0.3926398754119873
Huntmaster (Deathmark),0.0,4.8812633334746964e-05,1,14,"necromunda, dynasty, house, necron, bounty",0.6812521815299988
Brochuss,0.0,9.15368987463571e-05,5,5,"tanith, regiment, trooper, colonel, commissar",0.6860998868942261
Hamadrya,0.0,8.300716016584493e-05,37,21,"eldar, craftworld, iyanden, ynnari, commorragh",
Artemos,0.0,8.491117128625524e-05,21,15,"angels, legion, caliban, chaplain, sergeant",0.7639279365539551
Jotunn,0.0,0.00011276716446336603,10,6,"wolves, fenris, pack, priest, prospero",0.6438431143760681
Kartar Helmawr,0.0,0.0003006862904463123,35,14,"necromunda, dynasty, house, necron, bounty",0.9255296587944031
Germaine Macks,0.0,0.001027837598214724,25,21,"eldar, craftworld, iyanden, ynnari, commorragh",0.9310605525970459
Bhesir,0.0,4.8812633334746964e-05,47,9,"legion, eaters, warband, khorne, dreadnought",0.7242501378059387
Vor'hakk,0.0,0.00020841056970258648,40,6,"wolves, fenris, pack, priest, prospero",0.491197407245636
Unnas,0.0,0.0003847028542024893,32,9,"legion, eaters, warband, khorne, dreadnought",0.6421577334403992
Vincente Sixx,0.00034174624829467944,0.00012077189854341696,8,17,"ravens, eldar, seed, tau, legion",0.5874953269958496
Sh'kira,0.0,0.000141596554719493,49,21,"eldar, craftworld, iyanden, ynnari, commorragh",0.6149333715438843
Hekaton (Sergeant),0.0004556616643929059,0.0002558801879196333,22,24,"legion, regiment, general, colonel, worlds",0.7290875911712646
Agnes,0.0,7.122810319502e-05,33,1,"sisters, sororitas, canoness, sister, adepta",0.5641254186630249
Morgax Murnau,0.0,0.000141596554719493,23,20,"deathwatch, team, watch, sergeant, xenos",0.5361321568489075
Harjeon,0.0,4.8812633334746964e-05,5,5,"tanith, regiment, trooper, colonel, commissar",0.6359635591506958
Valgard Twice-Slain,0.0,0.0017624167651442957,40,6,"wolves, fenris, pack, priest, prospero",0.8544406890869141
Leopold Cronus,0.0,7.451089016077199e-05,46,3,"mechanicum, mars, mechanicus, fabricator, tech",0.632325291633606
Tidominus,0.0,4.8812633334746964e-05,38,24,"legion, regiment, general, colonel, worlds",0.4754161536693573
Ferrous Ironclaw,0.0,4.8812633334746964e-05,9,9,"legion, eaters, warband, khorne, dreadnought",0.40902847051620483
Julius Vogen,0.0011221890207557897,0.00019550423386392198,17,10,"fists, legion, terra, fist, phalanx",0.7674400210380554
Carrigan Nos,0.0,8.843583485961402e-05,36,18,"warband, legion, scythes, tearers, sorcerer",0.7636393904685974
Kelve,0.0,7.22466269801249e-05,5,5,"tanith, regiment, trooper, colonel, commissar",0.8422436118125916
Phoenix Lord,0.0017836146273788455,0.0023329129257305017,49,21,"eldar, craftworld, iyanden, ynnari, commorragh",0.5429595708847046
Nomus Rhy'tan,0.0,7.836201993712691e-05,22,2,"salamanders, legion, primarch, chaplain, massacre",0.6032967567443848
Jain Zar,0.002820511963796309,0.001381881525848815,49,21,"eldar, craftworld, iyanden, ynnari, commorragh",0.5223724842071533
Amalrich,0.0024746053825942527,0.0007657278465738983,6,25,"templars, marshal, armageddon, orks, dreadnought",0.6942780017852783
Cotea,0.0,8.491117128625524e-05,6,25,"templars, marshal, armageddon, orks, dreadnought",0.7950739860534668
Forgal,0.0004556616643929059,9.937891034007926e-05,5,5,"tanith, regiment, trooper, colonel, commissar",0.4880100190639496
Am-heht,1.3642564802182811e-06,0.00029597237875771067,32,14,"necromunda, dynasty, house, necron, bounty",0.8226782083511353
Julius Zenobi,0.0,4.8812633334746964e-05,33,15,"angels, legion, caliban, chaplain, sergeant",0.6285734176635742
Quater Traves,0.0,4.8812633334746964e-05,25,18,"warband, legion, scythes, tearers, sorcerer",0.5934843420982361
Borz (Fallen Angel),0.000909047282798714,0.0003214073471246077,37,16,"primarch, legion, angels, terra, caliban",0.8129366040229797
Hargaal Xere,0.0,0.0006237572778020404,10,18,"warband, legion, scythes, tearers, sorcerer",0.710980236530304
Sha’ko’vash,0.0,4.8812633334746964e-05,27,9,"legion, eaters, warband, khorne, dreadnought",0.5102615356445312
Lygris,0.0,4.8812633334746964e-05,20,29,"drinkers, soul, fort, star, archmagos",0.6933968663215637
Shortsword,0.0,0.00033215540311298493,48,3,"mechanicum, mars, mechanicus, fabricator, tech",0.8734035491943359
Damaris,0.0,7.122810319502e-05,14,15,"angels, legion, caliban, chaplain, sergeant",0.7151280045509338
Sentikan,0.0,7.226207122073712e-05,21,15,"angels, legion, caliban, chaplain, sergeant",0.41513341665267944
Shas'O Monat Kais,1.3642564802182811e-06,0.00023979292235366698,27,8,"legion, primarch, terra, m30, angels",0.5181614756584167
Maugan Ra,0.0011331555157412796,0.0005525799858379522,49,21,"eldar, craftworld, iyanden, ynnari, commorragh",0.6105184555053711
Bedaris Hyrus,0.0,0.00023337032622268572,18,12,"cadian, regiment, general, legion, cadia",0.7436182498931885
Vort (Terminator),0.0,0.00011153182637245754,23,2,"salamanders, legion, primarch, chaplain, massacre",0.6768456697463989
Graeyl Herek,0.0023528282613613774,0.00024089867420735818,38,18,"warband, legion, scythes, tearers, sorcerer",0.5057618021965027
Proteus,0.0,9.909174303998757e-05,27,13,"ultramarines, calth, bearers, macragge, sergeant",0.584052324295044
Arabella,8.185538881309686e-06,0.00032682952852943446,33,1,"sisters, sororitas, canoness, sister, adepta",0.5796840786933899
Pelon,0.0,4.8812633334746964e-05,8,24,"legion, regiment, general, colonel, worlds",0.48445260524749756
Gren Vosotho,0.0,0.0001289034232350316,38,13,"ultramarines, calth, bearers, macragge, sergeant",0.6555145978927612
Kardan Stronos,0.0011380229935489179,0.00011921759827921924,1,0,"legion, council, massacre, 220px, isstvan",0.45559433102607727
Xhokol Hruvak,5.081127040415102e-05,0.00013825107434563882,38,6,"wolves, fenris, pack, priest, prospero",0.38264909386634827
Breccia,0.0,4.8812633334746964e-05,5,18,"warband, legion, scythes, tearers, sorcerer",0.6324951648712158
Euclydeas,0.0,4.8812633334746964e-05,22,29,"drinkers, soul, fort, star, archmagos",0.34249743819236755
Rhamah,0.0,0.00012564047860902285,26,17,"ravens, eldar, seed, tau, legion",0.5443612337112427
Vheren Ashurhaddon,0.0,5.630758619077352e-05,40,8,"legion, primarch, terra, m30, angels",0.5638764500617981
Eorloid,0.0,6.956273588508804e-05,38,22,"terra, lords, ecclesiarchy, admiral, indomitus",0.47599828243255615
Araghast,0.0,9.936523265989421e-05,26,9,"legion, eaters, warband, khorne, dreadnought",0.5692337155342102
Cel Herec,0.0,0.0001186401722350836,37,24,"legion, regiment, general, colonel, worlds",0.7244036793708801
Amurael,1.582415666537073e-05,0.00043091057162028144,45,18,"warband, legion, scythes, tearers, sorcerer",0.43697845935821533
Thandamell,0.0,0.0001078737049342058,37,24,"legion, regiment, general, colonel, worlds",0.632810652256012
Golgenna Angevin,0.0,9.03128384354291e-05,38,22,"terra, lords, ecclesiarchy, admiral, indomitus",0.4225160479545593
Etrodai,0.0,4.8812633334746964e-05,5,26,"tzeentch, nurgle, khorne, slaanesh, angels",0.4070427119731903
Amadeus (Dreadnought),0.0,6.264603503497435e-05,22,2,"salamanders, legion, primarch, chaplain, massacre",0.5640779733657837
Wretched Prince,0.0,4.8812633334746964e-05,38,18,"warband, legion, scythes, tearers, sorcerer",0.5038473606109619
Andronicus (Techmarine),0.0,0.0002263834996273445,1,13,"ultramarines, calth, bearers, macragge, sergeant",
Thuselah Illsandor,0.0,0.0001644638618988524,39,22,"terra, lords, ecclesiarchy, admiral, indomitus",0.7610189318656921
Cisky,0.0,4.8812633334746964e-05,5,5,"tanith, regiment, trooper, colonel, commissar",0.6333524584770203
Metaurus,0.0,0.00024277337185795564,9,13,"ultramarines, calth, bearers, macragge, sergeant",0.6511672139167786
Alvaro,0.0,0.000141596554719493,5,18,"warband, legion, scythes, tearers, sorcerer",0.678813099861145
Sorot Tchure,2.5788616893516356e-05,9.362573743187201e-05,38,13,"ultramarines, calth, bearers, macragge, sergeant",0.6878842711448669
Mortis Metalikus,0.0,0.00011798634443864254,7,18,"warband, legion, scythes, tearers, sorcerer",0.4797690808773041
Soifa,0.0,4.8812633334746964e-05,40,1,"sisters, sororitas, canoness, sister, adepta",0.7483828663825989
Iacono,0.0,8.491117128625524e-05,40,6,"wolves, fenris, pack, priest, prospero",0.6378929018974304
Boreas (Dark Angel),0.0004938281605243281,0.00011750255068438396,7,18,"warband, legion, scythes, tearers, sorcerer",0.3851705491542816
Zso Sahaal,0.0013656275922587014,0.00010304626302471722,37,8,"legion, primarch, terra, m30, angels",0.6400119662284851
Mannon,0.0,0.0003213454887575794,7,18,"warband, legion, scythes, tearers, sorcerer",0.5937970876693726
Great Inventor,0.00023465211459754436,8.107062233275874e-05,37,26,"tzeentch, nurgle, khorne, slaanesh, angels",0.3120979070663452
Borchu,2.7285129604365623e-06,0.000124482836456763,10,28,"scars, white, legion, brotherhood, garmon",0.5394695401191711
Gaelos,0.0,0.00014959880376847352,35,22,"terra, lords, ecclesiarchy, admiral, indomitus",0.7135695219039917
Camanio,0.0,4.8812633334746964e-05,23,16,"primarch, legion, angels, terra, caliban",0.5265501141548157
Arkhas Fal,0.00022783083219645296,7.449136809206731e-05,8,8,"legion, primarch, terra, m30, angels",0.5232194662094116
Marduk,0.0,4.8812633334746964e-05,38,8,"legion, primarch, terra, m30, angels",0.6197683811187744
Vethorel,0.0,0.00015146268887284694,45,3,"mechanicum, mars, mechanicus, fabricator, tech",0.4063866138458252
Faffnr Bludbroder,0.0,4.8812633334746964e-05,40,16,"primarch, legion, angels, terra, caliban",0.5327304005622864
Aedir,0.0,4.8812633334746964e-05,40,23,"thousand, wolves, legion, prospero, sorcerer",0.3705984354019165
Jost von Marburg,0.0,0.00020691122455669577,44,3,"mechanicum, mars, mechanicus, fabricator, tech",0.6295536756515503
Tavian,0.0,6.336365665773972e-05,9,10,"fists, legion, terra, fist, phalanx",0.40897345542907715
Sanguinius,0.03141461046320664,0.011551938958681033,21,8,"legion, primarch, terra, m30, angels",0.6081612706184387
Taldeer,0.0017651023013467752,0.00043054750205486267,26,21,"eldar, craftworld, iyanden, ynnari, commorragh",0.5943759679794312
Vidos Harn,0.0,8.254866599398554e-05,17,10,"fists, legion, terra, fist, phalanx",0.8727518320083618
Ekit Skarl,0.00011391541609822648,6.707503387334211e-05,10,26,"tzeentch, nurgle, khorne, slaanesh, angels",0.4932469427585602
Strybjorn Grimskull,0.0,0.00040226163504143486,40,6,"wolves, fenris, pack, priest, prospero",0.6519482135772705
Bastalek Grim,0.0,0.00010911045001897253,37,15,"angels, legion, caliban, chaplain, sergeant",0.38319677114486694
Pask,0.0,0.0001430053207809608,49,12,"cadian, regiment, general, legion, cadia",0.43005669116973877
Seydon,0.0,0.0001557104108304326,5,12,"cadian, regiment, general, legion, cadia",0.647445559501648
Abel Tonnhauser,0.0,8.491117128625524e-05,22,12,"cadian, regiment, general, legion, cadia",0.7218799591064453
Kalhin,0.0,4.8812633334746964e-05,38,19,"custodes, terra, companions, shield, vengeful",0.729829728603363
Dolan Chirosius,0.0,0.00016585969156068388,38,22,"terra, lords, ecclesiarchy, admiral, indomitus",
Leandros,0.000883615397189517,0.0004844327522960782,9,13,"ultramarines, calth, bearers, macragge, sergeant",0.4996950030326843
Valdar Aurikon,0.0,7.718451978123144e-05,7,27,"knights, grey, brotherhood, armageddon, primarch",0.2785407602787018
Wenlocke,0.0,0.00013049054168871868,38,13,"ultramarines, calth, bearers, macragge, sergeant",0.6635656356811523
Traitors of the Loyalist Chapters,0.0,4.8812633334746964e-05,9,8,"legion, primarch, terra, m30, angels",0.2931485176086426
Uculir,0.0,8.436405813283497e-05,5,5,"tanith, regiment, trooper, colonel, commissar",0.6729534268379211
Osyth,1.3642564802182811e-06,9.41378530335388e-05,1,1,"sisters, sororitas, canoness, sister, adepta",0.6860315203666687
Honfler,0.0009113233287858119,0.0003632833040548584,1,12,"cadian, regiment, general, legion, cadia",0.7397560477256775
Kaligius,0.0,0.0005259466398702473,12,11,"farsight, house, trader, rogue, knights",0.5593797564506531
Hastur Sejanus,0.0007807468172528889,0.0007763687641495242,45,8,"legion, primarch, terra, m30, angels",0.6663418412208557
Xarl,0.00022783083219645296,8.653440756894261e-05,37,9,"legion, eaters, warband, khorne, dreadnought",0.6263127326965332
Petronius Nero,0.0,4.8812633334746964e-05,9,13,"ultramarines, calth, bearers, macragge, sergeant",0.6073848605155945
Arno Trevan,0.0,0.0002434484014894636,42,27,"knights, grey, brotherhood, armageddon, primarch",0.5121031403541565
Horus Lupercal,0.01849026598452162,0.003226001375237502,45,8,"legion, primarch, terra, m30, angels",0.6614241600036621
Yvain,0.0,0.00010911045001897253,37,26,"tzeentch, nurgle, khorne, slaanesh, angels",0.8436374664306641
Uriel Dios,0.0,4.8812633334746964e-05,9,13,"ultramarines, calth, bearers, macragge, sergeant",0.4897589385509491
Nerva,0.0,0.0001241954171661178,41,13,"ultramarines, calth, bearers, macragge, sergeant",
Braden Baskevyl,0.0,4.8812633334746964e-05,5,5,"tanith, regiment, trooper, colonel, commissar",0.4536922872066498
Tyrus (Lieutenant),6.821282401091406e-06,0.0007720993721570179,12,13,"ultramarines, calth, bearers, macragge, sergeant",0.5694022178649902
Leonides,0.0,0.00014885188506842434,40,20,"deathwatch, team, watch, sergeant, xenos",0.8252391815185547
Bragg,0.0022309171238798966,0.00042547702571335474,5,5,"tanith, regiment, trooper, colonel, commissar",0.563239336013794
Ozmac,0.0,0.00012893270688143956,5,4,"vervunhive, tanith, regiment, commissar, colonel",0.7954063415527344
Skalagrim Phar,0.0,0.00032436865495237224,1,16,"primarch, legion, angels, terra, caliban",0.4579227566719055
Velope,0.0,7.274401626824753e-05,12,12,"cadian, regiment, general, legion, cadia",0.8153985738754272
Taras Balt,1.3642564802182811e-06,0.00014382894073373617,45,24,"legion, regiment, general, colonel, worlds",0.7961500287055969
Gereon (Chaplain),0.0,0.001047128041485537,5,13,"ultramarines, calth, bearers, macragge, sergeant",
Absalom Angevin,0.0,0.00011934378543321207,25,7,"ordo, retinue, xenos, malleus, inquisition",0.5598944425582886
Malvine Rhemell,0.0,0.0002736968468721257,7,15,"angels, legion, caliban, chaplain, sergeant",0.692057728767395
Thirianna,0.0,0.0001331054172827123,49,21,"eldar, craftworld, iyanden, ynnari, commorragh",0.6968683004379272
Rayko Solomus,0.0,4.8812633334746964e-05,22,2,"salamanders, legion, primarch, chaplain, massacre",0.47486165165901184
Calivar,0.0,9.924452247847884e-05,45,25,"templars, marshal, armageddon, orks, dreadnought",0.6723079681396484
Amhot,0.0,6.956273588508804e-05,40,23,"thousand, wolves, legion, prospero, sorcerer",0.3239019513130188
Cheffers,0.0,4.8812633334746964e-05,5,5,"tanith, regiment, trooper, colonel, commissar",0.4597300589084625
Makov Quavarian,0.0,6.956273588508804e-05,39,3,"mechanicum, mars, mechanicus, fabricator, tech",0.3177109658718109
Beoth,0.0003566515913836779,0.00011297564687485786,19,0,"legion, council, massacre, 220px, isstvan",0.561747670173645
Noxx,5.735307696964909e-05,6.87025755938282e-05,21,15,"angels, legion, caliban, chaplain, sergeant",0.40754175186157227
Yoncy Kolea,0.0,0.0006808507149483954,5,4,"vervunhive, tanith, regiment, commissar, colonel",0.6911275386810303
Severus I,0.0,0.000141596554719493,38,22,"terra, lords, ecclesiarchy, admiral, indomitus",0.42668694257736206
Vivica Sautine,0.0,4.8812633334746964e-05,16,12,"cadian, regiment, general, legion, cadia",0.4925471246242523
Constantine Credo,0.0,0.0001273388513714279,35,14,"necromunda, dynasty, house, necron, bounty",0.7626562118530273
Ashur-Kai Qezremah,0.0,0.0002788148290173111,45,23,"thousand, wolves, legion, prospero, sorcerer",0.5657572746276855
Gael Harden,0.0,0.0001449840393285135,7,12,"cadian, regiment, general, legion, cadia",0.5659632682800293
Vulle,0.0,4.8812633334746964e-05,5,24,"legion, regiment, general, colonel, worlds",0.7561004161834717
Skulidas Gehrerg,0.0,0.00014967641162221074,45,20,"deathwatch, team, watch, sergeant, xenos",0.37722140550613403
Caeon,0.002342428376534789,0.0007249494793482481,20,29,"drinkers, soul, fort, star, archmagos",0.7168763875961304
Trastevere,0.0,0.00010042959771822861,1,16,"primarch, legion, angels, terra, caliban",0.5167479515075684
Janipur,0.0,0.0003970666056271461,45,24,"legion, regiment, general, colonel, worlds",0.886504054069519
Jubal Khan (Heresy),0.00014037368581379148,0.0005215596724272543,23,28,"scars, white, legion, brotherhood, garmon",0.6278152465820312
Glutt,0.0013778990450204638,0.0002957090553166486,30,12,"cadian, regiment, general, legion, cadia",0.6826992034912109
Mordrac,0.0,4.8812633334746964e-05,1,20,"deathwatch, team, watch, sergeant, xenos",0.39447611570358276
Myndia Helmawr,0.0021964529331514326,0.000251003369487894,35,14,"necromunda, dynasty, house, necron, bounty",0.7647339105606079
Gendor Skraivok,0.0030541669211341296,0.00090284133485046,37,8,"legion, primarch, terra, m30, angels",0.5511314868927002
Karl (Space Wolves),0.0,6.610438546003119e-05,40,6,"wolves, fenris, pack, priest, prospero",0.8404967784881592
Cornelius Lavaslar Antrecht,0.0,0.000141596554719493,37,7,"ordo, retinue, xenos, malleus, inquisition",0.5856635570526123
Decius XXIII,0.001051169687658731,0.0003515611682864575,38,7,"ordo, retinue, xenos, malleus, inquisition",0.575382649898529
Macha,0.0009521359023376171,0.0006868018853728331,26,18,"warband, legion, scythes, tearers, sorcerer",0.5174044966697693
Bephael,0.0,8.232516943753706e-05,21,15,"angels, legion, caliban, chaplain, sergeant",0.6961669921875
Ilkhan,0.0,8.491117128625524e-05,10,28,"scars, white, legion, brotherhood, garmon",0.8132535815238953
Karandras,0.0004128053876326313,0.0006106030781631731,49,21,"eldar, craftworld, iyanden, ynnari, commorragh",0.6620966792106628
D'Armitage,0.0,9.202398807523686e-05,13,24,"legion, regiment, general, colonel, worlds",
Beyreuth,0.0,4.8812633334746964e-05,22,22,"terra, lords, ecclesiarchy, admiral, indomitus",0.588921844959259
Junor,0.0,4.8812633334746964e-05,27,13,"ultramarines, calth, bearers, macragge, sergeant",0.5474839210510254
Tauramacchis Ossian,0.00045839017735334244,0.0008189487313914848,6,0,"legion, council, massacre, 220px, isstvan",0.5723965764045715
Al'rahem,0.0,0.000141596554719493,5,12,"cadian, regiment, general, legion, cadia",0.41349196434020996
Astor Sabbathiel,0.0006637154869835091,0.0003428575116413662,19,7,"ordo, retinue, xenos, malleus, inquisition",0.47017568349838257
Kar-Gatharr,0.000575147651180099,0.0002498533218822179,38,9,"legion, eaters, warband, khorne, dreadnought",0.604660153388977
Morr,1.6371077762619373e-06,0.00010085746206519686,49,21,"eldar, craftworld, iyanden, ynnari, commorragh",0.6453399658203125
Farith Redloss,0.0004379286260726202,0.0002801849178466722,37,8,"legion, primarch, terra, m30, angels",0.6367430090904236
Lederon,0.0,4.8812633334746964e-05,7,15,"angels, legion, caliban, chaplain, sergeant",0.5827661156654358
Dorian (Dreadnought),0.0,0.0003913227798847284,46,13,"ultramarines, calth, bearers, macragge, sergeant",0.9318311810493469
Eos Ritira,0.0,7.283759937677531e-05,17,22,"terra, lords, ecclesiarchy, admiral, indomitus",0.5732531547546387
Sarren,0.0,0.00020214818329261747,6,12,"cadian, regiment, general, legion, cadia",0.6875014305114746
Litus,0.00022783083219645296,0.0004014103134384652,45,24,"legion, regiment, general, colonel, worlds",0.886504054069519
Yaghterai,0.0,7.122810319502e-05,42,28,"scars, white, legion, brotherhood, garmon",0.5741255283355713
Nathaniel Garro,0.004423365757844054,0.002483411444773649,45,8,"legion, primarch, terra, m30, angels",0.5682592988014221
Gladden,0.0,4.8812633334746964e-05,16,24,"legion, regiment, general, colonel, worlds",0.37823721766471863
Merrt,0.0,0.00011024025989851595,5,5,"tanith, regiment, trooper, colonel, commissar",0.7699839472770691
Xan Ekosa,0.0,4.8812633334746964e-05,1,16,"primarch, legion, angels, terra, caliban",0.42836523056030273
Perturabo,0.00799731301379371,0.004965102150448631,9,8,"legion, primarch, terra, m30, angels",0.643379271030426
Angron,0.027518347487423697,0.00976909789587277,42,8,"legion, primarch, terra, m30, angels",0.5579074621200562
Demetrius Katafalque,0.0,6.264603503497435e-05,36,19,"custodes, terra, companions, shield, vengeful",0.4789365530014038
Nephreth,0.00022783083219645296,0.00023849470768520838,32,14,"necromunda, dynasty, house, necron, bounty",0.7413275241851807
Leonos,0.0,7.909254973230028e-05,14,15,"angels, legion, caliban, chaplain, sergeant",0.7039459347724915
Valerian,0.0,4.8812633334746964e-05,17,19,"custodes, terra, companions, shield, vengeful",0.5777360796928406
Tiberius Angellus Anteus,9.866693492976835e-05,6.855044810068952e-05,42,9,"legion, eaters, warband, khorne, dreadnought",0.6357156038284302
Sin,0.0034058483699250597,0.00037147545064535216,5,12,"cadian, regiment, general, legion, cadia",0.547595202922821
Gregor Vash,0.0,9.882903758535812e-05,26,17,"ravens, eldar, seed, tau, legion",0.6920218467712402
Ortan Cassius,0.0,0.0003854500308451083,9,13,"ultramarines, calth, bearers, macragge, sergeant",0.6638044714927673
Adrax Agatone,0.0,8.477902788241472e-05,22,2,"salamanders, legion, primarch, chaplain, massacre",0.6487330198287964
Sanctimus,0.0,8.132193405091439e-05,42,20,"deathwatch, team, watch, sergeant, xenos",0.7679474949836731
Daenyathos,0.0,0.0003066097933793371,33,29,"drinkers, soul, fort, star, archmagos",0.4192616045475006
Numetor,0.0,4.8812633334746964e-05,38,24,"legion, regiment, general, colonel, worlds",0.7296891808509827
Lukas (Intercessor),0.0,0.0001533232633503175,9,6,"wolves, fenris, pack, priest, prospero",0.6370989084243774
Taerwelt Ikasati,0.0,9.102186079206842e-05,21,15,"angels, legion, caliban, chaplain, sergeant",0.6013453602790833
Nihilus (Dreadnought),0.0,4.8812633334746964e-05,22,20,"deathwatch, team, watch, sergeant, xenos",0.5534677505493164
Sartok,0.0,4.8812633334746964e-05,7,26,"tzeentch, nurgle, khorne, slaanesh, angels",0.5397441387176514
Tsutomu,0.0,4.8812633334746964e-05,45,19,"custodes, terra, companions, shield, vengeful",0.6125315427780151
Zarghan Ironfist,0.000267088686322305,8.717786179224633e-05,30,18,"warband, legion, scythes, tearers, sorcerer",0.5605579018592834
Kayex-8,0.0,0.00012029347938100612,15,3,"mechanicum, mars, mechanicus, fabricator, tech",0.6030240058898926
Lucretius Corvo,0.0,9.126213460104753e-05,38,13,"ultramarines, calth, bearers, macragge, sergeant",0.5400689840316772
Terrias Null,0.0,0.00018462748208785147,26,17,"ravens, eldar, seed, tau, legion",0.8210318684577942
Ehrlen,0.0,7.258250747599996e-05,42,8,"legion, primarch, terra, m30, angels",0.6236869692802429
Salpo,0.0,4.8812633334746964e-05,10,28,"scars, white, legion, brotherhood, garmon",0.5605406165122986
Sarlock,0.0,0.00010911045001897253,1,0,"legion, council, massacre, 220px, isstvan",0.7987532019615173
Angra Mainyu,0.0,0.00019866283812911074,38,13,"ultramarines, calth, bearers, macragge, sergeant",0.6398967504501343
Alaric,0.0,0.0006898000262452696,48,27,"knights, grey, brotherhood, armageddon, primarch",0.5329768657684326
Ogutai,0.0,0.00017408265942001348,23,28,"scars, white, legion, brotherhood, garmon",0.7009844779968262
Galan,0.0,0.00020778811411014276,26,17,"ravens, eldar, seed, tau, legion",0.5292314291000366
Cephesus (Asmodai),0.0,9.417499599516514e-05,7,7,"ordo, retinue, xenos, malleus, inquisition",0.5577201843261719
Corbulo,0.00022783083219645296,0.0002757650741735703,21,26,"tzeentch, nurgle, khorne, slaanesh, angels",0.3592824339866638
Jehnnus Ardias,0.0,6.68619023105011e-05,27,13,"ultramarines, calth, bearers, macragge, sergeant",0.4604945182800293
Price,0.0,0.00038939303212171694,36,24,"legion, regiment, general, colonel, worlds",0.7410160303115845
Altareus,0.0,7.712454783825163e-05,9,12,"cadian, regiment, general, legion, cadia",0.5860722064971924
Lydon,0.0,0.0002816712560436286,17,10,"fists, legion, terra, fist, phalanx",0.7215452194213867
Imotekh,0.0001663988765837247,0.00032996436702083465,32,14,"necromunda, dynasty, house, necron, bounty",0.43920236825942993
Narvo Quin,0.0003404122370727608,0.00011947786264734148,1,8,"legion, primarch, terra, m30, angels",0.48958778381347656
Fadix,0.0,0.0005015041186696993,17,22,"terra, lords, ecclesiarchy, admiral, indomitus",0.6166783571243286
Kregga Longtooth,0.0,4.8812633334746964e-05,40,6,"wolves, fenris, pack, priest, prospero",0.4623072147369385
Kheradruakh,0.0,0.00018360637361669537,49,21,"eldar, craftworld, iyanden, ynnari, commorragh",0.4847886562347412
Akilios Zanaris,0.0,7.136849259054419e-05,38,25,"templars, marshal, armageddon, orks, dreadnought",0.46556270122528076
Felicia Tayber,0.0,8.506213846911097e-05,16,1,"sisters, sororitas, canoness, sister, adepta",0.48670196533203125
Brêac,0.0,0.00010558503464656764,6,13,"ultramarines, calth, bearers, macragge, sergeant",0.5185700058937073
Vosto Kurnan,0.0,6.264603503497435e-05,22,12,"cadian, regiment, general, legion, cadia",0.5369974970817566
Styrbjorn Flinteye,0.0,8.491117128625524e-05,42,6,"wolves, fenris, pack, priest, prospero",0.6734908223152161
Menkaura,2.0842807336668186e-06,0.0002864610171853722,22,23,"thousand, wolves, legion, prospero, sorcerer",0.5505927205085754
Priad,0.0007544748484910306,0.0010055861572696384,5,12,"cadian, regiment, general, legion, cadia",0.43900707364082336
Darke,0.0,0.0002120148627529005,40,21,"eldar, craftworld, iyanden, ynnari, commorragh",0.747299075126648
Iskandar Khayon,0.008499561369243118,0.0016652596147231971,45,8,"legion, primarch, terra, m30, angels",0.5248463749885559
Skander Bloody-axe,0.0,4.8812633334746964e-05,40,6,"wolves, fenris, pack, priest, prospero",0.5717617273330688
Cassus Mirhen,0.0,0.0002549318925893283,36,10,"fists, legion, terra, fist, phalanx",0.39318716526031494
Rufarel,0.0,9.437988499076723e-05,37,16,"primarch, legion, angels, terra, caliban",0.7323607206344604
Ferox (Black Legion),0.0,0.00018300919469815778,28,20,"deathwatch, team, watch, sergeant, xenos",0.5882164835929871
Njal Stormcaller,0.0,0.0004363324322776915,40,6,"wolves, fenris, pack, priest, prospero",0.5065707564353943
Moritan Callen,0.0,4.8812633334746964e-05,1,11,"farsight, house, trader, rogue, knights",0.5754175782203674
Prince of Corpseblooms,0.0,0.00010526754302971147,49,26,"tzeentch, nurgle, khorne, slaanesh, angels",0.5877509117126465
Heliosa-78,0.0,0.00013078796512847285,45,16,"primarch, legion, angels, terra, caliban",0.4302935004234314
Amlodhi Skarssen Skarssensson,0.0,6.544776299934941e-05,22,6,"wolves, fenris, pack, priest, prospero",0.6234790682792664
Basilio Fo,0.00014774210708384236,0.0008018652191443215,45,8,"legion, primarch, terra, m30, angels",0.468269020318985
Iven Rannick,0.0,0.000683728185127529,15,7,"ordo, retinue, xenos, malleus, inquisition",0.6648485660552979
Hol Beloth,0.00017687401661884501,0.00014033151443107743,38,8,"legion, primarch, terra, m30, angels",0.6418318748474121
Aegir (Grey Knights),0.0004556616643929059,0.00010372244660096302,45,27,"knights, grey, brotherhood, armageddon, primarch",0.6041184663772583
Eurykidas DeMartos,0.0,4.8812633334746964e-05,42,24,"legion, regiment, general, colonel, worlds",0.36926525831222534
Luthor Dvorgin,0.0,4.8812633334746964e-05,38,9,"legion, eaters, warband, khorne, dreadnought",0.6135934591293335
Selkar Fang,0.0,0.00014988026976714837,39,11,"farsight, house, trader, rogue, knights",0.7311504483222961
Ezekiel (Captain),0.0,0.001219331604850553,7,29,"drinkers, soul, fort, star, archmagos",
Kael Helmawr,0.0021855388813096866,0.00023386541009819245,35,14,"necromunda, dynasty, house, necron, bounty",0.5605930685997009
Loemid,0.0,4.8812633334746964e-05,45,10,"fists, legion, terra, fist, phalanx",0.6293168067932129
Suth,0.0,4.8812633334746964e-05,5,5,"tanith, regiment, trooper, colonel, commissar",0.52671879529953
Mansirius Thracian,0.0,4.8812633334746964e-05,3,18,"warband, legion, scythes, tearers, sorcerer",0.6510890126228333
Bartelo,0.0,4.8812633334746964e-05,14,15,"angels, legion, caliban, chaplain, sergeant",0.7171063423156738
Unithrax,5.841828425254885e-05,0.00012077189854341696,45,24,"legion, regiment, general, colonel, worlds",0.447955846786499
Decurius,0.0,0.0001313957871969529,7,20,"deathwatch, team, watch, sergeant, xenos",
Divolio,0.0,4.8812633334746964e-05,42,20,"deathwatch, team, watch, sergeant, xenos",0.7023460865020752
Gharvil,0.0,0.00019885944473648843,42,20,"deathwatch, team, watch, sergeant, xenos",
Blinky,3.4277801010509577e-06,0.00013257839999885446,35,7,"ordo, retinue, xenos, malleus, inquisition",0.4043283462524414
Conoe,0.0,5.6871260115091336e-05,33,12,"cadian, regiment, general, legion, cadia",0.6024144887924194
Catritheyn,0.0,4.8812633334746964e-05,47,11,"farsight, house, trader, rogue, knights",0.49119478464126587
Black Lion (Daemon Prince),0.0,0.000141596554719493,37,26,"tzeentch, nurgle, khorne, slaanesh, angels",0.6667366027832031
Rukhsana Saiid,0.0,4.8812633334746964e-05,47,24,"legion, regiment, general, colonel, worlds",0.6236292123794556
Saphentis,0.0,0.00020889782100682946,48,3,"mechanicum, mars, mechanicus, fabricator, tech",0.5538257360458374
Octavius Rabelaq,0.0,0.00017457880436716727,9,13,"ultramarines, calth, bearers, macragge, sergeant",
Ulfreyr Ketilsson,0.0,5.806098816946955e-05,40,6,"wolves, fenris, pack, priest, prospero",0.7022790908813477
Fafnir Rann,0.005122927336855014,0.0013643177440501712,21,8,"legion, primarch, terra, m30, angels",0.5442034006118774
Niora Su-Kassen,0.0002965301656914992,0.0003050713847193774,37,16,"primarch, legion, angels, terra, caliban",0.5825380086898804
Grigori Maldor,0.0,7.924350526759334e-05,4,0,"legion, council, massacre, 220px, isstvan",
Bannon,0.00022783083219645296,0.0001647903431470141,9,13,"ultramarines, calth, bearers, macragge, sergeant",0.5819851160049438
Livy Kolea,0.0,0.0009401648908610185,5,4,"vervunhive, tanith, regiment, commissar, colonel",0.538129985332489
Maruuk,0.0,0.00020983345839319643,42,12,"cadian, regiment, general, legion, cadia",0.6482324004173279
Interfector,0.0,4.8812633334746964e-05,23,16,"primarch, legion, angels, terra, caliban",0.5735043287277222
Korss,0.0,4.8812633334746964e-05,6,24,"legion, regiment, general, colonel, worlds",0.39731669425964355
Emith,0.0,4.8812633334746964e-05,5,24,"legion, regiment, general, colonel, worlds",0.7549324035644531
Valestis,0.0,6.264603503497435e-05,26,17,"ravens, eldar, seed, tau, legion",0.7589913606643677
Kleopas,0.0,6.139286637425917e-05,5,24,"legion, regiment, general, colonel, worlds",0.5581163167953491
Xyrokles,0.0,0.00018368829991196394,23,28,"scars, white, legion, brotherhood, garmon",0.5610977411270142
Warmund,0.0,7.527064927340917e-05,33,12,"cadian, regiment, general, legion, cadia",0.40112388134002686
Sarancos,0.0,4.8812633334746964e-05,1,9,"legion, eaters, warband, khorne, dreadnought",0.4916955828666687
Amendera Kendel,0.00048798880420523243,0.000315677807659774,45,1,"sisters, sororitas, canoness, sister, adepta",0.5107778310775757
Corvin Severax,0.0,0.0002545909558505906,10,24,"legion, regiment, general, colonel, worlds",0.5837098360061646
Mordeghai,0.0,4.8812633334746964e-05,18,23,"thousand, wolves, legion, prospero, sorcerer",0.48343101143836975
Mandulis,0.0,0.0002429777986356007,48,27,"knights, grey, brotherhood, armageddon, primarch",0.5478588342666626
Bresnik,0.0,0.00012182766080349624,9,20,"deathwatch, team, watch, sergeant, xenos",0.7959170341491699
Noa Vadim,0.0,0.00014607436309245413,5,4,"vervunhive, tanith, regiment, commissar, colonel",0.567064106464386
Xagramothis,0.0,0.0001874900362297615,38,18,"warband, legion, scythes, tearers, sorcerer",0.3745732307434082
Shae,0.0,0.00012197477213191034,45,19,"custodes, terra, companions, shield, vengeful",0.5127532482147217
Graft,0.0,0.000342114934858406,45,8,"legion, primarch, terra, m30, angels",0.5995311737060547
Galenus (Deathwatch),0.0,0.00011758188972836322,9,20,"deathwatch, team, watch, sergeant, xenos",
Helbrant Alderic,0.00022783083219645296,0.00015382004897944738,36,10,"fists, legion, terra, fist, phalanx",0.600921630859375
Mentep,0.002124147339699864,0.0003204556281913619,32,14,"necromunda, dynasty, house, necron, bounty",0.717420756816864
Zabriel,0.0004556616643929059,0.0010677217576236346,37,15,"angels, legion, caliban, chaplain, sergeant",0.47662022709846497
Vassukella,0.0,0.00012959761498866065,37,26,"tzeentch, nurgle, khorne, slaanesh, angels",0.20467597246170044
Ackolon,0.0,9.046316145123602e-05,6,25,"templars, marshal, armageddon, orks, dreadnought",0.7205982804298401
Gorok,0.0,4.8812633334746964e-05,16,9,"legion, eaters, warband, khorne, dreadnought",0.49091848731040955
Gervhart,0.0,7.909254973230028e-05,6,25,"templars, marshal, armageddon, orks, dreadnought",0.6356053948402405
Priest-King of Maulland Sen,0.0,5.7112674354883395e-05,45,18,"warband, legion, scythes, tearers, sorcerer",0.40063220262527466
Mandreth,0.0,5.451844167183984e-05,19,7,"ordo, retinue, xenos, malleus, inquisition",0.6528332233428955
Macrinus,0.0,4.8812633334746964e-05,9,13,"ultramarines, calth, bearers, macragge, sergeant",0.5043746829032898
Nirun,0.0,9.671881431865979e-05,23,9,"legion, eaters, warband, khorne, dreadnought",0.5527205467224121
Trazyn,0.00258075911128435,0.00021792128123509718,1,14,"necromunda, dynasty, house, necron, bounty",0.45740753412246704
Harahel,0.0,9.139129667853229e-05,21,6,"wolves, fenris, pack, priest, prospero",0.5776438117027283
Lannus,0.0,6.873224535250592e-05,10,12,"cadian, regiment, general, legion, cadia",0.608684241771698
Dreagh'or,0.0,4.8812633334746964e-05,42,27,"knights, grey, brotherhood, armageddon, primarch",0.5289164781570435
Agrippan,0.0,6.631916342117399e-05,9,13,"ultramarines, calth, bearers, macragge, sergeant",0.5822856426239014
Meros,0.0006407827494215861,0.0005282589280430118,21,8,"legion, primarch, terra, m30, angels",0.5748468041419983
Da'ka Jumoke,0.0,9.777029389522476e-05,21,18,"warband, legion, scythes, tearers, sorcerer",0.7485522627830505
Rephial,0.00022783083219645296,0.0001349218067132051,7,15,"angels, legion, caliban, chaplain, sergeant",0.485269159078598
Raguel,0.0,4.8812633334746964e-05,37,15,"angels, legion, caliban, chaplain, sergeant",0.47347795963287354
Ultas Kholka,0.0,0.00043413775314508137,10,28,"scars, white, legion, brotherhood, garmon",0.7184857130050659
Learchus Abantes,0.00011196168105638682,0.00028214517906383595,9,13,"ultramarines, calth, bearers, macragge, sergeant",0.4471997916698456
Liglis,0.0,5.7112674354883395e-05,5,5,"tanith, regiment, trooper, colonel, commissar",0.47897541522979736
Kara Swole,2.923406743324888e-06,0.0003596508869283941,25,7,"ordo, retinue, xenos, malleus, inquisition",0.49449241161346436
Myen O’Res,0.0,9.97404483980546e-05,10,22,"terra, lords, ecclesiarchy, admiral, indomitus",0.329034686088562
Garth,0.0,8.167796769666467e-05,5,5,"tanith, regiment, trooper, colonel, commissar",0.7898034453392029
Tyranus,0.0,0.000478158296093106,41,24,"legion, regiment, general, colonel, worlds",0.7963875532150269
Tahariel,0.0,0.00038898357353359017,44,13,"ultramarines, calth, bearers, macragge, sergeant",0.6121779084205627
Lokris,0.0,0.00012562168015242312,16,12,"cadian, regiment, general, legion, cadia",0.5928494930267334
Drazhar,0.0004256156900250128,0.0008104880741004272,49,21,"eldar, craftworld, iyanden, ynnari, commorragh",0.5137725472450256
Orrin,0.0,0.00012496670188707213,5,5,"tanith, regiment, trooper, colonel, commissar",0.7553539872169495
Banefail,0.0,4.8812633334746964e-05,5,4,"vervunhive, tanith, regiment, commissar, colonel",0.5608777403831482
Infurnace,0.0,4.8812633334746964e-05,40,6,"wolves, fenris, pack, priest, prospero",0.5710588693618774
Mollucos,0.0,4.8812633334746964e-05,23,26,"tzeentch, nurgle, khorne, slaanesh, angels",0.5230991244316101
Portan,0.0,4.8812633334746964e-05,38,22,"terra, lords, ecclesiarchy, admiral, indomitus",0.5804774761199951
Tristan Dare,0.0,9.03128384354291e-05,33,15,"angels, legion, caliban, chaplain, sergeant",0.40532976388931274
Bastarnae Abranxe,0.0,4.8812633334746964e-05,1,16,"primarch, legion, angels, terra, caliban",0.4290238320827484
Rovac,0.0,6.67662607084339e-05,46,24,"legion, regiment, general, colonel, worlds",0.27392563223838806
Gunnlaugur,3.1377899045020466e-05,0.0001998359005987521,40,6,"wolves, fenris, pack, priest, prospero",0.5647596716880798
Kor'sarro Khan,0.010658498660826406,0.001399634015374466,10,28,"scars, white, legion, brotherhood, garmon",0.4074839949607849
Eldon Urquidex,0.00020096126908691127,0.000433317977749846,36,3,"mechanicum, mars, mechanicus, fabricator, tech",0.6233533024787903
Jungus Helmawr,0.0,0.00020799221119047442,35,14,"necromunda, dynasty, house, necron, bounty",0.8238558173179626
Family Longsorrow,0.0,0.00010911045001897253,1,7,"ordo, retinue, xenos, malleus, inquisition",0.5492696762084961
Malithos Kuln,0.0,0.0001186401722350836,37,24,"legion, regiment, general, colonel, worlds",0.7256979942321777
Nabori,0.0,0.00013148449308858148,42,20,"deathwatch, team, watch, sergeant, xenos",0.7297173142433167
Baldur Kord,0.0,4.8812633334746964e-05,9,10,"fists, legion, terra, fist, phalanx",0.5218192338943481
Zek Tsu'gan,1.3642564802182811e-06,0.00011022637880669925,22,2,"salamanders, legion, primarch, chaplain, massacre",0.5999932289123535
Dark Father,0.0,0.0003413405618539883,49,21,"eldar, craftworld, iyanden, ynnari, commorragh",0.7635693550109863
Gorst Ursa,0.0,0.00013257839999885446,35,14,"necromunda, dynasty, house, necron, bounty",0.5599110126495361
DeVie,0.0,4.8812633334746964e-05,45,3,"mechanicum, mars, mechanicus, fabricator, tech",0.47595369815826416
Heito Rogen,0.0,4.8812633334746964e-05,40,7,"ordo, retinue, xenos, malleus, inquisition",0.5517600774765015
Hathor Maat,0.00022664379159082184,0.0004121504521887546,22,8,"legion, primarch, terra, m30, angels",0.5266963839530945
Arkhor,0.0,6.811730941704556e-05,42,9,"legion, eaters, warband, khorne, dreadnought",0.5238226056098938
DeRall,0.0,5.9187684609917504e-05,45,16,"primarch, legion, angels, terra, caliban",0.4655429720878601
Palmarius,0.0,4.8812633334746964e-05,26,17,"ravens, eldar, seed, tau, legion",0.6172935962677002
Hrothvyr Runescar,0.0,0.000368008506070426,40,6,"wolves, fenris, pack, priest, prospero",0.5040247440338135
Vastael,0.00013162495747476682,9.086194642824277e-05,37,15,"angels, legion, caliban, chaplain, sergeant",0.6253808736801147
Bokari,0.0,0.0001361264230971614,3,11,"farsight, house, trader, rogue, knights",0.627135157585144
Certes,0.0,8.491117128625524e-05,22,24,"legion, regiment, general, colonel, worlds",0.7666443586349487
Astorath,0.004233287858117326,0.00025007602670238283,21,15,"angels, legion, caliban, chaplain, sergeant",0.4805137813091278
Vakillar U'riss,0.0,7.909254973230028e-05,49,21,"eldar, craftworld, iyanden, ynnari, commorragh",0.515903890132904
Batbayar Khan,0.0,0.00013483022064545957,10,28,"scars, white, legion, brotherhood, garmon",0.6645675897598267
Benthlay,0.0,0.0001638662585872232,5,11,"farsight, house, trader, rogue, knights",0.19149503111839294
Slaughterman,0.0,8.610543521567299e-05,9,26,"tzeentch, nurgle, khorne, slaanesh, angels",0.532762348651886
Hlaine Larkin,0.0031104322893592286,0.0006718025574464091,5,5,"tanith, regiment, trooper, colonel, commissar",0.4740699231624603
Draco,0.0002251023192360164,6.877675343575498e-05,6,25,"templars, marshal, armageddon, orks, dreadnought",0.5405007600784302
Azariah Kyras,0.0031105991483516113,0.0009475811363815606,26,17,"ravens, eldar, seed, tau, legion",0.6597331762313843
Elianu Trajan,0.0,4.8812633334746964e-05,9,13,"ultramarines, calth, bearers, macragge, sergeant",0.5599462389945984
Auric Stormcloud,0.003877216916780355,0.0003673286852204883,30,26,"tzeentch, nurgle, khorne, slaanesh, angels",0.41803160309791565
